"","Km1_CO2","Km2_HCO3","Km2_PEP","Km6_CO2","Km6_O2","Km6_RuBP","Km7_PGA","Km10_DHAP","Km10_GAP","Km12_DHAP","Km12_E4P","Km14_GAP","Km15_GAP","Ki18_Pi","Km18_ATP","Km18_Ru5P","Km33_NADP","Ki57","Vm2y22","Vm3y22","Vm4y22","Vm5y22","Vm6y22","Vm7_8y22","Vm12y22","Jmaxy22","Vm33y22","Vm35Mc_OAAy22","KaRac","tao_ActRubisco","Perm_CO2","gm","BBslope","MRd","Vm2y23","Vm3y23","Vm4y23","Vm5y23","Vm6y23","Vm7_8y23","Vm12y23","Jmaxy23","Vm33y23","Vm35Mc_OAAy23"
"SSA_00002",2.96216025118841,0.0427842015443955,0.129863334928761,0.010690950161126,0.260102204137682,0.0218736646476688,4.70369121895299,0.674492145534593,0.0527582290626895,0.477699345597613,0.212709237835605,0.113502930818335,0.0873343192024247,6.30325474367943,0.695494983448806,0.0450531292241027,0.0431969601079209,0.126818637905055,0.115086823677725,0.0803634241529396,0.0839141666191954,0.0764483081876566,0.0975877736529534,0.601103145671338,0.108839744302583,0.959192799283001,0.236421129588646,0.0951373038664327,11.9845921385594,248.142341536146,0.116569976463619,3.06383059627167,3.0950146274278,1.51368317003756,0.141038206914897,0.103774816535934,0.0736076174573676,0.0664250503715991,0.0585742183346929,0.430470876709924,0.0776680628086752,0.529404606393644,0.190405042252651,0.101641339348446
"SSA_00011",3.61419971883416,0.0429237424648925,0.129866290230192,0.0139639517789058,0.260096378878453,0.0218730702553092,4.70350164232602,0.67451235189115,0.0527573662199229,0.477671688213259,0.212711731652784,0.113504607491105,0.0864946311836539,6.41555178269702,0.695465449894173,0.0452633518717221,0.0431973374376177,0.152755729022843,0.115083802586711,0.0803631087684821,0.0728869875739684,0.0764467628539728,0.0975886270149197,0.601104195314429,0.108841744349487,0.717419740931734,0.236419635944757,0.0951333218742351,11.9845698909337,248.141204725209,0.116813997599381,3.19646017674087,3.07323838267793,1.64736425389901,0.141038570875503,0.1037735792847,0.071673150606855,0.0664272414230228,0.0585739047371464,0.430468184336355,0.109052342281985,0.494045775653301,0.164627132709213,0.101561361800785
"SSA_00012",3.27448337817229,0.0295709545532223,0.129865560892828,0.0144414607597079,0.2600995695768,0.0218729669146478,4.70365683100888,0.674500750874624,0.0527577789531004,0.477672195976984,0.212708425484258,0.113502524951444,0.0903046651265164,6.24170293374383,0.695493196488001,0.0453270350198052,0.0431967157910414,0.14786655593712,0.115084461640262,0.0803617379926975,0.0863903422163154,0.0764464404365763,0.0975907625157906,0.601100434427465,0.108840175405141,0.86945232298378,0.236419019983625,0.0951363991496175,11.9846740182382,248.143090897359,0.118247132574303,3.13685283429158,3.08151912867052,1.63767077482023,0.141042876468589,0.103774755279406,0.11325119767762,0.0664277475925428,0.0585753034524057,0.430467092754923,0.0859662132514765,0.557485949640661,0.192931810079392,0.10075505019698
"SSA_00014",3.28652894185002,0.0259067632598418,0.129867016361291,0.0140343014356146,0.260095960772686,0.0218731220546328,4.70364652621388,0.674503316815241,0.0527572032751308,0.477679557955694,0.212708431258256,0.113504954530449,0.0808393791602145,6.33835206299827,0.695477462129736,0.0464954918706102,0.0431963475562358,0.162584909503271,0.115085428715911,0.0803619132745704,0.0660958621575641,0.0764472134980571,0.0975899513306965,0.601093463269743,0.108839899725908,0.842112531175615,0.236417166313937,0.0951359037589569,11.984380607695,248.142232462259,0.115672442044226,3.18028766637169,3.07736388162966,1.63034815695842,0.141039583217442,0.103774569482215,0.0942096925144982,0.0664274474875382,0.0585734619240204,0.430466571755641,0.113289189403554,0.503683555020287,0.186351964747915,0.0960944083204354
"SSA_00015",NA,NA,NA,NA,NA,NA,NA,NA,NA,NA,NA,NA,NA,NA,NA,NA,NA,NA,NA,NA,NA,NA,NA,NA,NA,NA,NA,NA,NA,NA,NA,NA,NA,NA,NA,NA,NA,NA,NA,NA,NA,NA,NA,NA
"SSA_00016",3.06702525039862,0.0239104449401805,0.129869666560731,0.0128057110041226,0.260093672595954,0.0218729051491831,4.70357414333859,0.674498631157142,0.0527571659579331,0.477677428390411,0.212709062640427,0.113506138689605,0.084837783986725,6.34507798796989,0.695479406896994,0.0439802099124281,0.0431977120837106,0.169562376745635,0.115084092601395,0.080364797811609,0.0553063231540213,0.076447003559573,0.0975907160659589,0.601090579038981,0.10884257127995,0.756365089589729,0.236418003662667,0.095133962992768,11.9845612710836,248.142378698368,0.116862588573727,3.19711198254299,3.0740022215812,1.6701074471824,0.141038776950201,0.103776272166822,0.0846916908253816,0.0664282320505308,0.0585745689886279,0.43046695382756,0.112479737663819,0.456626461950267,0.232037645688131,0.0955902301673522
"SSA_00017",2.85627996319539,0.0266739615952357,0.129866809043477,0.0169671920426011,0.260100272068172,0.0218732192282857,4.70351176404144,0.67449880706953,0.0527580932060532,0.477672375453077,0.212708169884814,0.113504453548281,0.0844578457557123,6.05877795200968,0.695482573606526,0.0466079089978928,0.0431975779153052,0.17317174514827,0.115082280201275,0.0803623529874094,0.0675046553824819,0.0764461952157068,0.0975894949453086,0.601092938728957,0.108840195940882,0.800533246374706,0.236418090000993,0.0951334925477214,11.9844670863314,248.143695917479,0.11717636006418,3.27419951107987,3.07949637304235,1.61017451675668,0.141038912099104,0.103774733728189,0.0991977590970846,0.0664267759887767,0.0585739608724646,0.430467258390009,0.0999883368252157,0.535113136589611,0.197049975016527,0.0892202311827079
"SSA_00019",3.30523734354483,0.0330239874518491,0.129868781366653,0.013981698688145,0.260101101092476,0.0218729265673394,4.70364633771087,0.674503347596809,0.0527576827038592,0.477680192295191,0.212716838467469,0.113504864227131,0.0717204671827482,6.54850011091027,0.695470510879077,0.0458528573303747,0.0431961174169807,0.157501320086416,0.115082562705151,0.0803586965635718,0.0635155038249442,0.0764493266667707,0.0975937918044295,0.601080600673254,0.108841719299755,0.695243838154276,0.236411220374886,0.0951384499160261,11.9841588972743,248.142574129357,0.117081957810123,3.13203794926792,3.07641473617533,1.65828443338611,0.141037390167466,0.103776613523513,0.0699686760247095,0.0664272758925979,0.0585746122916954,0.4304704697586,0.141830041727214,0.525891333166781,0.257658228624053,0.0788034807703151
"SSA_00020",3.34120030785925,0.0397651757782251,0.129866088540256,0.0152514488954957,0.260096056081061,0.0218733003673598,4.70353198572956,0.674497391138372,0.0527573503855469,0.477676304730136,0.212709681284631,0.113508144347779,0.0858154601800486,6.30252624235648,0.695471787977082,0.0449639253413822,0.0431968843212328,0.154408827062201,0.115084463718895,0.0803613402694752,0.0621933871725509,0.0764476941354632,0.0975895596650833,0.601095299142466,0.108840255562115,0.707034382564651,0.2364226172489,0.0951347227675167,11.9847329125328,248.143823287408,0.115578295995454,3.21822002234425,3.07653249436615,1.62828854967155,0.141037495109013,0.103773577064756,0.0954668007031322,0.0664272986668469,0.058574091549837,0.430479364605684,0.0943405182212091,0.561647691157763,0.216115939083179,0.0947813495134675
"SSA_00021",3.28463796850489,0.0449159542989347,0.129867998125462,0.0188939680716062,0.260098706259235,0.0218727234440807,4.70355682218313,0.674507389175594,0.0527575852254613,0.477684201601442,0.212710698638015,0.113505972194749,0.0820225136274054,6.40256727882291,0.695460069075819,0.0459106847912324,0.0431964454650358,0.17520114917445,0.115085611405901,0.080361063942469,0.0839117435237705,0.0764470447804237,0.097590956898935,0.601099409043562,0.108840567246587,0.766742066758122,0.23641671669787,0.0951332387217795,11.9845374140533,248.144693294634,0.116182766019331,3.22128358180364,3.07742919224524,1.64249085740561,0.141044825407505,0.103774691866221,0.0829887403023291,0.0664267682660656,0.0585742919443925,0.430465516088343,0.129320795476161,0.536867002134144,0.190769719601861,0.0881017655501857
"SSA_00022",3.49828101894066,0.0299826601349362,0.12986851922743,0.0153999212158195,0.260098398773008,0.0218732532079962,4.70364611554014,0.674495157927995,0.0527572029230267,0.477679584906702,0.21270878718678,0.113505836218471,0.0863542408282199,6.2919917946836,0.695476101060943,0.0417453289282028,0.0431968710459763,0.172837013074518,0.11508466999207,0.0803618488257221,0.0794164175372562,0.0764474240817415,0.097590392727781,0.601102103197832,0.108838958567015,0.806451044735271,0.236416349525637,0.0951343205045065,11.9847368412288,248.144103321258,0.116178468095355,3.14386001294692,3.07530003323001,1.600637875743,0.141041321237729,0.103774972060035,0.0845889843943221,0.0664267500804698,0.0585744762584104,0.430466196355303,0.105783492217131,0.522628154936933,0.190249036051084,0.0866519811768435
"SSA_00023",2.95996847545104,0.0374195921348821,0.129864914611203,0.0180029172215877,0.260099931924116,0.0218730307302415,4.70358727197047,0.674511071543643,0.0527583147391904,0.47767738775864,0.212707591202343,0.11350414467012,0.0818955786046011,6.33097323896673,0.695456109106336,0.0505023285298329,0.043196383491229,0.179872804786694,0.115082857204399,0.0803605093285759,0.0787701688156401,0.0764462492973945,0.0975913894018033,0.601088218971994,0.108840928912388,0.828091083239506,0.236416585317159,0.0951347435597152,11.9845043493592,248.141534570074,0.116744828321299,3.2096486210402,3.0751314502865,1.68460393155804,0.14104432188681,0.103774426592817,0.119095690047132,0.0664274910506426,0.0585740502777328,0.430473320320066,0.113532931546927,0.515746673896429,0.243217059782639,0.103770192781137
"SSA_00025",3.59770984028417,0.0401690802227298,0.129866572963881,0.0159003919950137,0.26009805170322,0.0218733459067021,4.70357767897826,0.674495898409157,0.0527572287773006,0.477685579488592,0.212709113726915,0.113506246370889,0.0883376188347856,6.3293651094084,0.695468939454589,0.0400442535964963,0.0431968768536215,0.172272918420632,0.115086899054997,0.080361786175807,0.0748732498155987,0.0764477498545105,0.0975893487196515,0.601104849431097,0.108839078245131,0.80515890483248,0.236417671493116,0.0951338770040855,11.984715091284,248.141580424936,0.116105978624636,3.13988900795912,3.07768769200495,1.59164048978,0.141041497460394,0.10377493655064,0.0801104973101292,0.0664268482815095,0.0585739399772961,0.430467707969152,0.109436468384444,0.48396125421299,0.171663448317356,0.0930051979535311
"SSA_00026",3.32403714039601,0.0321766173043589,0.129866264711225,0.0146851340191361,0.260098581035914,0.021873128471741,4.70360067912542,0.67450219661691,0.0527574795201001,0.477686328845103,0.212707401748372,0.113504218445172,0.0843540060701601,6.21771287685133,0.695477669824966,0.0448531096471338,0.0431970969261039,0.166089536297107,0.115083358720507,0.080361469296436,0.0645951764118499,0.076446357953129,0.0975909735240233,0.601092331935331,0.108839808810672,0.823197854929921,0.236416993444517,0.0951351196360975,11.9846924241974,248.144141299586,0.115778041782639,3.28883644474275,3.07326099571698,1.62529342108748,0.141039785617004,0.103773553213453,0.0967252112248772,0.0664269512785909,0.0585741501104227,0.4304634557726,0.0966767953393921,0.535214304181767,0.190837314482492,0.100105347919556
"SSA_00027",3.47783516781944,0.0280467765177758,0.129867614893392,0.0150559885558681,0.26009446118374,0.0218733204293355,4.70361716143512,0.67451423231197,0.0527568577022314,0.4776655899835,0.212709087546697,0.113503838443917,0.0843265850259425,6.33396272831587,0.69547614246867,0.0465377877029985,0.0431974684045784,0.159478658653476,0.115083687191862,0.0803626268259706,0.0851929963538462,0.0764470319680601,0.0975902489241625,0.601099490938926,0.108841454973941,0.801257905236524,0.236417858785174,0.0951343525558142,11.9845782328288,248.143473821871,0.115957467910469,3.1149599737515,3.07647375307943,1.67026510400392,0.141041575055789,0.103774713656829,0.0975418845549286,0.066428058787802,0.0585741514825613,0.430473130324643,0.110633197126827,0.486594717359299,0.195310230073477,0.098195616727541
"SSA_00028",3.32021368044463,0.029730692908278,0.129866412875412,0.0158899082841287,0.260099385967853,0.02187295374957,4.7036254486311,0.674502049490954,0.052755974860874,0.477675870896541,0.212708414754924,0.113505059095598,0.0792998286711158,6.28900643692901,0.695473477146465,0.0473592240997314,0.0431969147238201,0.166985778114646,0.115083263664257,0.0803598452051707,0.0726676203402925,0.0764470015998227,0.097590674434473,0.601088579896288,0.108840500621579,0.821477671368263,0.236417232416449,0.0951355371707189,11.9844940254756,248.143582114619,0.115875204752437,3.22928055670909,3.07633550399062,1.63635960206437,0.141042113280326,0.103773777512145,0.102404853123721,0.0664278120689394,0.058573999823393,0.43046486936968,0.101490204629282,0.517003327603337,0.185802848791618,0.0901899799051826
"SSA_00029",3.4306654474912,0.0319812294952734,0.129867289174744,0.0131279237764148,0.260100508544758,0.0218734653279435,4.70354077718782,0.674494960307973,0.0527566306217592,0.477682105353887,0.212710542869434,0.113504295920436,0.0839790397447146,6.26421641171705,0.695471021601695,0.0495042412502839,0.0431969283235268,0.15611891865709,0.115082625746485,0.0803622374512269,0.0675257569425626,0.0764468997184285,0.0975892256628928,0.601096259728899,0.108841016393799,0.740707670013389,0.23642079206057,0.0951337435033377,11.9845132409424,248.145303377012,0.11636173754203,3.35609844756237,3.0796536368102,1.58810158371466,0.141036284335077,0.103774352454164,0.0943521284922757,0.0664263647589478,0.0585738286403581,0.430467654834174,0.0916076244354541,0.539818613590676,0.174296826064386,0.0943767371492306
"SSA_00030",3.52492988763051,0.0251476903457586,0.12986649727643,0.0135724023349957,0.260097150246583,0.0218733409194044,4.70350550795778,0.674494088289529,0.0527579947393584,0.477684055956391,0.212706728525048,0.113504603473709,0.0861071241041252,6.17868247639543,0.695470383835143,0.0418248932968607,0.0431971915721703,0.16300282383464,0.115084555998385,0.0803626826385847,0.0636042963746509,0.076446799818745,0.0975902635164792,0.601094910909508,0.108840185231468,0.8225696395398,0.23641697326129,0.0951355776789695,11.9844333904733,248.146291964298,0.116502183883931,3.04407958503424,3.07958495812537,1.64261025498155,0.141035701443828,0.103774293881211,0.0775544724642026,0.0664274134665471,0.058573340348467,0.430467482066476,0.0921925237552283,0.491846140701298,0.170505234236689,0.0918993088825214
"SSA_00031",3.23095709453741,0.0198960654191838,0.129866495912772,0.0145232216142736,0.26010149456087,0.0218731064063642,4.70353272626125,0.674504976229048,0.0527575839847349,0.477669866419533,0.212708335966279,0.113505920551326,0.0824300634298899,6.31106195101948,0.69547562121668,0.0502617929577869,0.0431968768185317,0.159268357006465,0.115081275470658,0.080360259698466,0.0661350177298372,0.0764478909401834,0.0975912302006144,0.601087908969998,0.108840784575719,0.70439071888486,0.236416737063772,0.0951364915683608,11.9843789286552,248.146249562312,0.117288488923047,3.22979429285412,3.08117502273205,1.65632249366061,0.141034908253184,0.103775661588475,0.0868159825932291,0.0664277466785716,0.0585744269844446,0.430465790677981,0.104346929239084,0.520798807081622,0.192346743760828,0.0893874883296069
"SSA_00034",3.18617173835563,0.0279496389622653,0.129864441939999,0.01238997822015,0.260104334175188,0.0218734636287116,4.70360264087162,0.674494500841022,0.0527579102535521,0.477670058511232,0.212709029642176,0.113506394727277,0.0897614923995447,6.19276277715948,0.695483463438563,0.0446602539955869,0.043197197675027,0.161129839561724,0.115083597894616,0.0803618396359634,0.0727236839365955,0.0764485730895601,0.097588558744337,0.601096451879926,0.108840340207362,0.80060887852245,0.236417140559978,0.0951346218892737,11.984673174851,248.143427259085,0.11668828634153,3.20082201520997,3.08016568654067,1.61697878047124,0.141037410750322,0.103773704967892,0.0944335574854424,0.0664282064841986,0.0585740138795228,0.430474164507737,0.0965868263995308,0.545929911531301,0.216226111013642,0.0977797822376795
"SSA_00035",3.08350320288215,0.025360007852821,0.129864623604563,0.0153705437414708,0.260099787960333,0.0218732130261799,4.70361468988136,0.674501079427584,0.0527577258320169,0.477667182701301,0.212710125420569,0.113507065346119,0.0831461453166348,6.44111030437014,0.695476207329273,0.0476195149949419,0.0431973699818602,0.149350365320946,0.115086225088186,0.0803619482452925,0.0751856061868955,0.0764478041274785,0.0975904947846115,0.601088992020616,0.10884277948055,0.743830741550863,0.236417703605064,0.0951355588701133,11.984555996765,248.139945741171,0.118244630613897,3.12246132041347,3.08200240596813,1.66444767712114,0.141040344881385,0.103777395176526,0.0958275889156326,0.0664296419990674,0.0585749191013096,0.430469583338369,0.112318915622856,0.477244123451555,0.208583978824243,0.0957204857780038
"SSA_00036",3.64210915562183,0.0235121344604578,0.129868327471801,0.0141552194824122,0.26010183949285,0.0218729936871655,4.70355512594235,0.674499096686465,0.0527568959824421,0.477675195383899,0.212709504513747,0.113504204983802,0.0849324491697376,6.25103957576924,0.695472573153486,0.0483427025879266,0.043196470844862,0.127526867080955,0.115080979975757,0.0803618608001247,0.0576651729208586,0.0764480827638071,0.0975899569098527,0.601097164012653,0.10884044494802,0.728324913515058,0.23641712836881,0.0951340692869445,11.9843208933851,248.151062366484,0.116346411475163,3.31869198040862,3.07489038535417,1.61352794331062,0.141037896471085,0.103773657119149,0.098713528324943,0.0664272844787811,0.0585737110275865,0.430465532003848,0.0738644903647162,0.624507224017862,0.23854233919964,0.0989167114755678
"SSA_00037",3.32019717414567,0.0351134296389877,0.129865159994811,0.012556807613749,0.260099646757918,0.0218731251152684,4.70359092359776,0.674503588467324,0.0527575629773914,0.477687218379855,0.212707664867589,0.11350624452664,0.0927287146684746,6.1559111464816,0.69547896168689,0.0455315169355602,0.0431967362433074,0.169593479827869,0.115085296830571,0.0803613568992939,0.0731162949528711,0.0764484883117555,0.0975892832799157,0.601100670647463,0.108839697428515,0.788114920043751,0.23641813023374,0.0951346873191033,11.984672573153,248.14556375657,0.115973043693703,3.12873185263744,3.08196027215081,1.53927244518586,0.141038262963094,0.103774783583613,0.0715095176713144,0.0664273447358883,0.0585740485801888,0.43046589003747,0.0742333946577837,0.54351392497513,0.143685691645333,0.0989205015190148
"SSA_00039",3.28854417077936,0.0377186772193419,0.129865945989227,0.0117527872829864,0.260098998477408,0.0218734262814852,4.70368367311978,0.67450715436829,0.0527565195432552,0.477681098312206,0.212708522098371,0.113505686231642,0.0844356862027232,6.16369046194973,0.695467336273951,0.0424246681033382,0.0431970030605982,0.150104069821184,0.115082796931974,0.0803602777239032,0.0717774092666782,0.0764482044129474,0.0975882094087715,0.601096241225961,0.108839585251825,0.807283185066067,0.236422825103781,0.0951358691552196,11.9846423365579,248.149744646695,0.115800817331767,3.06232917988208,3.08389173796509,1.56645484912005,0.141036751384045,0.103773720289217,0.0730300156761629,0.0664261521238541,0.0585745393643623,0.430473191103105,0.0930232656123588,0.556592316186391,0.165682177223584,0.0974426998291568
"SSA_00040",2.97753222579488,0.0237686034684432,0.129866610197742,0.011965709057996,0.260102458333591,0.0218733625378318,4.70367137072764,0.674491630310639,0.0527576560397712,0.477663285351944,0.212708072586856,0.113506112536515,0.0863128937045801,5.99723567674667,0.695477870603985,0.041599841370198,0.043197259586601,0.146296846187037,0.11508295815807,0.0803625939995668,0.0681056588591341,0.076447990010445,0.0975862873926282,0.601086968021104,0.108838651576846,0.724042227961076,0.236419758073717,0.0951340001730248,11.9848028658945,248.146223346587,0.116903200996972,3.05140090684714,3.08325811698411,1.60490153860015,0.141037259167356,0.103772478270637,0.0654397570157393,0.0664274151031954,0.05857434436379,0.430470839654141,0.0806119797154244,0.558896407093484,0.168252509836946,0.0917083228186927
"SSA_00042",3.56938660919689,0.0232668678837179,0.129865006199253,0.0171455993755836,0.260095048258326,0.0218727123291756,4.70355937816381,0.674507896973186,0.0527562642716045,0.477679618642746,0.212707119325212,0.113502915564723,0.079459715281687,6.31982044544203,0.695473907735692,0.048482342794417,0.0431966673827885,0.156312727322729,0.115083375736893,0.080361875349416,0.0830168815739722,0.0764469020812991,0.0975909949640227,0.601095286621962,0.108841270030326,0.724883138455702,0.23641475200567,0.0951345696187793,11.9844285372909,248.142922617834,0.115894953281982,3.21065254122182,3.07885562653145,1.6513648045565,0.141043704096885,0.103774800087815,0.0972050780021853,0.0664278318185794,0.058574205253581,0.430462117030806,0.0786126283338098,0.542718994267492,0.204586903627826,0.0906039326731125
"SSA_00043",3.37663399766463,0.030916671443183,0.129866612639658,0.0111156520891697,0.260100002649239,0.0218734069637219,4.70368105491569,0.674498526519993,0.0527570423310274,0.477682683567644,0.212710598087936,0.113505399837386,0.0886258716397202,6.23149336592501,0.69547399832674,0.043355568297435,0.0431969627375918,0.166610740102397,0.115085126418923,0.0803622004408343,0.067295782833721,0.0764477605470285,0.0975893119168836,0.601099915532272,0.108840108030213,0.876939921623662,0.236418274357037,0.0951346536161534,11.984519305618,248.144652932385,0.11621544485546,3.174821341217,3.07846567017978,1.59457464715749,0.141038909537411,0.103775364137918,0.0834726945432836,0.0664280398011067,0.0585741145798515,0.430468215907678,0.0985478550072538,0.499892791420087,0.189416701670437,0.096984615918228
"SSA_00044",3.31500504737933,0.035371574841216,0.129867248414065,0.0136280778507009,0.260099409619839,0.0218730178508727,4.70359088043041,0.67450146125192,0.0527573976951438,0.477675493391483,0.212707712646794,0.113504060473834,0.0854651261097132,6.08185136965972,0.695482758884945,0.0482642375510235,0.0431972371531171,0.14578519465313,0.115083923540053,0.0803610429140696,0.075270747664592,0.0764468179831406,0.0975902991099057,0.601093063030888,0.108838969784896,0.826035829403343,0.23641505558908,0.0951347543788788,11.9845514153436,248.146093935738,0.116670013633926,3.12473975985849,3.08029714795294,1.60009187191144,0.141038623363174,0.103772573333721,0.0872417327345004,0.066426227345524,0.0585740781039609,0.430466425608007,0.0956730479609827,0.528995453468061,0.180213732054374,0.0927041223905643
"SSA_00045",3.05228988884265,0.0221969608985015,0.129868129669638,0.0136095871599402,0.260099658657469,0.0218733646517614,4.70363176321486,0.674491655094252,0.0527572691657432,0.477675072372129,0.212708615730712,0.113506766571079,0.0874785686898359,6.24422814059383,0.695484039668545,0.0419178122813871,0.0431972599401192,0.163251858968673,0.115083510607515,0.080362320491734,0.0680350354346871,0.076447065120876,0.0975891822000162,0.601099109574768,0.108839864275591,0.853127401405155,0.236418744564474,0.0951357608577858,11.9845751235877,248.141956957388,0.116727469491923,3.15871595097311,3.07870961988799,1.63238192744726,0.141038884064164,0.103775238102926,0.0892786382665359,0.0664275968237332,0.0585739782727141,0.430468597883261,0.0873996907947236,0.503029511648089,0.21759413417508,0.0911505739706976
"SSA_00046",3.11685594420415,0.0312035586982876,0.129865522477977,0.015009673496216,0.26009914591193,0.0218730738583923,4.70365291472163,0.674496665877733,0.0527574732142905,0.47768284300849,0.21270894597263,0.113504957674405,0.0877228185468223,6.22778687512192,0.695493851925609,0.0465013607588124,0.0431968462355244,0.146906570718377,0.115083822043,0.0803607965443042,0.0768032824209814,0.0764472933035597,0.0975892166294153,0.601099789813212,0.108839163538612,0.835695120213213,0.236421557269969,0.0951349658026236,11.984617310955,248.142149666808,0.116581893277363,3.14033524085832,3.07962992132559,1.57517757814736,0.141039448067504,0.103774059890923,0.0836274907316479,0.0664267025678456,0.0585745236343272,0.430468877969876,0.112809845430499,0.57604330119297,0.198531011215845,0.0947569035616327
"SSA_00047",3.13038448990917,0.0245867768903712,0.129867553950707,0.016168287855669,0.26009849113418,0.0218734879993203,4.7035220782928,0.674502067973252,0.0527564313471107,0.477670278274262,0.212708634066169,0.113505407299895,0.0826305568776546,6.22683550574505,0.695461324196476,0.0434780869326434,0.0431969807435067,0.17144482385807,0.115082419185226,0.0803626641442824,0.0722829353493405,0.0764462238823972,0.0975882095232069,0.601089180126808,0.108840093475694,0.824355355735007,0.236417812158001,0.0951352602976534,11.9846612306477,248.142441458678,0.115822493795445,3.16159578067883,3.07710436237217,1.61333938694901,0.141038471283409,0.103773122582311,0.0941486463498494,0.0664266340399832,0.0585738287547726,0.430469522873498,0.109408521487122,0.506284407466318,0.195853504273758,0.0945671125922973
"SSA_00048",3.16476050043593,0.0215699837909358,0.129866682457706,0.0150702792089407,0.260100877000702,0.021873427633593,4.70357859673262,0.674499292424064,0.0527559460936202,0.477670632274221,0.212707511667555,0.11350476131793,0.0834699072860767,6.14861350351405,0.695477885959477,0.0435049796353194,0.0431973030381524,0.17430950157928,0.115082324305266,0.080362730854834,0.0694539412224968,0.0764465992323199,0.0975880082278713,0.601088902231554,0.108839516364647,0.897383315890509,0.236419098532531,0.095135494409817,11.9846082532416,248.142557170051,0.115776245348734,3.1194375614479,3.07928347428643,1.55326790565966,0.141036360940929,0.10377419091344,0.0957930664782702,0.0664277172277383,0.0585735076905763,0.430465000699139,0.0839322063580646,0.507971935011025,0.177563557572896,0.0930489622624939
"SSA_00049",3.55011343449341,0.0216417338000233,0.12986775829437,0.0159425665846063,0.260100537434411,0.0218730537427721,4.70358056100666,0.674510596393783,0.0527573270180058,0.477669432936898,0.212708027854983,0.113507422236836,0.0875016021053059,6.21554968455476,0.695469504355812,0.0521740938336437,0.043196322876306,0.182517687184025,0.115078610564898,0.0803599589573284,0.0705228645226592,0.076447530283028,0.0975909885479747,0.601090962151921,0.108838587042521,0.680576725701836,0.23641933175156,0.09513406050234,11.9844400977521,248.148599215161,0.115479155548162,3.25883572921486,3.07785051172075,1.62468262276141,0.141035782934157,0.103776006488116,0.0948543611365912,0.066427218185443,0.0585741223378299,0.430472260016391,0.101049558516356,0.582615653575391,0.199170395785644,0.0957382206703034
"SSA_00051",3.15955595945966,0.0275403916950151,0.129867021928796,0.0185252196429524,0.260102289892187,0.0218732587098234,4.70357206738561,0.67450658197473,0.0527570280691153,0.477681009475825,0.212710925063967,0.113507399640645,0.084887433948651,6.40626853902856,0.695470653735247,0.0423140059490346,0.0431967099639015,0.173500587863575,0.115083755645546,0.0803613111976871,0.0759321454764801,0.0764486402968447,0.0975895066816725,0.601097062040759,0.108840240359107,0.803904721244036,0.236417722674633,0.0951351680269575,11.9845216859113,248.141272487762,0.116151647917566,3.20593599953147,3.07606296832284,1.59693997416195,0.141041124835566,0.103776849980317,0.0881830313039547,0.0664281759209755,0.0585739012979427,0.430468182847757,0.103236251987029,0.492103733423032,0.215222325691962,0.0927338778576371
"SSA_00052",3.42578031250246,0.0307118309099154,0.129865421119979,0.0142156403592498,0.260101610349556,0.0218728755645942,4.70357961803882,0.674504741547156,0.0527572720647245,0.477681020515114,0.212708942069396,0.11350709192783,0.0958110423179349,6.22505787995618,0.695484445682327,0.0411626638902673,0.0431970386801032,0.167509024860084,0.115082636090821,0.0803615856534537,0.0808177812753149,0.0764482701110278,0.0975895377464029,0.601103240003666,0.108839582920374,0.71258237185192,0.236418313973685,0.0951341650432422,11.9847509625457,248.147613230627,0.116152773727466,3.13854937976005,3.07808940366953,1.60396256928472,0.141041123640609,0.103775082495796,0.075155479458325,0.0664271910265146,0.0585748183164545,0.430459280771708,0.093262540081975,0.57759391489073,0.172511838019211,0.0912884369822439
"SSA_00053",3.36760308743175,0.0279507915107011,0.129866462223603,0.014972394972613,0.260097723877027,0.021873232898445,4.70362381007186,0.67449639290821,0.0527570176983833,0.477671791575317,0.212709343211971,0.113505187178345,0.0874966012890866,6.28272818616566,0.695483826629202,0.0440779495732374,0.0431969068100572,0.164334517049426,0.115082656380893,0.0803616138722758,0.0795159733579783,0.0764470786889286,0.0975897419874365,0.601100433285047,0.108840333694051,0.788787618852695,0.236417712097918,0.0951356125205669,11.9844942441617,248.142331063082,0.117108747249905,3.14236087817947,3.08004398673195,1.61274442061963,0.141039781810106,0.103775168728244,0.0939999906367416,0.0664273165930972,0.0585744248139613,0.430467562811419,0.0916152900049388,0.5325182258488,0.197857096411899,0.0934323522808292
"SSA_00054",3.30733105856773,0.0320011746604419,0.129868701415028,0.0167412544383829,0.260097004396742,0.0218729651237125,4.70355271138646,0.67450499974642,0.0527574878523005,0.477682611135077,0.212710607083904,0.113506633815502,0.0833065320530128,6.3284236559505,0.695466366982576,0.0434091628625301,0.0431970127238102,0.134304925226165,0.115083694831117,0.0803613441020034,0.0629365489409156,0.0764473034661577,0.0975904231981532,0.601094378326066,0.108840427973817,0.823732272183488,0.236417449405852,0.0951355965203792,11.9842705051948,248.142068828017,0.116162355835791,3.12478133254321,3.07900587912165,1.64458494429645,0.141039374420858,0.103773768107869,0.0855478255638837,0.0664273459814062,0.0585734427009,0.430469582028031,0.115063855224352,0.489601373218163,0.212480359273365,0.0998023300467314
"SSA_00055",3.72079110651255,0.0303056485025925,0.129866595190526,0.0176611095947975,0.26010158441595,0.0218728379393061,4.70350869210391,0.674518720838808,0.052756492608699,0.477672061543318,0.212710210568772,0.113506198565802,0.085005567739685,6.50633351913309,0.695458933710654,0.0416283491962981,0.0431967910958394,0.160840215926415,0.115081402069976,0.0803617307976636,0.082241541341428,0.0764493053509759,0.0975901020119137,0.60110047484892,0.108841137828842,0.71286296052759,0.236416173714754,0.0951354897174845,11.984302102191,248.144935685652,0.11631990721826,3.06497608682521,3.07641200234644,1.65802349669847,0.141039552190537,0.103775595435534,0.0835055906564757,0.0664271795742445,0.0585744755469116,0.43046843046995,0.0959279937724214,0.518137189349905,0.220721251702677,0.0910367329625223
"SSA_00056",3.55713682530955,0.0470811091011929,0.129867220896417,0.0132787808834703,0.260097884113118,0.0218736220469606,4.7036564749766,0.674488703680476,0.0527586076878179,0.477687495872897,0.212709774309677,0.113507114971359,0.0887644311151669,6.17270122621972,0.695462960109208,0.0396905742734209,0.043196939656588,0.162695618000866,0.115086824797212,0.0803606732248677,0.0754484327342467,0.07644709150362,0.0975900886113085,0.601099398489559,0.108839063418331,0.888204504383718,0.236418150439945,0.0951351395320648,11.9848063024211,248.141966007678,0.115423023427144,3.17763043134942,3.07875507504485,1.5858031432126,0.141041392901054,0.103772041313379,0.0762147479932926,0.0664265316919769,0.0585733619015232,0.430470869675045,0.0955034755374432,0.516315350907329,0.20310653058537,0.0936388640936475
"SSA_00057",3.06437693493558,0.026776599973453,0.129865903188229,0.0158375108896222,0.26010275242129,0.0218728257995304,4.7035858616893,0.674494871784083,0.0527573969995446,0.477674262518144,0.212708728926846,0.113504017727613,0.0810498087768824,6.35773591812369,0.695481926116031,0.0479762637728496,0.0431964739414318,0.178196865250327,0.115082444635387,0.0803599232271539,0.0806474775627247,0.0764467794222879,0.0975928730425572,0.601082514600874,0.108841966959254,0.646962063168332,0.23641579621561,0.0951352816906239,11.984599062896,248.144398526782,0.119000232738643,3.26029318334735,3.0756838835324,1.69311712805691,0.141040158499249,0.103775237072522,0.0934377364697815,0.06642819726713,0.0585755921581206,0.430464301456118,0.118635025855705,0.566442939820597,0.215434652520836,0.0796201850561031
"SSA_00058",3.51482117484466,0.0320526950245964,0.129864286769942,0.017263256327396,0.260099379150719,0.0218737090488569,4.7035807420285,0.674506341815117,0.0527577574609568,0.477677066297037,0.212706684684138,0.113506833832471,0.0829776429549214,6.25992577526693,0.695461898106187,0.0444314981080145,0.0431978161042147,0.180222830811494,0.11508676399596,0.0803604377596707,0.0736832806524424,0.0764463696952327,0.0975906734322457,0.601090399466211,0.10883933399759,0.831590191332825,0.236418338088577,0.0951335311736873,11.9847433218497,248.147396553592,0.115842818113441,3.15714939255366,3.07477271870001,1.60177923866876,0.141041029388693,0.103773456770313,0.0854324862061056,0.0664272729560214,0.0585736769832623,0.430475503861632,0.121872568556988,0.555145385053107,0.185091220608747,0.0996054763159751
"SSA_00059",3.39831580370252,0.0193444767144194,0.129866186551391,0.0152151637016014,0.260102325672628,0.0218732766156789,4.7036356221585,0.674503150723245,0.0527575415903733,0.477668912805702,0.21270908607181,0.113507823301214,0.0921238805648119,6.32737812626792,0.695481710569679,0.0478783595362236,0.0431969839389358,0.141090025500873,0.115083074143475,0.0803606935349205,0.0862742220002625,0.0764477903564199,0.0975911045335328,0.60109293896971,0.108839609817385,0.839274028744739,0.236419420936238,0.0951362937901956,11.9844261874429,248.141803909599,0.117400120850403,3.03574594853257,3.08344148809243,1.65968991914633,0.141040663238577,0.103775835550615,0.0875178821396797,0.0664294494058798,0.0585738351496292,0.430469095992858,0.102225180534358,0.457370436818053,0.205032589979357,0.0968654899652476
"SSA_00060",3.83338558245613,0.0143226582303296,0.129864613595197,0.0162400851495951,0.26010338410681,0.0218738557306199,4.70355180155586,0.674511623897188,0.0527566160301254,0.477671500370831,0.212710736937893,0.113505683378992,0.0802412121947722,6.36960814680681,0.695466641857251,0.0473099861906735,0.0431976844559389,0.161449438572718,0.115084062270185,0.0803607454433914,0.0764064484575262,0.0764481384566784,0.0975911851407699,0.601089108223836,0.108840316995356,0.783270251097356,0.23641529185225,0.095135760014263,11.9844359861614,248.15093082062,0.115340898930212,3.18135546121029,3.08138353635231,1.52315968043471,0.141038790966251,0.103775379738691,0.0930764873119748,0.0664278840043493,0.0585733949538861,0.430464883132521,0.0836817042523998,0.579608736350204,0.181683944181291,0.106726477506684
"SSA_00061",3.19920135904219,0.0212061138050237,0.129868047008303,0.0146576998348486,0.260098394209575,0.0218732907628286,4.70353498362311,0.674504641400042,0.0527570849163451,0.477677597955487,0.212708468937807,0.1135034897747,0.0807903194526359,6.23649369513601,0.695477446379494,0.0487939830033698,0.0431968190822589,0.16190649332996,0.115083032897029,0.0803612029850951,0.0632470510425197,0.0764466950645938,0.0975907343238746,0.601091762641287,0.108840115816643,0.806981381092675,0.236416103414089,0.0951350039527403,11.9844314023222,248.146261511494,0.116709611050503,3.36378163115957,3.07516427547067,1.58965870666027,0.141035117805238,0.103774152055379,0.0892908946685311,0.0664265078716456,0.0585736824252508,0.430459241969242,0.126139284675571,0.53807387173166,0.173020143468374,0.0922246984233343
"SSA_00063",3.09665338789368,0.0293842546817744,0.12986614040822,0.0146578618532213,0.260099093763161,0.0218731030124971,4.7035854067261,0.674503049907407,0.052757567930555,0.477677172398556,0.21270838020987,0.113504164145819,0.0841076412623589,6.15954137548844,0.695489825924165,0.0459803080599071,0.0431972158806184,0.146218692694541,0.115083631275852,0.0803615164855125,0.0732328594424506,0.0764471484120387,0.0975896113164653,0.60109355983241,0.108839652987362,0.808550203767121,0.236415813469437,0.0951361554743083,11.9845155189838,248.142180122063,0.116338722575242,3.13519413608531,3.08089378583406,1.60485514417689,0.141037642001046,0.103773414539845,0.0875639198140746,0.0664263972302163,0.058573678964943,0.430464897794536,0.0957791148894122,0.529554104529695,0.173142286141375,0.0919565856133973
"SSA_00064",3.44793368073098,0.0319757210046446,0.129865101718221,0.0139286256226586,0.260097307611993,0.0218731277703419,4.70356059995061,0.674496183869985,0.052758329320994,0.477686590545218,0.21270908471246,0.113504066104221,0.0866991029129859,6.35199155350239,0.69547157536615,0.0447703585689051,0.043196620856324,0.16585082245404,0.1150836753653,0.0803601583802763,0.0740325715251122,0.0764472710473773,0.09759137374969,0.601093234877396,0.108840642899192,0.774528215458585,0.236415922339216,0.0951352680084454,11.98437001641,248.141304801194,0.117152768039046,3.13930205748091,3.08050328856123,1.66015826780547,0.14103727434524,0.103775456199267,0.0861895865408325,0.0664266367418446,0.0585740086711769,0.430467668694536,0.125806327951098,0.500996648992967,0.257402629800474,0.0949819884265626
"SSA_00065",3.52674591178877,0.0393637802008303,0.129866287921476,0.0145034300095925,0.26010142392188,0.0218737358840409,4.70358500788508,0.674503115292458,0.0527578591927116,0.477677975277619,0.212709854271545,0.113506636270287,0.0855019287197768,6.5749711638737,0.695471903191467,0.0423372354441309,0.0431963728636581,0.17355802082583,0.115083832686568,0.0803595645080847,0.0682627745883223,0.0764490092345018,0.0975906838992405,0.601103083485451,0.108839197315772,0.888661605853061,0.236420265333619,0.0951364118606174,11.9845475605031,248.142499560632,0.116486103448482,3.2927330930767,3.07852587359507,1.60073062207204,0.141038551314631,0.1037774477994,0.0862427789032318,0.0664267504215394,0.0585746889692757,0.430463226325207,0.106851722611637,0.49560460358808,0.234779028558506,0.0949139237495276
"SSA_00066",3.25653571365581,0.0299787020884284,0.129868410548078,0.0135474325227115,0.260099205175855,0.0218733214927409,4.70356858076974,0.674506173756288,0.052757692863906,0.477666247136792,0.212710817314924,0.11350453038217,0.0837529323839013,6.32710868791019,0.695466612996232,0.045231389142168,0.0431967262259681,0.165956156360482,0.115082262148996,0.0803615702796556,0.0751239785876217,0.0764476826452415,0.097588513636838,0.601092905162925,0.108841957583169,0.748525312596048,0.236416943738392,0.0951345397497968,11.9848799973125,248.143884035462,0.115969945412489,3.1458023011519,3.07816594299301,1.68099014823022,0.141038206426224,0.10377524379949,0.069793293597356,0.0664279872027816,0.0585746603767914,0.430467583855018,0.0756150407849507,0.523805146499472,0.156171791593966,0.0961831768359952
"SSA_00071",3.65989685206743,0.029132028002152,0.129866034730734,0.012525824401059,0.260095758341984,0.0218734412503505,4.70351489576599,0.67450053629542,0.0527576707396893,0.477689120564386,0.212708465063487,0.113505247601067,0.0880517211406662,6.22822131499624,0.695482619377292,0.042955577732478,0.0431975693929193,0.156487804322523,0.115083957533827,0.0803603182341902,0.0598890830910893,0.0764468854335451,0.0975913738261418,0.601091485485272,0.108839870861071,0.837512419299039,0.236414926103728,0.0951354150731081,11.9845695058235,248.146787948378,0.115059362638367,3.18034619773682,3.07877264797159,1.59945391252604,0.141036932032757,0.10377361006324,0.082748014154667,0.0664270591491277,0.0585733313963223,0.430463000580272,0.135865346165831,0.47823334815151,0.15002193548076,0.101177923869253
"SSA_00072",3.66671828609689,0.0420154845084596,0.129870825954983,0.0127748299276396,0.260093526726183,0.0218732821754422,4.70354179579556,0.674503171211621,0.0527573992353423,0.477689227525638,0.212709993114398,0.113503734411206,0.0724307819104102,6.35205414826252,0.695464616384524,0.048908259710874,0.0431956901664575,0.180575381221523,0.115085074790179,0.0803615688859713,0.0566174354155709,0.0764469929167338,0.0975940784467206,0.601081916854333,0.10884227144826,0.740599213143363,0.236410491706755,0.0951348760634935,11.9845965817731,248.149481588484,0.115590422447121,3.36815849018336,3.07329962045606,1.58096028704965,0.141041302326587,0.103773757429013,0.08112867321013,0.0664266125257914,0.0585745797802751,0.430469051650394,0.116632900870765,0.564640273223678,0.16594280918565,0.0902718776366985
"SSA_00073",3.11831012415847,0.035104595569771,0.129867091415634,0.0194854288786803,0.260098738609567,0.0218730316221535,4.70358644578342,0.674518556981208,0.0527588436121073,0.477672110585943,0.212710442524989,0.113506065764548,0.0842158392402211,6.36432123431501,0.695472108486104,0.0489824816340064,0.0431971093513949,0.153491485906429,0.115083382371696,0.0803597673147859,0.0783220608067463,0.0764477009177258,0.0975912697948714,0.601096912035626,0.108840780573822,0.799404336445569,0.236419354360423,0.0951342358433084,11.9845082438036,248.139635508526,0.116313625158425,3.21768065286271,3.07230841571833,1.67250547926676,0.141043456633321,0.10377389350731,0.094127766387408,0.0664272571116585,0.0585741066364696,0.430464622016797,0.132638784990698,0.489684125484347,0.209059709741489,0.100887472388011
"SSA_00076",3.5026476520379,0.0368141472569679,0.129866757948997,0.0168868700646147,0.260102194517663,0.021872955249825,4.70357026083402,0.674513550245796,0.0527582236004036,0.477688584628538,0.212708592139603,0.113505841335581,0.0901661044952526,6.25410494003633,0.695479492342415,0.0474361693303324,0.0431967068101869,0.158768723255286,0.115083472820474,0.0803613792122059,0.0800394261258233,0.076448270102631,0.0975910475992402,0.601097504347465,0.108840336319308,0.797213976135336,0.236420872158752,0.0951338529449711,11.9848522882445,248.146806404754,0.11514950287849,3.33545870067661,3.07827539683735,1.57991978008369,0.141040438830267,0.103773822162256,0.0927937730797828,0.0664267080614879,0.0585741211673571,0.430467814995168,0.0824174551064198,0.628873752349545,0.198694020325966,0.0958651758988292
"SSA_00077",3.2841481886963,0.0374392542122342,0.129866854767119,0.0158087539004029,0.260099924443219,0.0218732901976554,4.70354393907387,0.674495305371028,0.0527582559393198,0.477686063916484,0.212709634625639,0.113505641352085,0.0864759031030398,6.33097234824281,0.695477854105448,0.0450394623911508,0.0431965601134879,0.158243101222262,0.115085300781251,0.0803613060306726,0.0664210816275451,0.076447280511094,0.0975909244059733,0.601095627481966,0.10883999523912,0.83217337642575,0.236420532040155,0.0951341839543291,11.9845843239385,248.14199905919,0.116847301152315,3.29986654679571,3.07776544526914,1.63823497600503,0.141040193220909,0.103774272988003,0.0790826572232749,0.0664278300063723,0.0585739434155526,0.430464064084666,0.0990936149783933,0.505866323707661,0.199229254603203,0.0988313899916924
"SSA_00078",3.18803306859647,0.0170785832923045,0.129870604558936,0.01570174147658,0.260099241526918,0.02187294066351,4.70367504056968,0.674497824673913,0.0527564099789049,0.477671973494513,0.212708384652847,0.113506478314741,0.0857312781448206,6.19070655937364,0.695474846527974,0.0441797064100733,0.0431972396447141,0.17048851521347,0.115082407024061,0.0803627330678683,0.0719754527650912,0.0764467470346057,0.0975898546634529,0.601103046077763,0.10884132760535,0.726693519618689,0.236417132531818,0.0951344976637652,11.9845976997556,248.14931249512,0.117200726986364,3.16597771694432,3.06917713917558,1.64245968983257,0.141038065687625,0.103774775123275,0.116541621046608,0.066427124675879,0.0585753840276393,0.430468721550147,0.0988931943815526,0.614231877862387,0.190294536408974,0.0833459312682871
"SSA_00081",3.17023861156886,0.0459269014517078,0.129864675417792,0.0176775236166112,0.260101002938392,0.0218731101925444,4.70352831759256,0.674514564342468,0.0527572185089867,0.477678706308202,0.212711817933415,0.113504799327543,0.0832801464691079,6.31213759339689,0.695467228544578,0.0462096039325237,0.0431966448214661,0.154345697641837,0.115085014646493,0.0803598713460197,0.0807970377579074,0.0764469769485427,0.0975903277482126,0.601097656849051,0.108839439946626,0.87114656956083,0.236420762212966,0.0951349925144028,11.9845268868639,248.140900006798,0.11622297002211,3.36673268129639,3.07899881188412,1.64099451793359,0.141043700963116,0.103773020198848,0.0898563551961771,0.0664271938852121,0.0585737291484677,0.43046728519135,0.1093103591258,0.5152111828119,0.189109395274693,0.0954663497244137
"SSA_00082",3.37641566780199,0.03165333921217,0.129868562734492,0.0140961330793931,0.260099456236684,0.021873418642847,4.70361802033942,0.674499227996391,0.0527581192842305,0.477686684497816,0.212710829683804,0.113504058237814,0.0793942085121867,6.41207548706888,0.695461581425207,0.0462988347574506,0.0431967196744803,0.156995428966774,0.115085052978712,0.0803630593018257,0.0697534240360095,0.0764470816041027,0.0975901426328576,0.601094018087676,0.108842808406054,0.843998053516717,0.236413928477865,0.0951340303855342,11.9844528512641,248.146009369049,0.116125143444336,3.22086800571566,3.07997637102461,1.56580962357153,0.141042113808137,0.103775005618316,0.0778050906543114,0.0664268458448383,0.0585737528618378,0.430468255808967,0.0831365122559842,0.572083502977196,0.207946812086927,0.105405792377844
"SSA_00083",3.13916577370234,0.015675839061527,0.12986867093798,0.0135510736579489,0.260098167747686,0.0218730340044559,4.70367527209863,0.674490953616827,0.0527578471021358,0.477670760475842,0.21270650504646,0.113504657946686,0.0806574787371325,6.30256241526509,0.695475006018197,0.0466833337417082,0.0431967090824633,0.1609949010777,0.115082830539902,0.0803628640754553,0.0793008010225239,0.0764462987345148,0.0975892567321366,0.601093590780066,0.108840704666805,0.781900219421741,0.236411956197889,0.0951352403208736,11.9847733940261,248.144489848171,0.116672522736563,3.13970158086974,3.07858532014763,1.66397296151111,0.141042342661257,0.103774434552884,0.0867788076098465,0.0664268637606766,0.0585746952068735,0.430466525905617,0.112833209409416,0.512058403469417,0.202064959750518,0.0945109840166117
"SSA_00084",3.700595009321,0.0294406513187361,0.129869673237611,0.0137517744400224,0.260100897908717,0.0218735671796729,4.70366826893682,0.674497462029652,0.0527571482036935,0.477686707809731,0.212714021115237,0.11350567277987,0.0835654242836379,6.48741683296952,0.695483263483242,0.0399129945745025,0.0431963208508853,0.172096464094159,0.115082630371797,0.0803608623857528,0.0764543114772049,0.0764478147467258,0.097591877658459,0.601099341614344,0.108841517308463,0.756137501226778,0.236419970745072,0.0951344759951542,11.984603934349,248.146690641026,0.116963544746905,3.31277172288619,3.07335951459004,1.59849316983853,0.141040896819365,0.103776065303007,0.0808142838991509,0.06642722084783,0.0585751599684115,0.430468112166043,0.104320250880449,0.580033681706178,0.219923149952662,0.0852262528749091
"SSA_00085",3.08332169351747,0.0470893174460825,0.129864929721646,0.0125834883888792,0.260096767529731,0.0218734915268838,4.70363611136391,0.674500030064018,0.0527576197250683,0.477681785613044,0.212711403965558,0.113506363523105,0.0876840150832218,6.38919046028459,0.695471208636123,0.0448958485466515,0.0431970123044656,0.152517373814415,0.115085626548257,0.0803610863642343,0.0694526040168648,0.0764474794820151,0.0975888549223213,0.601100511800309,0.108840561974105,0.807296850599479,0.236422207333759,0.0951353331310199,11.9845137833132,248.140865454284,0.116860930035314,3.16042729009091,3.08401415632131,1.59850114493743,0.141038248159131,0.103775639271678,0.0843127912855168,0.0664271892252199,0.0585741103135082,0.430478169304024,0.102141529761027,0.478990477799537,0.207200003935847,0.102523657562501
"SSA_00086",2.90664509908486,0.028953670976049,0.129868199642608,0.0175587246158666,0.260100310289978,0.0218729652817547,4.7035947764657,0.674494701907033,0.0527582066424151,0.477675166788205,0.21270894643579,0.113505339614488,0.084891927291845,6.19707146433623,0.695471961430887,0.0480192193498922,0.0431966056626184,0.167582636855557,0.115084521238072,0.0803616613333579,0.0772802701668416,0.0764468481617369,0.0975895155550567,0.601093165690252,0.108840452656769,0.800875844040893,0.236413580285076,0.0951346953312736,11.9845554191981,248.142112590989,0.116572674995157,3.13422445070237,3.08082797272769,1.60074889165167,0.1410408836331,0.103774490068859,0.0777859635704063,0.0664277561147929,0.0585738530835707,0.430462755135455,0.0784047734605843,0.531571895219927,0.208861374262793,0.0926066570819316
"SSA_00087",3.10770411020878,0.0242906155066515,0.129867893443909,0.014141568586492,0.260101847025008,0.0218737383433917,4.70358504510483,0.67450625247654,0.052756230423151,0.477672818623212,0.212713327862333,0.113507013753692,0.0848395811203301,6.3173732448659,0.695466704551048,0.0436385425939624,0.0431969809926804,0.174040025826829,0.115083196917775,0.0803622140794466,0.0655287059256579,0.0764486822766769,0.0975877466236528,0.601094827036376,0.108840605302925,0.815291839079081,0.236418580192956,0.0951351647445985,11.9844218554382,248.143563194372,0.116093536270057,3.22724604488071,3.0763111019184,1.56564723167238,0.14103629728681,0.10377514129317,0.0822678697115102,0.066428057663708,0.0585734449511593,0.430476789364848,0.0995540662032712,0.543156741262209,0.221640392419131,0.0967536970817082
"SSA_00088",3.51930079703985,0.0412822083372532,0.129867647201885,0.0160669030689593,0.260094771474892,0.0218729426235674,4.70355421425305,0.674515117381988,0.0527588196901321,0.477668600934303,0.212709737632182,0.113510962250931,0.098533407954447,6.3091780076795,0.695460153884936,0.0433318500296598,0.0431970173254628,0.178090440588788,0.115084155022515,0.0803611411007386,0.0857376423381367,0.0764469141493626,0.097590893054506,0.601106475211119,0.108839679146825,0.742268951743067,0.236419881416613,0.0951333595040229,11.9848935170735,248.145305721802,0.116116181848201,3.09498592367916,3.07533662327797,1.66853733901218,0.141041565156506,0.103774094577068,0.0682600637092709,0.0664286447814248,0.0585743048850103,0.430472980683017,0.116937015864887,0.508011634056323,0.185557996973855,0.101220396534901
"SSA_00089",3.46547270318549,0.028339421794323,0.129869155104435,0.0153744624428638,0.260099354115347,0.021873443870957,4.70360350833474,0.674503988355759,0.0527577995185942,0.477670558274046,0.212711132062175,0.113506280087286,0.0760399561258265,6.55168131835485,0.695465749393813,0.0468779531168696,0.0431963301529252,0.171588527386588,0.115083844539395,0.0803608061266256,0.0631816992611559,0.0764485573111884,0.0975915619940145,0.601095843390748,0.108841157456699,0.7123175683012,0.236415215985512,0.0951350556799669,11.9845211422955,248.146710371591,0.116453052839832,3.26055997397791,3.07007411889477,1.62291092901001,0.141040485661312,0.103775446147223,0.0813420219460473,0.0664272828746684,0.0585747276135866,0.430466535846822,0.127504758391063,0.530372898109881,0.178455265364243,0.0902232820698799
"SSA_00090",3.1653430578773,0.03274511956209,0.129864736645479,0.0137383226301521,0.260099845806688,0.0218733708609146,4.70362696899539,0.67449945065264,0.0527571540168752,0.477678519495903,0.212709713054326,0.113505165864074,0.0866751547293481,6.35569135639276,0.695478917515487,0.0472087907804756,0.0431968009790271,0.159114002514987,0.115083541551388,0.0803609595738902,0.077316114627806,0.076447843985385,0.0975892225059403,0.60110154648321,0.10884007475107,0.818538214124272,0.236418192278549,0.0951363036625126,11.9844242401409,248.141860802595,0.116961321888396,3.16372725838211,3.08184163918242,1.60088297688117,0.141038161006292,0.103776015377988,0.0880854654462148,0.0664269450766281,0.0585742062868427,0.430467594533436,0.0933670581319525,0.494759236159605,0.203147107239967,0.0957306189288303
"SSA_00092",3.08833037541039,0.0350111028804706,0.129869031522269,0.0150141247760818,0.260099378834052,0.0218731855341149,4.70359127488545,0.674490794333907,0.052758338075422,0.477684896457782,0.212707930499929,0.113505109635399,0.0819411006898705,6.23544869634689,0.695474575486932,0.0450298484733905,0.0431964572576371,0.170917098568733,0.115087447849091,0.080362593533889,0.058736157551918,0.0764469762530816,0.0975911110360504,0.601092178011903,0.108840209081265,0.865277181700482,0.236410325598763,0.0951355688082983,11.9845659474727,248.144371716377,0.116818268884569,3.16926471430614,3.07310000490144,1.57576778286641,0.141039636666003,0.103774424392901,0.0882199624429761,0.0664272236124051,0.0585737941242182,0.430470018353002,0.103694533250016,0.53335476460626,0.208217755285003,0.0984721956480906
"SSA_00093",3.0680537263627,0.0208395267422673,0.129866278529905,0.0166470598305764,0.260097390176206,0.0218730384376122,4.70356469088587,0.674509562389962,0.0527566682601464,0.477667103764609,0.212709886165096,0.113505228201085,0.082155547114412,6.16709513679727,0.695476466242157,0.0485360260534948,0.0431978491112252,0.176381972006306,0.115083701884767,0.0803603510175124,0.0758317253325902,0.0764463460285306,0.0975914199531312,0.601085971056632,0.108839760971634,0.82304690852877,0.23641832636556,0.0951352584393155,11.9847157137185,248.145650945585,0.115976535540753,3.0824850741633,3.07336260668882,1.62663370111281,0.141038471564997,0.103774262438715,0.0956495460264417,0.0664274819361722,0.0585743690699375,0.430470496200702,0.127586168058516,0.551724362965861,0.201870628345255,0.0924763257917154
"SSA_00094",3.45701942193692,0.0325563642059963,0.129864755196817,0.0166657653116321,0.260098792682066,0.0218727703819958,4.7035528851331,0.674506057359448,0.0527576677338563,0.477680248814377,0.212706748981665,0.11350762102867,0.0870668240928903,6.44367792351272,0.695473057222358,0.0465470988620812,0.0431965764115673,0.177183022677843,0.115083260220454,0.0803598413743317,0.07889204674258,0.0764477675293715,0.0975912948689873,0.601097003699122,0.108840464542249,0.804189480820263,0.236414535931216,0.0951355818479796,11.9844145513965,248.143381965149,0.116238206577237,3.12943306122175,3.0785127832658,1.63473308431453,0.141039648726015,0.10377553278723,0.0766625609386739,0.0664278006573162,0.0585735199725826,0.430469263836175,0.103588355051758,0.563605816459034,0.231224333752205,0.0941544701211566
"SSA_00095",3.09044656333436,0.0379140195671294,0.129865242957928,0.0114941208938879,0.260102250643592,0.0218735871058057,4.70368400592347,0.674493332206284,0.0527572388551914,0.477687112335336,0.212709516482171,0.113506098819363,0.0885298720887197,6.21993216990337,0.695480722296501,0.0412735363149183,0.0431975360961337,0.142747412190366,0.115084022615664,0.0803621593250651,0.0683387547664324,0.0764481957246513,0.0975873615231072,0.601096571952495,0.108838351176048,0.862935877712565,0.236420152611919,0.0951366349021342,11.9845511511383,248.143354873737,0.115924417579194,3.03029232849383,3.08599083633736,1.54149780320101,0.141035777494683,0.103773562751272,0.0872440015441406,0.0664266053159219,0.058573457128923,0.430474594115086,0.0861760303487379,0.526984688116072,0.187046285584717,0.102764485484044
"SSA_00098",3.36246078246089,0.0364904271526213,0.129867571752006,0.0145397134902379,0.260103755389345,0.0218731779467274,4.70359124862056,0.674502467949086,0.0527581053975007,0.477673227180518,0.212708893435727,0.113504578473227,0.083957804838833,6.30724751477605,0.69546644948473,0.0499058534862838,0.0431964931229573,0.158106289742971,0.115084243325881,0.0803623017145447,0.0798967543068,0.0764472107062296,0.097589667743872,0.601092959223227,0.108841884565914,0.779995388802166,0.236414150390515,0.095133742463366,11.9845988494133,248.141731036272,0.117096078817673,3.26761712531352,3.08063080235024,1.60652337177423,0.141042942622422,0.103774400242725,0.0843076182685848,0.0664281584506825,0.0585737784063446,0.430465033616305,0.0708074282282707,0.504234587865847,0.191273412771109,0.0951896563386285
"SSA_00099",2.82689019893975,0.0371649170430789,0.129868880760381,0.018026394449601,0.26010213407187,0.0218730041303219,4.70367128858362,0.674505121972148,0.0527588520908516,0.477670954107113,0.212711322288286,0.113507764358883,0.0875944141684141,6.21354542802859,0.695470473183226,0.0540213571140536,0.0431967512807942,0.162825841572408,0.115085764969459,0.0803603159225078,0.0768552218621786,0.076446021624279,0.0975912141193466,0.601098413283437,0.108840887131277,0.803329609074891,0.236414678041109,0.0951336227663631,11.9847909073435,248.14283394002,0.116958775930019,3.39635229425972,3.06835505461963,1.62167110103988,0.141043123328376,0.103775042445561,0.108746578703837,0.0664279381399226,0.0585744051292758,0.43046360093324,0.109007696928329,0.560831599853709,0.180600173032044,0.100669970524574
"SSA_00100",3.28463273367521,0.0366575255019724,0.129866767025528,0.0146343996960798,0.260100500282127,0.0218730030226051,4.70360546893651,0.674500346955636,0.0527579916837099,0.477682350060269,0.212707971542092,0.113505048638218,0.0843718007470602,6.32122687768071,0.695471993566271,0.047895795411564,0.0431967436600414,0.151842362131394,0.115085711514252,0.0803618782024557,0.0733414189036232,0.0764478218988953,0.0975903408647683,0.601095573325647,0.108840304812591,0.831328324985483,0.236415373528008,0.0951347471541545,11.9846178756248,248.142502732625,0.11651579321095,3.17860650294255,3.08032099122541,1.60505621246674,0.141041340629338,0.103775264729286,0.0826004126379001,0.0664273016596285,0.0585739660701845,0.430463124396118,0.0793149429033626,0.520856060269356,0.192677103892869,0.0954210672984008
"SSA_00101",3.37447099325063,0.0292168766254475,0.12986440152609,0.0178905278463197,0.26009950166242,0.0218732458836585,4.70357283899726,0.674515906027239,0.0527569335729773,0.477669359397594,0.212710265608295,0.113506477150034,0.0828463807483395,6.48110403364738,0.695462951840709,0.048905481100354,0.0431973793316227,0.171971344658145,0.115084054573169,0.0803599785628225,0.0839920544337152,0.0764475211011926,0.0975916661545781,0.601092273206469,0.108841222004767,0.822230246618863,0.236418170391505,0.095134749761984,11.9845915431727,248.14288215136,0.11626993210353,3.21538481959946,3.07646636391107,1.64451827747322,0.141040929599967,0.103776852749492,0.0945773313232972,0.0664283928828764,0.0585740493962237,0.430471562548887,0.116998997537272,0.506813260356745,0.239104390327535,0.0945252615530023
"SSA_00102",3.02293153364934,0.0367482105360654,0.129867383641117,0.0172073700274865,0.260101087330777,0.0218732772933361,4.70354341677476,0.674503206991477,0.0527574804211295,0.477672406160978,0.212706894629721,0.113505193999807,0.0882919767090117,6.19023478649126,0.695473676827114,0.0419699326805313,0.0431970411324829,0.182934898954309,0.115085013399879,0.0803622746067221,0.0865022299467295,0.0764463504876537,0.0975887329983754,0.60109773776035,0.108840218444296,0.853301811083181,0.236421907811908,0.0951349947817369,11.9849902195867,248.146189187171,0.116860496495329,3.14923479479632,3.0768598700624,1.61691463279817,0.141040354849286,0.103773437857591,0.0824624474713204,0.0664266510770294,0.0585748571915401,0.430473579236374,0.103818278551909,0.547785355850997,0.19343441672655,0.0881665673411273
"SSA_00103",3.55560245294553,0.0375761619734634,0.129865216975223,0.014008535975866,0.260100060982343,0.0218733006484754,4.70362546321481,0.674509329725514,0.0527581012369775,0.477678346431667,0.212709396363036,0.113504596935992,0.095484655422613,6.13517646764573,0.695483722265153,0.0475596784910414,0.043197588096446,0.162554912339703,0.11508113999115,0.0803600076966225,0.0947240315597524,0.0764465057961046,0.0975919779123366,0.601099496145662,0.108839723684609,0.806213060368575,0.236419152705043,0.0951348145456448,11.9846100667447,248.142950109152,0.116716850176672,3.23367468952907,3.08095573077401,1.5821080917758,0.141039271181267,0.103774739579162,0.0928512330123218,0.0664266587105534,0.0585741150468398,0.430467630810003,0.0936371618781796,0.511555250163151,0.213252569295378,0.0944521234514884
"SSA_00104",3.32658487134406,0.0182630000291318,0.129866242681122,0.0129574174693542,0.260100428224442,0.0218730979755203,4.70355954604149,0.674510574782183,0.0527562966350568,0.477660393900758,0.212711021590153,0.113504555184094,0.0865214367101157,6.29573463759246,0.695480214091886,0.048836401836779,0.0431970341817761,0.142634741075207,0.115080394965042,0.0803609769656072,0.0698550150639951,0.0764478757597763,0.0975891609927306,0.601089268679855,0.108839975491815,0.76319154985916,0.236419750717566,0.0951373262730795,11.9842136086823,248.143315183659,0.115941719568721,3.20203369643666,3.08227910734154,1.6355423202012,0.141036127152654,0.103774332230764,0.0970373293628831,0.0664281237266175,0.0585730292455243,0.430466640227041,0.0781932523044397,0.497468683898139,0.213544474179498,0.100951248237935
"SSA_00106",3.39443795172149,0.0283570264131201,0.129867161627314,0.0140925575026309,0.260097056805395,0.0218732570309958,4.70356608127171,0.674502975266931,0.0527574793194557,0.47768308300202,0.212708534874158,0.11350551437035,0.0861914845649827,6.33408365207562,0.695475730935028,0.0448341310966566,0.0431967964834602,0.157522287604024,0.115083503815528,0.0803619785313095,0.0689290990155219,0.0764474745140962,0.0975904061156723,0.601099003246169,0.108840283444834,0.781363283958898,0.236415814994144,0.0951351894423866,11.9844881567985,248.145957092649,0.1164195778097,3.17484425987722,3.07883004317018,1.61208556215781,0.141038274763448,0.103775181452891,0.0839268487515839,0.0664268383044424,0.0585742859318049,0.430466190120841,0.108188990575993,0.514992576670503,0.184024075925126,0.0982372962300342
"SSA_00107",3.05026609719552,0.0301220575285817,0.129866912835592,0.0162443164006211,0.260100116448391,0.0218732022068021,4.70355979153618,0.674503866107824,0.0527585172612971,0.477686038424143,0.212706832517585,0.113504235575139,0.0878627537158152,6.20502754430493,0.695476250517315,0.0485257910016021,0.0431967382119166,0.155624344515813,0.115086477637007,0.080361636445992,0.0769709159583929,0.0764468367230831,0.0975898966711493,0.60109332790437,0.108840335700145,0.894342760955543,0.236416445507722,0.0951347039254743,11.9848054653298,248.1473471055,0.116288013499054,3.13984341347344,3.08035113271106,1.5673503783947,0.14103983727899,0.103774072301077,0.0830714259028363,0.0664266203167588,0.0585742761667565,0.430465239081437,0.112043918854623,0.590158166187399,0.180285258110983,0.104787492907758
"SSA_00109",3.06522623039489,0.0303209273061777,0.129867947227726,0.0194776090093019,0.260097692741704,0.0218728491221563,4.70365335200141,0.674523055255569,0.0527599036021641,0.477667984045761,0.212710548815556,0.113506738644844,0.0883197565993769,6.30188075324092,0.695479925650571,0.0522550008253734,0.0431971011177939,0.128833394318512,0.115085293606884,0.080359569492959,0.0847135181687348,0.0764476835370367,0.09759231675979,0.601097286180608,0.108839562842326,0.754832702560091,0.236414358418134,0.0951359497048909,11.9845788348593,248.142519559369,0.117078884543966,3.09319205447541,3.07873652317786,1.6457854416986,0.141041288800948,0.103775885193562,0.0839827957719976,0.0664282270859922,0.0585744247590024,0.43046220333996,0.0993727318680225,0.518806605707804,0.167217316492458,0.104878038691427
"SSA_00111",3.17352246409865,0.0236064655221493,0.12986523102691,0.0119836727740585,0.260099445744369,0.0218729307363742,4.70363469889133,0.674497954962162,0.052756865687673,0.477674689401481,0.212708593015754,0.113505363944806,0.0907915421435475,6.15719532622677,0.695489466234568,0.0420846081599436,0.0431974967065393,0.159913631645805,0.115085130434472,0.0803631031782385,0.0744605282583047,0.07644676521215,0.0975888302042261,0.601093252989653,0.10883882070569,0.856917758665319,0.236420139708485,0.0951367579422079,11.984845985772,248.147967572323,0.116069525390134,3.09006074593397,3.08181236200129,1.56875756027686,0.141034813897558,0.103773564223747,0.0874296216357255,0.0664266609370234,0.0585739514450476,0.430469329524579,0.073138815859158,0.581116508197166,0.173283887632769,0.0992855113299671
"SSA_00112",3.0199800745459,0.0240687260219458,0.12986657829838,0.0146184317189311,0.260100890151255,0.0218733536271681,4.70356649120629,0.674497533994022,0.0527577385269588,0.477674432135638,0.212707414296153,0.113505929451497,0.0892341704632564,6.22044935814856,0.695479665592053,0.045861430104408,0.0431969730674147,0.164278551342344,0.115083932475284,0.0803616094414581,0.0762855392967477,0.0764466153985257,0.0975893085454182,0.601096406390223,0.10884002168407,0.812190869181921,0.236418613311035,0.0951355162391288,11.9846973465103,248.143320222755,0.116884188407866,3.15761184462381,3.07761248733945,1.62578073067175,0.14103926344725,0.103774359361083,0.0863646287304928,0.0664275985938905,0.058574209120739,0.430464699114625,0.0960564355637641,0.49987732135557,0.181831970485857,0.0950117051578906
"SSA_00114",3.107093972104,0.0242777579957529,0.129866212270058,0.0167494746528064,0.260099012796262,0.0218729373581996,4.70356765138646,0.674515691865236,0.0527571820051338,0.477673945120979,0.212711631648292,0.113505805381578,0.0876273287030237,6.29589236345483,0.695466177129904,0.0453962801933012,0.0431966216378815,0.183357007954446,0.115080901925324,0.080359520483186,0.0829860945056755,0.0764468285921769,0.0975908893219831,0.601098226556143,0.10883951301366,0.731090872197411,0.236422226586229,0.0951358036956903,11.9846120721276,248.144325171407,0.115876865534891,3.25352958964402,3.07299895071338,1.68850769642969,0.141040398104685,0.103773173212451,0.106966816416447,0.0664268851677437,0.0585740293405564,0.430468889171585,0.124001367743839,0.54639877917227,0.219599447785628,0.0889820153670757
"SSA_00115",3.38160088303709,0.0283922814112312,0.129866516621013,0.0138458960084235,0.260097333281688,0.0218732789284495,4.7036194477614,0.674497386051841,0.0527571735110642,0.477671610738306,0.212709532116895,0.113505847937431,0.0848496187195529,6.25337133428314,0.695468283694497,0.0484504808571462,0.0431975757892204,0.161091003186588,0.11508228933231,0.0803617647654113,0.0699352004086118,0.0764468369806668,0.0975906019347215,0.601092717587534,0.108841480145384,0.777388272261872,0.236418399692041,0.0951349091171648,11.9844259968389,248.141583829308,0.115937894945134,3.21026025583511,3.07845162355722,1.62611227937442,0.141038251386183,0.10377465265162,0.0916866900799323,0.0664278413057202,0.0585735566116121,0.430469961832672,0.0879238283896523,0.480093024560742,0.225072253648685,0.0979685380820852
"SSA_00116",3.38259354674871,0.0385048465729799,0.129867382552766,0.014701039509262,0.260096235776561,0.0218733640744431,4.70359248813497,0.674497463718716,0.0527570959729236,0.477675934459724,0.212710372442566,0.113507514196464,0.08957863994042,6.20327887135555,0.695471882560084,0.0429830974924109,0.0431968231271949,0.16616763546662,0.115084098413382,0.0803614421947619,0.0762523756428539,0.0764466823941723,0.0975902830464322,0.601101501119968,0.108840544928741,0.768345235219537,0.236417416575879,0.0951335272978895,11.9845905183968,248.140712909241,0.117195779945441,3.21346856038205,3.07456699435507,1.66820336947777,0.141042113370267,0.103774223149447,0.0898526596228641,0.0664286500034579,0.0585743032289577,0.430471766040441,0.119781319210217,0.471044684841503,0.204356258052354,0.0900988587547425
"SSA_00118",3.15232459002309,0.0272549877354236,0.129865689512066,0.0151636619500041,0.260098968941754,0.0218730501264817,4.70356192120114,0.674509023882047,0.0527565819185966,0.477665283706042,0.212710120859155,0.113504941892831,0.0839511950523985,6.21350431245965,0.695483241289416,0.050997642659543,0.0431971246318158,0.153131532620525,0.11507926750903,0.080361361203304,0.077204754452334,0.076446243468289,0.0975900748611266,0.601096046024344,0.10884007617535,0.759834774077698,0.236417426133559,0.0951361373082562,11.9843533236564,248.143789837745,0.116163783293508,3.30682788947633,3.07551084290898,1.61506285285638,0.141034655946191,0.103773542940345,0.109000232975088,0.0664266434828103,0.0585737777768684,0.430469309880902,0.0862222931427168,0.54419926268478,0.200573613920545,0.0962470970468065
"SSA_00120",3.37032336607069,0.0308133466292941,0.129867110201763,0.0174759781034047,0.260099854614762,0.0218730674603898,4.70353081918673,0.674527816846441,0.0527569442692906,0.477686050306597,0.212712124080072,0.113502571294659,0.0800414326679828,6.40004954438179,0.695472868320825,0.050312621961207,0.0431969054918404,0.142974120313423,0.115081785842629,0.080360125357904,0.0783993175221099,0.0764485464280779,0.0975909898252351,0.601101195657764,0.108840485107684,0.754627821552211,0.236418335614351,0.0951351394455796,11.9843890507921,248.148614348821,0.115944431347821,3.36281889838011,3.07830941559344,1.59440576486436,0.141039574888735,0.10377498546071,0.0831301219992503,0.0664254775089097,0.0585747312248055,0.430463161291094,0.122011561577267,0.590873652024631,0.192768396700869,0.0952233600513732
"SSA_00122",3.26550290676443,0.0315912528660723,0.129865493429202,0.0138198417848377,0.260098786577229,0.0218733438737509,4.70353330025659,0.674494321495481,0.0527570576528942,0.477669429848515,0.212709444987498,0.113507821475564,0.0926232436702218,6.25917495003811,0.695484906408739,0.041719102880394,0.0431975254854869,0.145790322830647,0.115086370941311,0.080362681748503,0.0677947417951502,0.0764482566085129,0.0975880615608529,0.601104035084191,0.108839787973503,0.833271658787822,0.236420846768391,0.0951348552643052,11.9847031534551,248.143718594393,0.116889851661131,3.15619821981909,3.08128292284987,1.58301181459099,0.141037438819767,0.103775436549525,0.0676790655820608,0.0664275789430321,0.0585745321732466,0.430464652711108,0.0928227410151544,0.502379626816781,0.168001981952945,0.0979681772872686
"SSA_00124",2.88225305089807,0.0331712078500559,0.129866234236804,0.0199897827398506,0.260099081357409,0.0218730617083215,4.70349766183208,0.674505486730668,0.052760040540843,0.477662015818862,0.212710398147636,0.113508017894785,0.0898281344793102,6.25841383777411,0.695466101985523,0.053893440785036,0.0431976044350393,0.232530004538369,0.115083967852249,0.0803598596219874,0.089615639557361,0.076445488109767,0.0975936983125957,0.601088695567073,0.108842330364311,0.670941793926212,0.236415395277737,0.0951320932972859,11.9849554270172,248.138139838381,0.116226160285526,3.39141179810452,3.06621207221494,1.67852690597739,0.14104095320782,0.103775127725649,0.0941256823796245,0.0664275617799805,0.0585737096170698,0.430468616320137,0.111179007445463,0.480520035496224,0.158404400721686,0.0903366384752066
"SSA_00125",3.13810867258057,0.0388676355710358,0.129867497786819,0.0148636844768335,0.260097245947507,0.0218733105713154,4.70358372411815,0.674492506989868,0.0527582065664955,0.477677888568537,0.212708755952182,0.113505341510009,0.0888991500014443,6.17742957830139,0.695483538140519,0.0432472155816501,0.043197305020186,0.15210159543487,0.115084623424948,0.0803611204485162,0.074560129609952,0.0764470350207382,0.097590192057629,0.601104374688139,0.108839803000043,0.822290724521544,0.236417466502404,0.0951341730043688,11.9847362835564,248.144341172606,0.117337500770081,3.17302951129986,3.07542274310078,1.60669890908226,0.141038121882845,0.103774027199761,0.075781237335037,0.0664267579501036,0.0585746937024427,0.430465893918956,0.10513993280431,0.53239654906881,0.187045134214661,0.0912144309638277
"SSA_00127",3.61322444577617,0.0340352342130053,0.129868747191252,0.0151002623737625,0.260097662110925,0.0218733434162459,4.70350501045768,0.67451040721274,0.052758203760794,0.477690303362989,0.21271108519069,0.113504309157911,0.0845834695992516,6.48318366751699,0.695475887959183,0.0487643029517711,0.0431959322994794,0.171795176968541,0.115084695634935,0.0803602119524985,0.0654121233314234,0.0764483379844664,0.0975919825238472,0.601091189320839,0.108841696395581,0.739274771231727,0.236411576243043,0.0951338608667446,11.9845523096048,248.142997748855,0.115884179717703,3.22092463848336,3.07056101899181,1.586768903946,0.141039636579764,0.103773484496558,0.0710559471505524,0.0664272451959868,0.0585741118360959,0.43045976479775,0.11084783474303,0.523860130226291,0.161188776033406,0.102358026039879
"SSA_00129",3.02402452904011,0.039762694727011,0.129867602035759,0.0166804028272605,0.260096034104361,0.0218736817999785,4.70359422645492,0.674501608932865,0.0527568719509033,0.477673696299985,0.212711122481348,0.11350925764614,0.0900302739685307,6.36776935246871,0.695465802597213,0.0432279327960319,0.0431966616897693,0.164998911168255,0.11508308893251,0.0803597209533858,0.0727907328628897,0.0764465722779653,0.097589394411123,0.601108035136674,0.108840474583218,0.81756830912126,0.236421966974887,0.0951345029282005,11.9845583044411,248.140012652817,0.11738746971888,3.29867360461577,3.07372688384582,1.61591542743384,0.141040419520679,0.103775729796305,0.0907697005882176,0.0664278746562444,0.0585747507240999,0.430471229376328,0.126103386217002,0.457893159660949,0.209739629149681,0.0958857113489902
"SSA_00130",3.12070709408126,0.0303438576240274,0.129869046804769,0.0168465308137592,0.26009772930716,0.0218735916818616,4.70350501233716,0.674502251540654,0.0527579899634385,0.477673178284331,0.212710685216568,0.113506074298899,0.0904145936797258,6.28868289232864,0.695472762872373,0.0403062332863717,0.0431973286102798,0.196545795009677,0.115085278124207,0.0803619762444998,0.0718855738101375,0.0764465395815904,0.0975901358893929,0.60109067430365,0.108840729496086,0.799370788703165,0.236421010797719,0.0951334597099936,11.9849662350934,248.142019889257,0.116791226799514,3.22063744678651,3.06796245051535,1.65957071479771,0.141040782425231,0.103774685245557,0.0895351127155326,0.0664278384996088,0.0585745413329293,0.430472559275415,0.12032965124282,0.505898171534402,0.210031154140846,0.0920747332051278
"SSA_00131",3.14899711477716,0.026074245467799,0.129865454080437,0.0116966934524418,0.260099418590806,0.0218731244151509,4.7035792960836,0.6745021240103,0.0527567460079945,0.477664693646614,0.212707014927143,0.113504682751634,0.0885101537192298,6.0899892141341,0.695480631576392,0.050386266506287,0.0431972653566261,0.159380777691141,0.115082272582309,0.080361028179881,0.0758632763505042,0.0764464489102631,0.0975889850538915,0.601092582449803,0.108839778481825,0.73347313714404,0.23641820747056,0.0951364694986758,11.9847832573321,248.146325332229,0.11631427247903,3.17787464085077,3.07941823435122,1.59725428621784,0.141033844021918,0.103772686492665,0.108001815449596,0.0664273531753515,0.0585738413246646,0.430468419909678,0.0805120489514287,0.550931219584212,0.162556661167564,0.0946035341473458
"SSA_00132",3.58298273187253,0.0336924063328357,0.129867189554871,0.0142661974028031,0.260103250282351,0.0218734373641728,4.70357501500102,0.674500715420473,0.0527576126168072,0.47767504993275,0.212713711946103,0.113506944212763,0.0904341648922418,6.52829453404202,0.695476469615766,0.0433695425999651,0.0431969057104643,0.183113138163736,0.115084625544258,0.0803618779804387,0.0757352452856115,0.076448801501152,0.0975900025809392,0.601098048198172,0.108841880378658,0.764937790258063,0.236416924663249,0.0951341189662292,11.9845053108774,248.140830629203,0.117136002595465,3.13718078177595,3.07435596104664,1.62535556690034,0.141040117056718,0.103777333564072,0.0741048982078616,0.0664294009218027,0.0585742290441977,0.430469612125123,0.0888149239397965,0.478970900928541,0.196968392658839,0.0971585834406874
"SSA_00133",3.1399904974901,0.0435715472084032,0.129868751260684,0.0143358449259247,0.26009452365976,0.0218733865578065,4.70355619293401,0.674505617519965,0.0527579528891104,0.47766853506964,0.212708169319601,0.113508032784425,0.0857355788556511,6.30692710267095,0.695461410131422,0.0473135542511417,0.043196757287616,0.170907062799028,0.115085696448384,0.0803616921802432,0.0642538064215575,0.076446173093105,0.0975892804305159,0.601092090944275,0.108839990199128,0.778660542883161,0.23641703016784,0.0951340737972662,11.9848977518463,248.140572878829,0.115915063525664,3.32422804507188,3.07465256162036,1.6009102667934,0.141038000524984,0.103773090682997,0.0548067692826211,0.0664281412655996,0.058573450537494,0.430464779726678,0.0920850139555736,0.436643419476469,0.149376501298094,0.100203131761337
"SSA_00134",3.07251034649885,0.0375612773687839,0.1298664831866,0.0161453766301521,0.260099132723331,0.0218735919321211,4.70356571820521,0.674495982037746,0.0527594620471309,0.477687236349458,0.212710397525074,0.113507421476971,0.0894037852182575,6.45244125070879,0.695461041682262,0.0454807965171162,0.0431965433686213,0.182977113857811,0.11508424437269,0.0803608481532086,0.0660889913443302,0.0764465854695412,0.0975900505090277,0.601103456852658,0.10884109672372,0.78240958817597,0.236416498960752,0.0951347387995521,11.9844923450186,248.139402110054,0.117233965417801,3.26811126308932,3.07335702689683,1.65282652666375,0.141037406001631,0.103775000478738,0.0894059491737412,0.0664274615589648,0.0585737164756137,0.430471501657014,0.128715585579688,0.471519640512289,0.1989332440218,0.102026588865313
"SSA_00136",3.09688963933342,0.0280725087993808,0.129869083224982,0.019785236245327,0.260103070796986,0.0218730973734759,4.70355805551791,0.674496351301948,0.0527581287473124,0.477677065523873,0.212713402566696,0.113507906952629,0.0860546655130889,6.44295610933552,0.695486096156622,0.0415506943421684,0.0431964139244093,0.152412872520757,0.115082503172718,0.080361389326259,0.071540117701322,0.0764457433778469,0.097591573185655,0.601089144807968,0.108841056291556,0.738889143677561,0.236416869333013,0.0951347835070678,11.9844742568868,248.141355729255,0.118324909824611,3.3017248939081,3.07103660269894,1.70674764777485,0.141041990809379,0.103773687526943,0.0942161591127587,0.0664290736405038,0.0585742643651609,0.430470398968333,0.146442371015785,0.524127283995976,0.200754123424938,0.0923024014999402
"SSA_00137",3.04538758598623,0.0347753286977144,0.12986757338663,0.0164988215274003,0.260098681961656,0.021873341801149,4.70360875094457,0.674492480557337,0.0527579671555541,0.477669724958009,0.212709635776241,0.113506628642357,0.0847585053218009,6.32409230195639,0.695470801283233,0.0454287856888022,0.043196947421565,0.167141084069338,0.115084192937,0.0803611996492961,0.0719210019948006,0.0764466565392731,0.097589634350396,0.601097264003221,0.108840513871051,0.751504434223877,0.236416406522904,0.0951337418120803,11.9846956393677,248.142887925884,0.117197008129025,3.24858226986211,3.07626290225151,1.62095627277939,0.141040459502524,0.103773997640974,0.0876124727582331,0.0664274339635352,0.0585744570592547,0.430474545996855,0.109151129819901,0.542934048964731,0.228844878784095,0.0953340506268304
"SSA_00140",3.45244430022827,0.0384992100046034,0.129867557060891,0.0107516077290344,0.2600966430893,0.0218738985817975,4.70352837146955,0.674502029338147,0.0527583362982861,0.477679847724946,0.212713813049352,0.113505688839645,0.0894811563279488,6.46834377148757,0.695462698498898,0.0429507101209375,0.0431969596032548,0.178074170330494,0.115086217027043,0.0803612570521425,0.0588626319139903,0.0764481254111073,0.0975908920270879,0.601095166672928,0.108841617258077,0.850504204607923,0.236419643798716,0.0951345695661153,11.9846407612501,248.142809041878,0.115821332276307,3.29433463532667,3.07729897438604,1.61710550139069,0.141035534623902,0.103774422944519,0.0751880574413177,0.0664287615283318,0.0585734522871338,0.430469551482453,0.104642995511988,0.446749032740117,0.188025796981127,0.108178479354964
"SSA_00141",3.47002307421392,0.0311233242031771,0.129867223848935,0.0153915517720819,0.260096005294257,0.0218731713188288,4.70357175210657,0.674510558559836,0.0527579365637421,0.477682188373157,0.212708786693381,0.113506170553791,0.0878215680230191,6.25767493940754,0.695470488598937,0.0460534422369915,0.043197353425777,0.144414317390755,0.115085730492131,0.0803603244270731,0.0645261254056679,0.0764468700293228,0.0975911671172332,0.601098371313096,0.10883891207518,0.837283162870221,0.236417126179885,0.0951354765393785,11.984682629481,248.142251130214,0.115391720101006,3.16960856580326,3.07264574292879,1.62385195055561,0.141040461634718,0.103772716010196,0.0900776293568663,0.0664280618286868,0.0585734556906473,0.430467278433876,0.135528169644469,0.477940580232299,0.179739817304647,0.103229315776692
"SSA_00142",3.43655877117772,0.0276616582051748,0.129866898466485,0.0165659599185056,0.2600992135061,0.021873578000774,4.70356085887175,0.674515294999581,0.0527583132075673,0.477676419796545,0.212710578454833,0.113505845101463,0.0853593167589972,6.59460024704611,0.695476253204805,0.0487022553066303,0.0431964591129783,0.16916004579392,0.115083648921803,0.0803605771405527,0.0756398806449609,0.0764483201191583,0.0975910726549088,0.601098695667885,0.108841220112804,0.831916971940047,0.236418619259246,0.0951355345138334,11.9842917081489,248.139828416414,0.115918493373719,3.27908448851448,3.07035644997603,1.67008061096353,0.141039729713443,0.103774760405813,0.0974239097722157,0.0664279896006675,0.0585732678417636,0.430466821855056,0.110393562825696,0.486968151359743,0.224885180532227,0.104497852984922
"SSA_00143",3.27337202523043,0.034948226637545,0.129866579620077,0.0141238666329165,0.260096622260684,0.0218734866063856,4.70357123332667,0.674503223485922,0.0527579898571851,0.477681206697776,0.21270909078023,0.113506139853623,0.0858888584750611,6.29025977960596,0.695473937813072,0.0464197383560875,0.0431970126840079,0.155039212686226,0.115085262918412,0.0803617761552609,0.067640300839791,0.0764475544225819,0.0975897216743974,0.601098834189469,0.108840264141154,0.830248760612845,0.236417352002263,0.0951352217128686,11.9844622395087,248.14286712405,0.115988387082917,3.16330799796112,3.07760888757889,1.60119903283933,0.141037998549924,0.103773918859079,0.0817204532490133,0.066426837520554,0.0585735762647617,0.430467572212016,0.112718202595101,0.49188143987401,0.176353158409566,0.101494076857646
"SSA_00144",3.31191387710926,0.0318656217703626,0.129867822951708,0.0132632899722345,0.260100583303293,0.0218738419348497,4.70358149879543,0.674498205536967,0.0527578748384353,0.477661676845311,0.212713888106933,0.113508409735633,0.0928392201628381,6.2960084110855,0.695478185273102,0.0410402445084706,0.0431972272475453,0.15059178337253,0.11508442642421,0.0803610484574758,0.0603710519279931,0.0764484878888491,0.0975879443535342,0.601096591868745,0.10883930835693,0.766527866674147,0.236420493967927,0.0951335136353424,11.984642653814,248.143615104857,0.116603357116425,3.20651132305348,3.07647424887482,1.60356999717813,0.141034767177734,0.103773733148286,0.0530987947793243,0.0664291107514304,0.0585738175521883,0.4304729405468,0.0910705987004757,0.554053093762519,0.188434538352199,0.104362415533763
"SSA_00145",3.26591018341437,0.0164593245468102,0.129867115360615,0.0136253223075488,0.260100227044252,0.0218730422867982,4.70366171819218,0.674493575511793,0.0527568984005231,0.477671614744517,0.212708855554275,0.113506108321007,0.0883298806697993,6.40813708786051,0.695467565145101,0.0480603233544827,0.0431967697936909,0.1702407668906,0.115082496725855,0.0803615831165733,0.0767649339870479,0.0764480315575207,0.0975889766731448,0.601093822921225,0.108841704200947,0.740139632829266,0.236416191961278,0.0951334593297252,11.9845848914423,248.144468172152,0.116363890611781,3.11911063272554,3.08027118273102,1.66486254575287,0.14104020631555,0.10377690984095,0.102352747947266,0.0664283307825257,0.0585745135299301,0.430468968521755,0.105866429002758,0.522269191883565,0.222436148367426,0.0993894561749046
"SSA_00146",3.20442019995879,0.0400266215841157,0.129865934356798,0.0144755705815328,0.260104472794169,0.0218732212280716,4.70358339061402,0.67450612981582,0.0527572723067076,0.477685430651639,0.212711982589581,0.113504251435668,0.0861852945465119,6.47301191707106,0.695474485621567,0.0437293804813158,0.0431968930440296,0.16284928975636,0.115082902091751,0.0803601889082668,0.0714430500320142,0.0764482502157639,0.0975899550714809,0.601095091642994,0.108840604623781,0.80752831141799,0.236423455782223,0.095135288708908,11.9846308199695,248.143807220497,0.117044463727321,3.28388705168076,3.07938040407591,1.62624033954972,0.141037298881485,0.103776077876392,0.0735167944707197,0.0664267968120434,0.0585748544137353,0.430461709303559,0.0876571195259683,0.544476914781584,0.217269182370053,0.0950031782964634
"SSA_00147",3.08007515513404,0.0288349226413352,0.129865493366362,0.021388156630649,0.260100890669999,0.0218730141522535,4.7035498653738,0.674511042029561,0.0527589444824408,0.477668181144369,0.21271187710623,0.113507706478817,0.0937383313086679,6.29732747902862,0.69547649934201,0.0458106000606552,0.0431971951076225,0.153535220441205,0.11508247031148,0.0803616363378772,0.0741070298121832,0.0764464954228271,0.0975896052230945,0.601090206353766,0.108839064070531,0.747268656849696,0.236423138461282,0.0951327275470583,11.9847051921287,248.138759948853,0.115902848919814,3.33877157828798,3.07402388506452,1.67546402643158,0.141040153225144,0.103774613710838,0.0883314460198024,0.0664288378295164,0.0585733506748517,0.430468353206765,0.0981584585495913,0.540419756707878,0.216963814797709,0.11497736706236
"SSA_00148",3.32823108923079,0.0244434930896018,0.129868846647485,0.0153594403821272,0.260102120568136,0.0218734454386334,4.70367717975666,0.674499933344244,0.0527567375656598,0.477680432962812,0.212711816943742,0.113504770368883,0.0741339959575237,6.51870454876627,0.695476038985838,0.042850698051357,0.0431964535891852,0.186882676319651,0.115082406734506,0.0803610232632272,0.0744274994237126,0.0764478776117876,0.0975916791166614,0.601094364370954,0.108841906855851,0.782272144992739,0.236416743956452,0.0951379273585885,11.9843086603605,248.142860101944,0.117156186422794,3.20874720906494,3.07229519513977,1.6732758956336,0.141038480613752,0.103775786102088,0.11012189970718,0.0664279077970548,0.0585742480721676,0.430476382229333,0.105535121702063,0.536445426670655,0.257126757601586,0.079409059222478
"SSA_00149",3.28973556403691,0.0292266577317049,0.129868877351796,0.014387242670353,0.260100939400743,0.0218731815941641,4.70363352638358,0.674502040555435,0.0527580084527019,0.477678199888209,0.212711007492087,0.113504798533802,0.0765356393372966,6.5157173417575,0.695473270026246,0.0469121625967536,0.0431964912655246,0.156368706467524,0.115083633037958,0.0803615508493477,0.0693750418472235,0.0764472320495851,0.097592069274527,0.601085633102297,0.1088412256096,0.763143695609292,0.236411403795105,0.0951362499669904,11.9843465192981,248.141954413485,0.117410253320332,3.17779560099923,3.07621604458617,1.68843233776219,0.141040970456985,0.10377544132165,0.0794602324537438,0.066427824849727,0.0585742526695034,0.430464218914092,0.119613674475225,0.448440153851191,0.203351741968617,0.0914411527818188
"SSA_00150",3.07454287178282,0.0264330222603988,0.129869036503669,0.0146596585195537,0.260103686307046,0.0218734485489941,4.70361138591183,0.674492267791279,0.0527571185520064,0.477679923659114,0.212709163010389,0.113503799824865,0.0843488904126002,6.24658872146894,0.695471510956283,0.0472662630855845,0.0431966944714029,0.165784878049621,0.115081802742146,0.0803607791779345,0.0669991448529741,0.0764459316135754,0.0975899208022412,0.601092155901866,0.108840263209449,0.835656258663807,0.236418126770963,0.0951327518397287,11.9845453384187,248.144067917794,0.117224873529395,3.38300728080494,3.06960077792223,1.6416999549223,0.141037664332206,0.103773362081846,0.0933007018755858,0.0664268615834108,0.0585740536704034,0.430461594613061,0.123787261187982,0.547981495402461,0.213116378298501,0.09366444713834
"SSA_00152",3.34392296788377,0.0288311359896294,0.129864617004632,0.0154524028713625,0.26010021960919,0.0218731639153824,4.70357153870151,0.674509265219005,0.0527562910234175,0.477680374895109,0.212710320636201,0.113505391817934,0.0877846010236064,6.35701356183321,0.69547959253605,0.0455176178164144,0.0431966603350413,0.162262915117961,0.115081013576217,0.0803615058346978,0.0712957955360744,0.0764477425972214,0.0975891361139101,0.601098659969941,0.10884007354417,0.753512600575436,0.236422329113258,0.0951357624327094,11.9842945267432,248.142675498385,0.115886153345462,3.25900790868894,3.0791617689619,1.58370039533722,0.14103662612997,0.103775504741631,0.0892158746940405,0.0664265919811263,0.0585735304328154,0.430465301334358,0.0617982275815785,0.529209757000668,0.192788135140433,0.100898134296465
"SSA_00153",3.28101373202411,0.0362894854523307,0.129868722690061,0.0152865216365984,0.260098456999531,0.0218732177490449,4.70359590611154,0.674505163614488,0.0527580978455558,0.477679925464266,0.212710791826672,0.11350344542989,0.0831449281772518,6.44124036060237,0.695479669589174,0.0486413153663413,0.0431963991842278,0.148914003388984,0.11508318802575,0.0803604780016501,0.0732629789639798,0.0764476200051371,0.0975905271544439,0.60109988309924,0.10884010294359,0.827028721916585,0.236415751794468,0.0951356065906034,11.9843987464402,248.142318998037,0.11680922935972,3.20475517120175,3.07819172435874,1.61784905943523,0.141036926828279,0.103774390231043,0.0744885675253543,0.0664269352742004,0.0585737831094963,0.430471810129144,0.0891628772552886,0.541875029861712,0.222206532420104,0.0995460631051115
"SSA_00154",2.9683713082198,0.0363743125751117,0.129867270097648,0.0143222874364699,0.260096230477229,0.0218731229794595,4.70365361396869,0.674497276675959,0.052757791641024,0.477685127687936,0.212708056481574,0.113505242187373,0.0799481481603322,6.32554977509658,0.695477066365433,0.0487607685519539,0.0431963951471234,0.175847837581513,0.115085673549921,0.0803612913745538,0.0642591413712025,0.0764469553386178,0.0975916557433638,0.601092843446508,0.108840185435035,0.822253921370043,0.236414969472707,0.0951357502431846,11.9845566196524,248.142746079491,0.116720957805827,3.21337756386391,3.07062512539225,1.63289161593847,0.141040007225314,0.103774915745253,0.0965082599563753,0.0664278678986152,0.0585743824616633,0.430474464856059,0.102394177642606,0.543651763430391,0.229254836584828,0.0979129679033927
"SSA_00155",3.06693516236222,0.0373690833676145,0.129865755410092,0.0131610557778911,0.260100833593749,0.0218732531932423,4.70365115727971,0.674491764549633,0.0527567112321706,0.477681805706126,0.212710386373873,0.113504333546098,0.0850875466481047,6.20451743302797,0.695481971804221,0.0392594873670323,0.0431973536675545,0.161861524296121,0.115085996673497,0.0803624194634813,0.0750621026013966,0.0764477134213492,0.0975876846861422,0.601100804225822,0.108840342110344,0.86930432607783,0.236420260791129,0.0951361551395977,11.9847538103778,248.145230884008,0.117343456312984,3.07748314419939,3.08186949279421,1.564945175573,0.141038837040106,0.103775404655734,0.0899270021918494,0.0664263727533903,0.0585751573250788,0.430472618568479,0.0880500554416735,0.590642448979026,0.193514403697686,0.0930867496956287
"SSA_00157",3.22445999369348,0.0321105777033622,0.129867552333936,0.0156455002466237,0.260099173308881,0.0218732498756685,4.70355427171986,0.674515077371626,0.0527572944269795,0.477683473782714,0.212708772854409,0.113504311652409,0.0849585874437538,6.35091614357826,0.695470612513696,0.0480763007627406,0.0431968076737519,0.180386313886261,0.115085552059397,0.0803615346878244,0.0733071214493522,0.076447037925435,0.0975906907397024,0.601096124152748,0.108840298594272,0.887908553858343,0.236414053437618,0.0951358168867832,11.9844003186987,248.143543001894,0.116054589558276,3.20086494191808,3.07572324792528,1.57149579003596,0.141038769569644,0.103775266796387,0.0887953579738317,0.0664273939715627,0.0585730500082194,0.430463946043731,0.0914619124488929,0.483163413025053,0.172686603763664,0.0983909526153111
"SSA_00158",2.99374746033124,0.0302429689485312,0.129866965722526,0.0156824639495346,0.260101348028778,0.0218736545702603,4.70355568585969,0.674497304651629,0.0527592010277236,0.477680375785244,0.212707403506487,0.113507666036152,0.0844808253204328,6.30304713016666,0.695468391605506,0.0474743407053577,0.0431970850788624,0.167657087884704,0.115083978721002,0.0803610821148856,0.0588252019685459,0.0764463179099365,0.0975908876378214,0.601091692434731,0.108839517660377,0.902246640533304,0.236417746305803,0.0951346050770689,11.98461182251,248.141375615378,0.116235802513001,3.38336672327851,3.07660791567291,1.64764399075461,0.141038787765923,0.103774015622425,0.0898456598823599,0.0664280206073834,0.0585730436784848,0.430472974049015,0.118745225420274,0.443647495784686,0.220091663263827,0.101991573816195
"SSA_00159",3.54086994120837,0.0228955408759373,0.129865944635626,0.0164552836645456,0.260099851245401,0.0218732703597517,4.70358387955713,0.674499446148233,0.0527559811325059,0.477681516699484,0.212710168278579,0.113507049532854,0.0878235798123032,6.35345153834036,0.695471230633525,0.0387616778243399,0.0431970911240379,0.164462990188099,0.115081283532351,0.0803610737224219,0.0645993928836508,0.0764492856675536,0.0975880998643499,0.6011027822038,0.108838443795864,0.728822187325554,0.236422276626434,0.0951359175351162,11.9844076858073,248.143816260962,0.114833132681939,3.11929376758047,3.07710821603457,1.61944297365917,0.141037366956007,0.103776536913279,0.0886000494455654,0.0664263738015615,0.0585743229329926,0.430463429674284,0.0837070551068698,0.534472170678038,0.209156191600365,0.0966994060145531
"SSA_00161",2.95223635304979,0.0249756142354452,0.129866510601579,0.00883540430973465,0.260099117847671,0.0218735554228595,4.70364541959902,0.674483546283688,0.0527570878290952,0.477674837786164,0.212710379986729,0.113506694588453,0.0911639014947211,6.25763220020737,0.695483364453397,0.0401252398441506,0.0431980661135626,0.160484466072944,0.115085238413056,0.0803637269440881,0.053318286443398,0.076447552170446,0.0975876725901939,0.601097824669775,0.108840771200937,0.811444329594853,0.236421426461794,0.0951348903287471,11.9847255724221,248.144730397317,0.116971204984682,3.14868736224669,3.08085525658525,1.58279178529291,0.141035906505439,0.103776433716336,0.0717191875047087,0.0664284263282252,0.0585744497127181,0.430465396536866,0.10993692558121,0.477379666421049,0.17837812543648,0.0976080433956167
"SSA_00162",3.17671592055521,0.0216013079539328,0.129868175236713,0.0152196753494795,0.260101758171785,0.0218731690257701,4.70357338225851,0.674493704413667,0.0527564685257368,0.477667137860857,0.212710977353335,0.113505408506871,0.0822830376790846,6.25359615091941,0.695474514647744,0.0477021471519808,0.043197340775932,0.15111619551964,0.115080798528042,0.0803613932334497,0.0719456834717266,0.0764464052201251,0.0975896240157072,0.601092840758543,0.108840474088635,0.72413594291859,0.236416478163776,0.0951361298540759,11.984255785071,248.143783414706,0.117372818442133,3.13803550809093,3.07941975976282,1.62481046011413,0.141037464204336,0.103774269714869,0.0903866033643813,0.0664272675335537,0.0585741045025486,0.430462760452214,0.116342669209307,0.485695486694946,0.177192016108997,0.088748315115017
"SSA_00163",2.75310883712341,0.0348613168875143,0.129869748413062,0.0192591095563942,0.260097055710475,0.021872873992476,4.70358160570624,0.674504645231777,0.0527595991526348,0.477667654598612,0.212708210980723,0.113509121889272,0.0925259212969344,6.26041574989768,0.695470538073375,0.0509186417987092,0.043196066491962,0.202933471827463,0.115084528530451,0.080358284966165,0.0734378285675475,0.0764459511322074,0.0975921050919507,0.601091163847229,0.108839440725443,0.761780803019215,0.236422712706798,0.0951335579816833,11.9849756520995,248.143635596247,0.116747316208592,3.30200400844172,3.0675462718699,1.66461654867992,0.141040765488248,0.103772731669415,0.0785119492203236,0.0664275025452064,0.0585742408055373,0.430469958529326,0.118487135199323,0.537919088281574,0.178438616180325,0.0941640739588065
"SSA_00164",3.21398272008715,0.037017609261018,0.129863956384064,0.0144650760558485,0.26010081294971,0.0218729691960486,4.7036308048895,0.674493584948019,0.0527578790859894,0.477674125850298,0.212708924441409,0.113504018195705,0.0833628802759125,6.3859002933682,0.695490107064255,0.0488721914010593,0.0431969510505745,0.153889926040113,0.11508421643353,0.080360245481157,0.0812090918992045,0.0764474875541283,0.0975909891558442,0.601094569382052,0.108840592037646,0.853447846082779,0.236415304992527,0.0951367223860121,11.9843585539999,248.139579174711,0.117669271105548,3.1292617253026,3.08398760476929,1.64631846137209,0.141040201967816,0.10377516090484,0.100572696103699,0.0664275235937793,0.0585740264395647,0.430471051658742,0.0965824827981653,0.509116752188493,0.234300143250603,0.0965812824072462
"SSA_00166",2.99052434467125,0.041985382065485,0.129867505833563,0.0160239877237578,0.260097869080228,0.0218730605246696,4.70359049773824,0.674489765604599,0.0527582059976571,0.477676340682589,0.212709099878041,0.11350499910797,0.0841394442942506,6.18695818628651,0.695468745066167,0.0478836850674169,0.0431965425101137,0.173811150815009,0.115085869088232,0.0803610039795406,0.0671028289114795,0.0764464760061589,0.0975909644937085,0.601083864777562,0.108839821844244,0.801385074257078,0.23641779229387,0.0951327106356296,11.9849003524916,248.139605583739,0.116426745986035,3.32994498443194,3.07216737880844,1.65178362777805,0.141042024413358,0.103772722674813,0.0878599394678082,0.0664284518217138,0.0585736744772089,0.430473148248896,0.0829699550228005,0.50227120732234,0.206880110693204,0.0947431337785567
"SSA_00167",3.12773762891934,0.0417264085482413,0.129866843572497,0.0141451197644921,0.260096850820962,0.0218733273628243,4.7035438292604,0.674502471104368,0.0527573200305717,0.477680636210051,0.212710913200834,0.113505571458992,0.0836962307124285,6.18976344009866,0.695468035647191,0.0484727310853366,0.0431972108555807,0.150268902181058,0.115085642381931,0.0803599908573097,0.0664821697874727,0.0764463844968655,0.0975908476319067,0.601092319769463,0.108839780605371,0.877484498525366,0.236417196161567,0.0951356333038062,11.9845234268941,248.140261647723,0.115900442774546,3.26323873362033,3.07748945727807,1.59321525077102,0.141039969125427,0.103772855646357,0.0989817782296677,0.0664274530411077,0.0585729250880889,0.430472552916183,0.122303785068661,0.46773252532917,0.207143817882312,0.0959437154703305
"SSA_00168",3.46910708625271,0.0249880751423296,0.129867758520597,0.0141171210950987,0.260097618846357,0.0218731536532846,4.70361227386643,0.674509937128422,0.0527569783889135,0.477681982024355,0.21271110544748,0.113502950015108,0.0791154689572777,6.54504521574955,0.695466836344741,0.0472926526126547,0.0431965888867619,0.17421247558594,0.115083354129054,0.080361384268341,0.0713503517556366,0.076446589322142,0.0975916101433846,0.601102739672924,0.108841785300707,0.862136659611553,0.236416450509291,0.0951362828386442,11.9842315500034,248.143862521179,0.116833387630124,3.23205360076936,3.07051344007485,1.66458625607612,0.141039860810254,0.103774342815087,0.115583074433945,0.0664271874999847,0.0585739399561354,0.430461842856982,0.128790043093362,0.515126903852407,0.172209290967542,0.096076036697951
"SSA_00169",3.42491690808174,0.0470659687184593,0.129867256834257,0.0164447369452865,0.260100343234575,0.0218735186353621,4.70361238583542,0.67448764059091,0.0527575835291422,0.47769055673165,0.21270873119191,0.113508027957492,0.0881871568734208,6.30149546478305,0.695480202554394,0.0428685271405742,0.0431962890041294,0.145916252375194,0.115085642102614,0.0803607357860923,0.0726123744722506,0.0764474832217798,0.0975893575421375,0.601106511277175,0.108838637776126,0.798996129469109,0.236424617661564,0.0951340560454282,11.9847547775831,248.14705877544,0.116591592106593,3.27780611077689,3.07990447193565,1.57198899179512,0.141040499934952,0.10377393148233,0.084091580395353,0.0664262350062185,0.0585746328314034,0.430474176017737,0.118431455327734,0.610435377839532,0.203638458358482,0.0880998482238194
"SSA_00170",3.12455730158262,0.0292699827728355,0.129865934279667,0.0147225033179326,0.260100414260752,0.0218729973434043,4.70367547763578,0.674504297696764,0.0527579331199127,0.477674445034939,0.212706413857679,0.113505263965761,0.0835608225069814,6.07572753805154,0.695476665754016,0.0494412662183097,0.043196980368999,0.158794643247687,0.115081773581597,0.0803610852533634,0.0767390341425157,0.0764467228174476,0.097590923452047,0.601091181429812,0.108841085161605,0.716106016797924,0.236416808512271,0.0951341110963839,11.9848120703024,248.147738077554,0.116849847284739,3.28739977547322,3.07103515412715,1.6326260070928,0.141040725557466,0.10377340898554,0.0988711877790571,0.066427138240703,0.0585749585047343,0.430466590328719,0.100404654675138,0.589482028537694,0.220416896012304,0.0935869235640657
"SSA_00171",2.68830530073339,0.0277370770346596,0.129866475882779,0.0138239582874407,0.260100113897911,0.0218731733695506,4.70366581579071,0.674491699422002,0.0527582242441166,0.477674058387544,0.212708737248691,0.113505883516984,0.0857570691599547,6.24313867454599,0.695473562461118,0.0490062375809262,0.0431971634754173,0.17319821496812,0.115084099896609,0.0803608775526638,0.0707085910896935,0.0764462711413927,0.0975895591610688,0.601092825804254,0.108841446633412,0.757753571965501,0.236416441129247,0.095133948370406,11.9846552302109,248.141749231372,0.117929802362218,3.23191042127621,3.07498089324188,1.63521859282342,0.14103791658324,0.103774329121233,0.0968020011732825,0.0664270824081108,0.0585745436558874,0.430466312640516,0.112371751192521,0.506831054799984,0.178872921779767,0.0933633862295926
"SSA_00172",3.52624615007312,0.0443048558195961,0.129868509570043,0.0135318220770358,0.260099015424627,0.0218733658068475,4.70362680334149,0.674496644708069,0.0527571021456662,0.477686438490164,0.212711674379377,0.113504421079139,0.0830650140814456,6.34939141898228,0.695480635818554,0.0440084453503943,0.0431971334901319,0.157314022486326,0.11508390158447,0.0803613220679783,0.0662315872820662,0.0764475406301474,0.0975908387982618,0.601104824423621,0.10883947817053,0.915389754050475,0.236419848871721,0.0951361138016305,11.9844612114671,248.146014282464,0.115655838085518,3.32450200092704,3.07584419102428,1.54338898115744,0.141036355886053,0.103774183697839,0.0921479449543618,0.0664258519727669,0.0585735955012451,0.430472341322702,0.0908540300609028,0.570616484844217,0.203576401067715,0.0965248192919183
"SSA_00174",3.39306477655029,0.0261269434470932,0.129865222104569,0.0133125862883708,0.260098982877056,0.0218732542583869,4.7035992329998,0.67450327265235,0.0527561668591527,0.477678817724832,0.212709864421768,0.113506966524049,0.0858465808408468,6.23555127146344,0.695484622505414,0.0434290910369601,0.0431975959192921,0.146140910425174,0.115082150200469,0.0803611059320119,0.0655413402569195,0.076448083638364,0.0975897543972542,0.601102040670213,0.108839726199264,0.883201671966831,0.236415340977482,0.0951365135106173,11.984270893564,248.143665667267,0.116125139884994,3.15725782001196,3.07564057831258,1.54931247533212,0.141037951552223,0.103775655992542,0.0997993824398767,0.0664268373001933,0.0585737189024937,0.430464299825081,0.106025148473249,0.505829902105099,0.19838834734893,0.0959423461271101
"SSA_00175",3.22327718267558,0.0339029192997347,0.12986856052233,0.0137468647365815,0.260098522310445,0.0218734826665448,4.70356394586269,0.674483459413159,0.0527578993607835,0.477685042940052,0.212709594661243,0.113506189248697,0.0841971307435922,6.34109323448935,0.695473508152955,0.0447584425541502,0.0431967974640334,0.161377586599927,0.11508526724833,0.0803601882036493,0.0611559811230349,0.0764465267667035,0.0975917279207077,0.601096793063425,0.108840108659961,0.937642658810323,0.236416209966488,0.0951360571226823,11.9843898188354,248.1421659067,0.117216803073438,3.30053029665136,3.07682876018097,1.6240797923379,0.14103776977159,0.103773156005076,0.0830042669263076,0.0664275030143831,0.0585733454188581,0.430462579122644,0.12438369425157,0.474604591036226,0.208985775295302,0.0901369098766872
"SSA_00176",3.00182539836223,0.0176156082071153,0.129866284087471,0.0133973708438021,0.260101042965474,0.0218730760333156,4.70361717940182,0.674492462400496,0.0527570206000781,0.477675776037326,0.212712744128429,0.11350577460572,0.0921751275652969,6.23775257841179,0.695475379279345,0.044730077045365,0.0431969736609078,0.132319881397288,0.11508055384287,0.0803631124704639,0.0672582645403851,0.0764480086408108,0.0975880753861341,0.601093804965691,0.108843171632653,0.846236282251157,0.23641420289994,0.0951338306831574,11.9843105978832,248.140188047728,0.115813549830297,3.05514203545859,3.08790437704712,1.57045725082462,0.141035841375342,0.103773660568901,0.107790996260896,0.0664304740439279,0.0585734991879499,0.430457763124329,0.119704897910888,0.447236493924376,0.164487860211862,0.11151490118476
"SSA_00177",2.92436115813758,0.0282955276136426,0.129868335325203,0.0137314424280394,0.260099785718518,0.0218733158742022,4.70366721074592,0.674494597899071,0.0527572893259844,0.477673248805146,0.212708571513635,0.11350476015513,0.0799927366045345,6.2215749244688,0.695477427719647,0.0467619559886769,0.0431970700123398,0.154896348624047,0.115084015605173,0.080361192222657,0.0655789989455668,0.0764477971543883,0.0975890703471585,0.601092549260465,0.108839263580529,0.884635204775635,0.236415448822935,0.0951360336610411,11.984466392363,248.141962529396,0.116400039346738,3.11529658554331,3.08099071558107,1.59687645230963,0.14103981150799,0.103775411328744,0.0847952223850473,0.0664270678902651,0.058573973966054,0.43046677293867,0.0946583877176652,0.466663759624271,0.205525233261295,0.089676597528269
"SSA_00180",3.16029651350894,0.0184606866797568,0.129867172806778,0.0133331204406644,0.260098347054737,0.0218729813895012,4.70362890527494,0.674495445056934,0.0527568781314681,0.477673080835468,0.212709016943813,0.113503863128453,0.0764492243057064,6.29884656207792,0.695485498742794,0.0455853329959313,0.0431969103557469,0.147789723484203,0.115083456887196,0.0803617370156168,0.0601449441978277,0.0764475390617384,0.0975908712417818,0.601086171343039,0.108840761341418,0.774343510004598,0.236410751341893,0.0951359370712967,11.9842409631914,248.147094120419,0.117155639471823,3.13631220879188,3.07797012081062,1.62812819238153,0.141039284409888,0.103775386938507,0.0791419047930841,0.0664273315740637,0.0585747148366387,0.430458754192737,0.114970299009483,0.505207146438054,0.187061285709972,0.0902383339025802
"SSA_00181",3.21680776470732,0.0278513978239288,0.129865381825571,0.0149041673715952,0.260101246807693,0.0218727883667163,4.7036145216462,0.674497781241036,0.0527584660406182,0.477675006445138,0.212708057597186,0.113505556887074,0.0904368682904541,6.33872991603471,0.695485773557593,0.0506131068553273,0.0431969717011287,0.17152240867008,0.115081678301205,0.080359925736137,0.0812196875818194,0.0764475485447748,0.097591007728028,0.601095021126688,0.108840794054528,0.798087114679895,0.236414944411607,0.095134062157358,11.9846362193197,248.140764910803,0.116761715386259,3.14949266752737,3.07912654890326,1.6454406858008,0.141038427521337,0.103776613228486,0.0815630558165493,0.0664277722314845,0.058574802078505,0.430455200899129,0.107098416626628,0.50632663451553,0.187291248764009,0.094892887172936
"SSA_00182",3.1745210424648,0.0333030420223029,0.129866049178284,0.0146362784662455,0.260103346439361,0.0218731279118926,4.70360384306941,0.674497949225804,0.0527575627245373,0.477678135919136,0.212709228306066,0.113505856279081,0.0863719698366263,6.19140918102878,0.695496398875333,0.0410822993225686,0.0431969182408435,0.160070311415135,0.115083937864362,0.0803617515757738,0.0681123961869733,0.0764478335579173,0.0975892648207896,0.601089871467426,0.108839278052133,0.777018616049973,0.236419823085325,0.0951344900333104,11.984859783222,248.146105060191,0.116621232740616,3.21829520523671,3.07550931432676,1.6024494357951,0.141038254856052,0.103773571802674,0.0672824208234705,0.0664260668438434,0.0585750291613809,0.43046157068444,0.082295879063973,0.573204294741261,0.182789678042051,0.0876617912484142
"SSA_00183",3.11291977533272,0.0350818380714428,0.129868932118548,0.0168459527758283,0.26009865802645,0.0218732734862969,4.70364478970848,0.674493652930806,0.0527578017806333,0.47766909686204,0.212708835840657,0.113509506448022,0.0895029229313019,6.28441882288084,0.695476449133195,0.0430379358893047,0.0431967271793403,0.171784305016728,0.115083367435778,0.0803607756661117,0.0788166361794696,0.0764470352195697,0.0975896767231117,0.601100870780863,0.108838351240491,0.820978902387657,0.236422186980254,0.0951346715916024,11.9849870363846,248.143877455749,0.116019713410766,3.1797448620309,3.07400636297775,1.61185553483255,0.141040167218278,0.103773961797789,0.0827496344394696,0.0664276712779071,0.0585745303632343,0.430477588802151,0.0816910789966914,0.551103817064864,0.211421491561127,0.0914777087619121
"SSA_00184",3.27332928663642,0.0338192107650825,0.129865461391174,0.0149976184665533,0.26009631653158,0.0218735130737531,4.70357848852907,0.674510401041301,0.0527577287236843,0.477677605562261,0.212711516405484,0.113505357190435,0.0876604761718028,6.4216110675503,0.695469230588092,0.0470830999328313,0.0431970376993318,0.174414059454351,0.115083250377761,0.0803601243657487,0.0822529181233504,0.0764473361133887,0.0975908963308575,0.601100532295518,0.108841216011423,0.788765157138925,0.236417472390216,0.0951353120057615,11.9843844202064,248.140200220377,0.116506995897124,3.17084343043561,3.07622859191077,1.6584482795436,0.141040020316821,0.103775079592872,0.0907452611803857,0.0664272345982157,0.0585738500099641,0.430469983123682,0.11844542132977,0.466658090241932,0.214949756514353,0.100051517658696
"SSA_00185",3.52433194137753,0.0424788859809338,0.129867412780224,0.0163715512172029,0.260092959447973,0.0218732177476653,4.70349186228098,0.674505217561086,0.0527580730807789,0.477673608255325,0.212710381575104,0.11350813323397,0.093623060103609,6.35574919744807,0.695461473806444,0.044876030751135,0.0431968631705889,0.156240228488977,0.115086454153576,0.0803616502193084,0.0664016602129301,0.0764469300329612,0.0975894466725528,0.601104933440662,0.108840739035187,0.800298025816442,0.23642034697695,0.095132652374803,11.9845971962369,248.138231411419,0.115554121995544,3.2915247264587,3.06931637219248,1.68898017459173,0.141042272290664,0.103773249133708,0.0912666446413476,0.0664286355551095,0.0585730427788095,0.430472547044654,0.108570183080364,0.465378649770111,0.204701042964099,0.106481020373278
"SSA_00188",3.1521359522913,0.0162118049777121,0.129869369823784,0.0152548962424928,0.260096501594427,0.0218732561270375,4.70351568216447,0.674505089289737,0.0527565228260728,0.477672812451383,0.212710659421071,0.113502830460268,0.0753925290597843,6.30436641134402,0.695467929489835,0.0452198511838427,0.0431975081074588,0.176208749729712,0.115083742522597,0.0803649634628812,0.062619348154912,0.0764474341072884,0.0975892282854401,0.60108878732889,0.108843428465168,0.732931210734413,0.236410935749898,0.0951339097976287,11.9843470969402,248.141082221742,0.116548956709331,3.12998992823656,3.07622031262157,1.6214041977858,0.141039640669873,0.103776805975136,0.0961276292028593,0.0664274092255844,0.0585742188879093,0.430463504417354,0.114618984923685,0.440160606237551,0.191302392358939,0.0894720632848363
"SSA_00189",3.1587789337091,0.0236040313263533,0.129870108811392,0.0155626503616447,0.260100360101621,0.0218735820977946,4.7035887329803,0.674506411643844,0.052756634897859,0.477667978457059,0.212713473805074,0.113507070477259,0.0800970526021013,6.42609898075189,0.695479750259632,0.0436105070050255,0.043196599548308,0.159453166753143,0.115081809809041,0.0803601692882666,0.0716270597236876,0.0764478250313141,0.0975911994427303,0.601094083550976,0.108839836460596,0.810059246119153,0.236416404746339,0.0951373556082489,11.9843534822799,248.142402117683,0.116635835785448,3.2944800946258,3.07422010451256,1.63180757209058,0.141038415297897,0.103774834850247,0.0853163198187013,0.0664279549164006,0.0585740468801399,0.430466117706885,0.105891122263142,0.451777078354783,0.197882173701706,0.0886267326204665
"SSA_00190",3.20169893421737,0.0300374211134187,0.129866770135733,0.0145452655790146,0.260098137061757,0.0218734942317818,4.70350138190959,0.67450257101545,0.0527569201365258,0.477665934326612,0.212709723887826,0.113506131457575,0.0877203943325085,6.22350597158926,0.695466392148252,0.0423872469853898,0.0431969799726108,0.155816639513865,0.115083725408063,0.0803632925644372,0.0568724165172734,0.0764473217201414,0.0975860958913966,0.601096826122625,0.108840199142432,0.755414532914381,0.236420482699384,0.0951329120148707,11.9846067400285,248.143427430813,0.115991568635105,3.27409210928362,3.07974669631992,1.61313713729096,0.141038191987954,0.103774295345264,0.0826768058317315,0.0664284550612034,0.0585734975825916,0.430476192076444,0.0910519035731156,0.535758521165044,0.210504554876447,0.107705310197325
"SSA_00191",3.24457026982043,0.035677548237004,0.129865923286074,0.0135659387724486,0.260099274231087,0.021873443138239,4.70356188334465,0.674495172027163,0.0527561952130706,0.477675365868368,0.212708856194711,0.113506777870247,0.0821722617533279,6.34349711279797,0.695480921383777,0.0394467010448863,0.0431959200394433,0.162561392627968,0.115083085678404,0.0803617736616382,0.0514422378207626,0.0764465063865513,0.097589337041265,0.60109368774843,0.108841089447146,0.795547685129591,0.236422313786997,0.0951342387015934,11.9846891044876,248.143455241947,0.117282896680928,3.69147869270642,3.0714754433397,1.69982256863735,0.141040215288971,0.103773499954886,0.0980730324039529,0.0664297859350212,0.0585741902695931,0.430476421590699,0.112537535361511,0.551148887510781,0.243940931958035,0.0911427774130213
"SSA_00193",3.61244479874096,0.0229450265526007,0.129868061630543,0.0146145072107555,0.260103351263223,0.0218730849181902,4.70356467564916,0.674503335974398,0.052757810808851,0.477678645097133,0.212713113910559,0.113505690781967,0.0781314715592503,6.59363299867409,0.6954948059438,0.0460510864413502,0.0431963372516007,0.156086360172512,0.115083044070995,0.0803585075285826,0.067296339704254,0.0764503440300042,0.0975946087869412,0.601088564973666,0.108839978486622,0.757807945879335,0.236412555770823,0.0951400990575925,11.9841857090421,248.145702277297,0.116945738961679,3.10221453888612,3.07681313522635,1.65991163321435,0.141037301473468,0.103776454388934,0.0795206139755719,0.066427449345108,0.0585744144865452,0.430468342248294,0.113926103480921,0.584185815401498,0.234533343475121,0.0832132748517276
"SSA_00194",3.27870419466426,0.0256918895552779,0.129867614314629,0.0131077415515333,0.260101169411833,0.0218728477270529,4.70363226416818,0.674495122326621,0.0527568024282564,0.47767277461894,0.2127085123346,0.113504106539131,0.0867109132167363,6.18836994087526,0.695479001374175,0.041387520109918,0.0431970999428452,0.165737316599689,0.115083781119586,0.0803616323926293,0.0723293371256119,0.0764466998816553,0.097590377016722,0.601088582185474,0.108840208983259,0.758618671302719,0.236415221421019,0.0951361521788527,11.9848429987216,248.148559725671,0.117041145129564,3.04549133886828,3.07357144602407,1.63945283989063,0.141039519166922,0.103774315215703,0.110541130487106,0.0664268313597756,0.0585751643107627,0.430465327104057,0.11988217609263,0.582102522939576,0.193654236635592,0.0871550130093736
"SSA_00195",2.83409632164502,0.0318459211501214,0.129865832981681,0.0117400564546708,0.260103915094987,0.0218736217643541,4.70368912836365,0.67449015835587,0.0527573144579831,0.477679298383311,0.212708610610973,0.113505591807241,0.085719665714779,6.06877005374534,0.695476470223094,0.0418664850108416,0.0431972049890152,0.148597114165569,0.115084267219437,0.0803622620722615,0.0668054373934731,0.0764484956749539,0.0975861827942053,0.601094786576543,0.108839185419435,0.857583796063175,0.23641739539245,0.0951351300015691,11.9845601089707,248.145724654532,0.116440005050151,3.08935223567369,3.08331028502076,1.54310518606778,0.141037946361768,0.10377372286092,0.0749834622997909,0.0664261993522208,0.0585740657263879,0.430471379924131,0.0746690709339123,0.540201639674687,0.208868339285281,0.098380144154486
"SSA_00196",3.11711140683724,0.0353844823734243,0.129868212095651,0.0155062198409113,0.260098315807315,0.0218731656551717,4.70362363393985,0.674501342862688,0.0527569543231115,0.47767968997131,0.212709244522245,0.113504052753307,0.0787189301522117,6.26087912248037,0.695475462572195,0.0452539078227278,0.0431969228497962,0.145391977212498,0.115083993559914,0.0803620366894734,0.0707520359626707,0.0764472025802086,0.0975897458053965,0.601094876983514,0.108841019344918,0.816100652418363,0.236416483111299,0.0951341139643282,11.984423783586,248.144026940447,0.117174713564272,3.23641753951651,3.0762207435899,1.62559673926041,0.141041827370509,0.10377538648019,0.0971266544518121,0.0664273710851679,0.0585741121150445,0.430473227576022,0.115762622955684,0.533128210913892,0.214705263795422,0.0903154934250199
"SSA_00198",3.65700420882984,0.0372321816674439,0.129867848967991,0.015931616949348,0.260098989084118,0.0218732635513257,4.70363729772163,0.674505153184334,0.0527575525728633,0.477680868617149,0.212711961799433,0.113505982919616,0.0850745528069201,6.45580870860783,0.695467415850984,0.0442528281440656,0.0431962424517576,0.170103289306512,0.115081651188365,0.0803588130409148,0.0800278993399164,0.0764458880543327,0.0975931787541988,0.601094475402284,0.108840273567341,0.838342413438106,0.236417609047936,0.0951357277230316,11.9842476866956,248.139404387718,0.117031316245358,3.24943809417424,3.07241789309632,1.68280834703625,0.141044221724841,0.103774049051041,0.0855236738282573,0.0664280400378113,0.0585733491583178,0.430464426456252,0.125998715279381,0.42606616534257,0.199159660585474,0.0923092035125032
"SSA_00199",3.00005172164097,0.0121475444300239,0.129870106328328,0.0143148576207863,0.260100543015761,0.0218733459986686,4.70357748298565,0.67450898092393,0.0527556202161353,0.477667238134212,0.212713345413975,0.113503704483782,0.0796729222465755,6.33492702499621,0.695451867082255,0.0413340145345806,0.0431967629178275,0.158342698479571,0.115080219356528,0.0803626095352707,0.0601343410934689,0.0764491229511959,0.0975872863388282,0.60109982178448,0.10884163623345,0.783770864562627,0.236416206842551,0.0951362490428389,11.9841930415132,248.147698866125,0.11680826090306,2.98918235572285,3.07768691947526,1.62669475689275,0.141036527327551,0.103776112471841,0.0962864475662242,0.0664275409988978,0.0585742415294409,0.430471891956833,0.11879316135959,0.555422391455657,0.200911967770311,0.0925188828689541
"SSA_00200",3.02869833521901,0.0258435279014564,0.129866371731466,0.0129072862874803,0.260103370101671,0.0218731709327769,4.7035793271322,0.674492649021586,0.0527569476325406,0.477684871268398,0.212708916753795,0.113504156906948,0.0812208328317524,6.38263662663039,0.695475085499818,0.0477266368563189,0.0431967155945239,0.162554961982765,0.115083457845367,0.0803635732670935,0.0670448209159422,0.0764470297979336,0.0975888731700791,0.601092743523348,0.108841993039008,0.808573116231163,0.236413664939948,0.0951352388142251,11.9842841086467,248.145033419336,0.11739988106626,3.18918418822727,3.0804517303812,1.59696524674458,0.141038166048686,0.103775482078291,0.0887222588802199,0.0664267597360211,0.0585738938206086,0.430463967003959,0.0954562657453552,0.516718221598731,0.176877063668691,0.0970130371764692
"SSA_00201",3.29663494049365,0.0399509931139859,0.129868671974204,0.0175616846152863,0.260098769313177,0.0218728253988425,4.70360791742534,0.67451526937948,0.0527582408910488,0.477679480402299,0.212708919844501,0.11350658501698,0.0938054460642566,6.35755443223208,0.69548771564694,0.0529515964114741,0.0431963752264999,0.173772489625841,0.115084091100093,0.0803601369936331,0.0885945462735272,0.0764471614849981,0.0975925123847556,0.601098277222236,0.108840612304233,0.698651587825116,0.236416530580267,0.0951324008780021,11.9849333518553,248.145180706318,0.1164719387664,3.32424099245672,3.07019774289633,1.65877119213262,0.14104178766093,0.103775232763848,0.0789972666684584,0.0664277352672609,0.05857529610089,0.43046670630919,0.106937529724261,0.580203696201462,0.184313822614655,0.100642086185986
"SSA_00202",NA,NA,NA,NA,NA,NA,NA,NA,NA,NA,NA,NA,NA,NA,NA,NA,NA,NA,NA,NA,NA,NA,NA,NA,NA,NA,NA,NA,NA,NA,NA,NA,NA,NA,NA,NA,NA,NA,NA,NA,NA,NA,NA,NA
"SSA_00203",3.32375012015486,0.0311654820357209,0.129869490945254,0.0146394406905709,0.260096596332173,0.0218731340057618,4.70361396730223,0.674498790702664,0.0527573195993613,0.477674175418133,0.212708500207782,0.113506328582294,0.0911479130914081,6.30606505301575,0.695471668789624,0.0455905415122685,0.0431963466783168,0.174588656870671,0.11508420836991,0.0803628230853411,0.0711716170225694,0.0764462740155299,0.0975895034575654,0.601104400033192,0.108840175708247,0.719948054936574,0.236419755593196,0.09513339773283,11.9847689738758,248.144489462547,0.117149364379683,3.28837872205774,3.0672493710095,1.6843171736578,0.141038753590803,0.103773916131138,0.0873414218641685,0.0664276836813846,0.0585745084342395,0.43046891120578,0.0927512602122227,0.558927737112307,0.196057093751718,0.0909170378320013
"SSA_00205",3.09455218057016,0.032533341274244,0.129867475839508,0.0184596887800882,0.26010083567036,0.0218729766502506,4.70353959779297,0.674502637472752,0.0527575881602484,0.477674878521399,0.212707794820513,0.11350615984818,0.0900102394256568,6.3058491427208,0.695471661959208,0.0459696731492831,0.0431968051335177,0.168509162359655,0.115086572328242,0.0803614922718795,0.0839698665859663,0.0764468164713756,0.0975903233684056,0.601093147901993,0.108839329070616,0.831648373314024,0.236418932754905,0.0951334642636621,11.9848313178951,248.140549076535,0.117374618813521,3.19506830478128,3.07475858600068,1.66350401756429,0.141042065672516,0.103775427494017,0.0746164308578067,0.066428898342063,0.0585739561225478,0.430468364043375,0.118737944508085,0.481854471532296,0.250817682735189,0.0906376912376743
"SSA_00207",3.3065050440491,0.0255376109930558,0.129869185886189,0.0146813826422754,0.26009664816601,0.0218730220050838,4.7036462813154,0.674498886293114,0.0527559540694441,0.477677957216229,0.212712055818891,0.113503121012086,0.0772088907853061,6.42304579256769,0.695480858356048,0.0422776724966706,0.0431965783608478,0.173966651655695,0.115082865073444,0.0803619923265333,0.0572744344352518,0.0764469330797131,0.097590115921727,0.601094814293301,0.108841532188632,0.781622358772478,0.236417581088533,0.0951342945453964,11.9843545544859,248.142565502625,0.117011489382794,3.32376410255451,3.06627088688124,1.64883374027189,0.141037639679074,0.10377530556658,0.0832276068717686,0.0664280381060572,0.0585743768860592,0.430465858651419,0.104927132493669,0.554564125218429,0.223334934891419,0.0908775380009725
"SSA_00208",NA,NA,NA,NA,NA,NA,NA,NA,NA,NA,NA,NA,NA,NA,NA,NA,NA,NA,NA,NA,NA,NA,NA,NA,NA,NA,NA,NA,NA,NA,NA,NA,NA,NA,NA,NA,NA,NA,NA,NA,NA,NA,NA,NA
"SSA_00210",3.44262043940954,0.0222141999066497,0.129868672271155,0.0151884110473389,0.26009360839822,0.0218728398599928,4.70361360914992,0.674501283211134,0.0527569135830772,0.47767439338261,0.212708524928174,0.113505732907244,0.0834824647667931,6.31460874994095,0.695473401794013,0.0468453674496385,0.0431968627602712,0.167123248256605,0.115081814552115,0.0803622136182824,0.0729707639713488,0.0764465388059361,0.0975909472411641,0.601090972100447,0.108840335615246,0.713147650441493,0.236416973991724,0.0951343055979502,11.9846154797355,248.144457216798,0.116068239170648,3.11093391699365,3.07837989851005,1.69056030187633,0.141039104025147,0.103775861311253,0.0948913294454806,0.066427589790998,0.0585744084442763,0.430472992178268,0.0982215192434658,0.508581497560994,0.186002278762594,0.0914733193795375
"SSA_00211",3.1276779153653,0.0287393225995555,0.129867453834845,0.014463475601117,0.260098101343437,0.0218733824530175,4.703660038012,0.674503713805453,0.0527576448507981,0.477664725100298,0.212707419317278,0.113508549399662,0.0923283979007731,6.20171266449093,0.695478887199175,0.0463827294948978,0.0431969412088223,0.177108933524295,0.115081581302343,0.0803599180417171,0.0789162050563361,0.0764471731494651,0.0975899067256326,0.601102536960612,0.108839105680353,0.821613591205992,0.236421503678039,0.0951353969060782,11.984781125726,248.146028705423,0.116174364075166,3.17747301177689,3.07667686214896,1.60213113280129,0.141036088566719,0.103773486388116,0.0987170037245209,0.0664278864097366,0.0585739449862435,0.43048085461409,0.0891130793102002,0.554241704994545,0.221766580305674,0.0926702845292984
"SSA_00212",3.23761910850673,0.024699632687618,0.129867688824986,0.0155606062995518,0.260101476037867,0.0218731701503928,4.70360683662633,0.674489842278235,0.0527573573305828,0.477675394748533,0.212710583139475,0.113505591220384,0.0849914453708327,6.28333386357148,0.695474911528118,0.0435843624158294,0.0431968275777804,0.187507050190884,0.115081562006532,0.0803622248369165,0.072151510401027,0.0764457271598082,0.0975897252245609,0.601099335227702,0.108840647469148,0.74590757556569,0.236416146739041,0.095134823924695,11.9845138653408,248.143963361545,0.116756082767561,3.21098971602432,3.07084689205644,1.64737219270442,0.141036976321881,0.103774652760052,0.107877619502393,0.0664267961510301,0.0585743730435172,0.430466914318053,0.119059445159449,0.532954527177601,0.16672216821362,0.0893138077969573
"SSA_00213",3.02699340533909,0.0304068472318889,0.129868121236381,0.0156740293872297,0.260102551695687,0.0218735231464542,4.7035531936739,0.674483422137567,0.0527574974547966,0.47769160640915,0.212710804363522,0.113506076807924,0.0819942037010296,6.45725961804358,0.695480768821265,0.0405057333526376,0.0431964878344565,0.147210470984015,0.115084797986467,0.0803611861426342,0.056834225324563,0.0764481051348618,0.0975902230821645,0.60108838876009,0.108840353884603,0.80292686984704,0.23642128233963,0.0951338744869935,11.9845140246697,248.143343522441,0.117791084403588,3.29098973135613,3.07821103345927,1.62049777032994,0.141038514872372,0.103776515323076,0.0745426187927171,0.0664268515980409,0.0585743872428303,0.430467166697222,0.126245951234431,0.529562403064764,0.246336893013808,0.0870059458374153
"SSA_00215",3.33034484022022,0.0380474482527287,0.129866966253235,0.0137815766559737,0.260100445697406,0.0218734029360802,4.70359600375397,0.674501162864573,0.0527575184903315,0.477677600956892,0.212709526947299,0.113508307645684,0.095442791066075,6.32631333861103,0.695478834542827,0.0432814527931033,0.0431974242867817,0.168139445954394,0.115082174505761,0.0803624062629158,0.073654467187259,0.0764471642576287,0.0975891398745516,0.601100084147324,0.108840225659792,0.740427699783263,0.236422143905802,0.0951347763600275,11.9848385513985,248.141087033412,0.115697662371456,3.30324238038863,3.07527608664364,1.61395716189391,0.141038090568357,0.103774747871771,0.08961005491358,0.0664272822757895,0.0585741568465849,0.430477777894465,0.0850169676027234,0.554431150176015,0.270229881588947,0.0989025261244526
"SSA_00217",3.10473229038289,0.0196012375716746,0.129867392513937,0.0186229955764141,0.260095993602877,0.0218728345201495,4.70353708897642,0.674496909298438,0.0527574609543017,0.47767881365134,0.212706566142103,0.113503754561417,0.0810270117923398,6.36776764719384,0.695474831396807,0.0495287273863972,0.0431964426984603,0.171370640185586,0.11508448295887,0.0803618075639806,0.0784250187529636,0.0764467382970993,0.0975916598533813,0.601093038626641,0.10884058081646,0.823859528466788,0.236414195413298,0.0951352614244284,11.9845422646528,248.140925552933,0.116593589493388,3.13759076582903,3.0736427978896,1.68839028856709,0.141043672473935,0.103776083819751,0.104126218231726,0.0664276773301242,0.0585745365083511,0.430464067121724,0.0929333224680211,0.517483539791793,0.244918344022744,0.0933104566916176
"SSA_00218",3.10292848744722,0.0191121867194602,0.129867074551127,0.0191176915681315,0.26009525136607,0.0218727747932864,4.70353911108856,0.674499465744998,0.052757114637605,0.477679404036114,0.212706657799295,0.113503602895584,0.0794677010085484,6.38291367763543,0.695473985515384,0.0493937243559676,0.0431963944147971,0.166531885685069,0.115084386398585,0.080361984357758,0.0790896538740179,0.0764469073564124,0.0975912260260325,0.6010933551421,0.108840612734469,0.796057201033914,0.236414525324537,0.0951352794274578,11.984489310262,248.140003517225,0.116381678178367,3.1565784455344,3.07409626675526,1.69848648319631,0.141043648002227,0.103776256119983,0.103062864285343,0.0664277956603197,0.0585743272816893,0.430464856041338,0.0850781767003509,0.5113048403733,0.253282256713429,0.092956479686092
"SSA_00219",3.18056470794179,0.0343014921733303,0.129866789900649,0.0147250571076037,0.260099512323392,0.0218730190777423,4.70363360392902,0.674506541267029,0.0527591520321887,0.477672250580089,0.212708122182957,0.113506807038718,0.0908221547083023,6.27582227324256,0.695489870153207,0.0481851048745031,0.0431974865729584,0.142221338217274,0.115085333526996,0.0803609610391118,0.0785700367215566,0.0764479281175462,0.0975912808309278,0.601092554669165,0.10883881354992,0.822984949636903,0.236416698600227,0.0951356708082574,11.9847584570429,248.143638959023,0.116637282254571,3.04120875254461,3.08253864040328,1.5878157762491,0.141039492414915,0.103775878331848,0.0765835388558302,0.0664274386763515,0.0585744115714489,0.430462015780604,0.0900950516047369,0.516824275997806,0.175635822597703,0.101543479568453
"SSA_00220",3.17813190363737,0.0285433007817072,0.129867468538669,0.0167277916649297,0.260100224465823,0.0218734797450098,4.70351910683766,0.674500192573524,0.0527564232254199,0.477673479169101,0.212713675292707,0.113508911535876,0.0837465676873489,6.32668546411803,0.695472770278122,0.0414550363290604,0.0431967712135394,0.153916289653153,0.115084916874446,0.0803615831988305,0.0610437633502509,0.0764488164472891,0.0975891822779657,0.601096236657449,0.108839496333343,0.76718339485582,0.236417643499098,0.0951352560293353,11.9843935310297,248.139644303471,0.116086776349742,3.33739261879592,3.07528134619298,1.61544555953703,0.141038335533175,0.103775667913293,0.0878147216482589,0.0664292155870784,0.0585730087735169,0.430469527716359,0.101345976048099,0.456755553278888,0.182850370623374,0.0916471266791221
"SSA_00221",3.2817370024812,0.0271787599353197,0.129865887734267,0.0181207591908646,0.260104157342372,0.0218729100502918,4.70357319656098,0.674490115045423,0.0527586416851461,0.477688406369603,0.212706089936629,0.113504917131375,0.0932979481395824,6.14747728935837,0.69547466896661,0.0438021564757818,0.0431967145549989,0.184159757213385,0.115082613523728,0.0803604980405436,0.073220480807566,0.0764453998940137,0.0975906928203013,0.601089817592266,0.108839381368165,0.804044947061734,0.236423006613094,0.0951339991872399,11.9846927351199,248.145839153645,0.117174798462837,3.1859445430909,3.07571862313544,1.62469649271033,0.141039604991722,0.103772863040719,0.101606373506858,0.0664268800084498,0.058573959118745,0.43046644683828,0.106633839981345,0.605284445547849,0.18070598438707,0.0956198847740699
"SSA_00223",3.1731106236664,0.0292576232361008,0.129867378341994,0.0152754678034234,0.260098148733139,0.0218731685047714,4.70354991870189,0.674497782620808,0.0527581608652209,0.477671454429642,0.21271053502961,0.113506297551563,0.0881045196386954,6.37714447405318,0.695473403906552,0.0468871997461133,0.0431964796500237,0.16666283356652,0.115082597964662,0.0803620182744984,0.0681870973678162,0.0764476195268002,0.0975893313800189,0.601099022417776,0.108840873210728,0.727059725606413,0.236416754588563,0.0951338918686946,11.984524328355,248.136303532613,0.116996292184007,3.23867600666745,3.07449748732583,1.6943960787092,0.141038735395771,0.103774863525973,0.0780538156405392,0.0664288891192408,0.0585737458589642,0.430468058409225,0.0923364123784629,0.442665009362704,0.201053676361394,0.0973817344751941
"SSA_00224",3.72790795165577,0.025484397406323,0.129866261158045,0.0139745381866974,0.26009971600572,0.0218746587310157,4.70358508231976,0.674493296256831,0.0527573720744477,0.477680568775393,0.212706283430718,0.113504805273888,0.0997741591424985,6.26957105114086,0.695479847991649,0.0455772554198902,0.0431971415568627,0.177359805331295,0.115082290447487,0.0803603149298452,0.0950202204362931,0.0764473969262078,0.0975897707258187,0.601120533042029,0.108841022047128,0.766520239248107,0.236422532095031,0.0951337147479958,11.9847345143641,248.146557671016,0.11707375342436,3.40022485367288,3.07917592871813,1.5503813390627,0.141037329438804,0.103776221555517,0.104860652073072,0.066426939168969,0.0585746617840259,0.430464123779499,0.0947180762459121,0.578000944738547,0.251521242034139,0.098807369632913
"SSA_00226",3.60189148687279,0.0321348569855584,0.129864023267199,0.0136258148074064,0.260101732573503,0.0218733381504928,4.70364877362562,0.674502845005663,0.0527570972651042,0.477678797472641,0.212706325047343,0.113505432707726,0.0891493546313983,6.10011661038412,0.695489111865811,0.0439113075226828,0.0431972775433595,0.130090859453582,0.115083003218691,0.0803614872267829,0.0797645027696145,0.0764486301576235,0.0975875268607744,0.601100317539726,0.108838479619498,0.826807071584051,0.236418795710923,0.095135318177184,11.984656645255,248.146268148189,0.115478833435902,3.0517385116571,3.08564632690057,1.50654852788321,0.141038913619302,0.103773753473291,0.0748652887652979,0.0664258431074495,0.0585740855929877,0.430464293137373,0.0670849736041547,0.566419994189421,0.177243884518949,0.102737006021447
"SSA_00228",3.09513201604774,0.0458841274212805,0.129866271837227,0.0140688738181375,0.260096759490642,0.0218733587661519,4.70356761436075,0.67449246725014,0.0527580623172488,0.477686568968409,0.21270848212096,0.113504573556175,0.0857653405669784,6.2074100793355,0.695478073610173,0.0445902143546883,0.04319692469811,0.159740330200312,0.115087733472882,0.0803616922639497,0.0649318709353855,0.0764466524302976,0.0975896586364093,0.601099440591437,0.108839515338292,0.910651159072316,0.236420674420822,0.0951351547270077,11.9847634296093,248.143802581562,0.116450652198424,3.22403822470154,3.0750309870651,1.57849827002784,0.141037919290526,0.103773193696983,0.0863921176848637,0.0664261058467965,0.0585743261114906,0.430471085836223,0.111165455255564,0.535170939016896,0.1774631980993,0.0962951544897591
"SSA_00230",3.27031058707519,0.0353195515671711,0.129866909228439,0.0149208317055083,0.260098490223425,0.0218733496311133,4.70359771307444,0.674502034249122,0.052757047084161,0.477678674595681,0.212709620865344,0.113506240871863,0.0871808625698215,6.32305164845293,0.695474609602305,0.0441116713733482,0.0431968964967542,0.163055787159828,0.115085314783685,0.0803619451700927,0.0725826401252701,0.0764480832504077,0.097589350896016,0.601102525199701,0.10884025718364,0.809738458304873,0.236418926182293,0.0951347067472489,11.9846377509916,248.142721740622,0.116352635137627,3.22037364055014,3.07713137769649,1.60577813402743,0.141039888786007,0.103775385538948,0.0891417613571681,0.066427339718228,0.0585743484807274,0.430469816480469,0.0914184827710984,0.5334963742632,0.20646472348539,0.0931370763709612
"SSA_00231",2.85503291122255,0.0325595795168831,0.12986732031224,0.0137213154945896,0.260100560839626,0.0218733749947152,4.7036361201048,0.674490807155709,0.0527587454958842,0.47768019185997,0.212708574508698,0.113507727980434,0.0937268275038333,6.21140413478299,0.695480551729032,0.0462587001350323,0.0431967894331223,0.172016936796702,0.115084863446779,0.0803620751612779,0.0708219556895457,0.0764468163881858,0.0975888216083175,0.601096605094161,0.108840161654895,0.783326760025464,0.236418209510851,0.0951342620066739,11.9847568775139,248.14227005673,0.117169781404068,3.19788343496066,3.07772019360829,1.63300522387509,0.141038601899764,0.103774830953954,0.0877468652000711,0.0664277850155533,0.0585742588124371,0.430469790987591,0.0970100524769657,0.513612886397964,0.190890421831255,0.101760366554739
"SSA_00232",2.93358925987406,0.0419980313089916,0.129868205359693,0.017455905275502,0.260098257613127,0.0218733358198024,4.70351365865616,0.674499732270744,0.0527576967037551,0.477675938073911,0.212708682138133,0.113507142113965,0.088285367576904,6.12823912173426,0.695460421556807,0.0432918907759843,0.0431972615218472,0.17560242637301,0.115086082540601,0.0803621920990592,0.0642204731864916,0.0764464173378272,0.0975896981200943,0.601092549807301,0.108840063499663,0.898034227910428,0.236421569246904,0.0951338291970219,11.9846621703704,248.140610426048,0.116250596281089,3.22509284514214,3.07321661888791,1.6483173794513,0.141040016952265,0.103773785974918,0.0971390980474977,0.0664281153358484,0.0585735134707837,0.430472341266668,0.088446849279353,0.48742734918559,0.215662628510153,0.0958908656656881
"SSA_00233",3.28535926817887,0.0342175424433581,0.129866007368866,0.0165806908931679,0.260097545710794,0.0218728385961887,4.70362653812628,0.674512942178719,0.0527579283144672,0.477683619328511,0.212705345958978,0.113503958861961,0.081923597657444,6.1054834575091,0.695478564841157,0.0471714165450795,0.0431971348254075,0.148333457349405,0.115083842883486,0.0803606147416469,0.0766865844607308,0.0764465184548807,0.0975904906215125,0.601094364470314,0.108838382446222,0.789826434206861,0.236416191339722,0.0951358587802022,11.9846387665356,248.143733682333,0.115754739679869,3.11902767680701,3.08066618601549,1.60989282119322,0.141040935715987,0.103772616054175,0.0908833105627874,0.0664262162537542,0.0585733657700089,0.430469454325106,0.0984878612432182,0.518799371108747,0.177521208232131,0.090784338706935
"SSA_00234",3.14444769841562,0.0329873371565907,0.129866011270749,0.0141826749678977,0.26009761188158,0.0218733413461273,4.70353998044133,0.67450162117039,0.052757084421979,0.477678492827585,0.212708968479249,0.113505329668687,0.0866724317207934,6.27148788551925,0.695469708569568,0.0440770806886418,0.0431967130040971,0.158621293728498,0.115085366360212,0.0803631101352145,0.0637130782155635,0.0764474427203753,0.097588079112451,0.601092893313196,0.10883978361977,0.829835384370352,0.236419628630125,0.0951331721001106,11.9846485723011,248.140544366233,0.1157209305407,3.2271477442698,3.07726711618641,1.63399736508654,0.141039022877861,0.103773872784714,0.0824468953570942,0.0664281346460562,0.0585736216225791,0.43046771476194,0.0993103869569745,0.492883084453627,0.190860364453807,0.101325000947065
"SSA_00236",3.5521179750227,0.0204093003246481,0.129869120233531,0.0145953212616806,0.260098555705904,0.0218734811884111,4.70361069901167,0.674492277403364,0.0527566635795785,0.477681490548915,0.21271016114931,0.113503326129132,0.0766705754753673,6.22970527013386,0.695469268506672,0.0418656728428738,0.0431967625903956,0.161843069200334,0.115082724093488,0.0803608557824875,0.0497218435306639,0.0764468715008896,0.0975911193501505,0.601079733109287,0.108840127544648,0.786839774361832,0.236415526370996,0.0951357655880185,11.9842552515854,248.147010261872,0.116854954656632,3.06576987373964,3.07796233970044,1.61359541617712,0.141036068692632,0.103775274870042,0.0985429800895898,0.0664274159046325,0.0585741721284929,0.430469652606479,0.107345839390821,0.515286242125637,0.16823689432056,0.0864231404347965
"SSA_00237",3.25361405085616,0.038324931938512,0.129866736023738,0.0162817652483934,0.260098320164889,0.0218729498904422,4.70356754208092,0.674497432689768,0.0527579918921418,0.47768166576414,0.212706825446644,0.113506011205054,0.0887738153279107,6.21746338034794,0.695488134536148,0.0447869108811041,0.0431970965276759,0.151674077272269,0.115083493821714,0.0803611942675589,0.0710740481551983,0.0764467831487784,0.0975903710587209,0.601098788317498,0.108839196406255,0.840052317822808,0.23641832575018,0.0951346375713324,11.9846275224683,248.142502536349,0.116148942693881,3.28539837801834,3.07815013760349,1.62328922536645,0.141042087008909,0.103773194222287,0.0937641252850233,0.0664268990150775,0.0585739513485301,0.430464742657306,0.10510225931921,0.541372973579639,0.210791993986043,0.0943184682771657
"SSA_00242",3.08520040383916,0.0235663501357752,0.129866605216539,0.0152418661190586,0.260104364307711,0.0218738619746123,4.70361500672814,0.674492211714725,0.0527568347849505,0.477666320604359,0.212710074526289,0.113506761947575,0.089474875313053,6.26613289073029,0.695482116622494,0.042780979160399,0.0431970131344098,0.160455730924364,0.11508054309193,0.0803604712790944,0.0714853808974093,0.0764482384385279,0.0975877291702541,0.601106845381526,0.108838000513798,0.899386865985022,0.236422699554859,0.0951357585004734,11.9844709156932,248.14008867049,0.116698680937913,3.23176107272339,3.08099824083511,1.57730940812041,0.141037487817256,0.103775667298803,0.102464407979917,0.0664274679177976,0.0585741413197421,0.430467731320629,0.0823483633334381,0.486772968595656,0.21981074224744,0.093652241079858
"SSA_00243",3.54809382190233,0.0336613817148185,0.129869734143846,0.0173719285022711,0.260095959257347,0.0218731737841983,4.70355154804672,0.67449820804166,0.0527570521074608,0.477678906162618,0.212710629802543,0.11350666449425,0.0899153163983597,6.30970528335523,0.695475169176454,0.0404186159780477,0.0431962730360469,0.154146273799192,0.115082398213037,0.0803594306219477,0.0778537689134486,0.0764473195946972,0.0975909665113019,0.601103914949742,0.108839667862594,0.807816473776686,0.236415467322093,0.0951358089408318,11.9843830054962,248.142546450795,0.117194816843282,3.1546580740556,3.07651259251768,1.66190301093928,0.141040940687834,0.103774130115671,0.0831254098488036,0.0664272697886906,0.0585742232084148,0.430466302679557,0.115303284707971,0.494812307756703,0.203417777572932,0.0896188213102805
"SSA_00244",3.49974660824005,0.0242046743220184,0.129866601103008,0.0155529511840622,0.260100299321292,0.02187322979942,4.7035995025662,0.674499704658824,0.052758240251782,0.477675455817237,0.212707973186689,0.113506302906504,0.0841087823094876,6.47170930560033,0.695475410866634,0.0499654831218469,0.0431961621208731,0.141304868834688,0.115081102963397,0.080359829624568,0.0683352229815319,0.0764478415491009,0.0975912065754552,0.601095701211537,0.108839676386187,0.768204965635,0.236417942121385,0.0951370337233522,11.9842452861061,248.141870407295,0.116429483343378,3.26729765480362,3.0799363590362,1.66613965989681,0.141039807232853,0.103774757921422,0.0876706649246505,0.0664275700187336,0.0585735114380877,0.430465255774082,0.0960755278807172,0.466494121979216,0.226736205468455,0.103307854693582
"SSA_00245",3.21915461935925,0.0338149040455607,0.129867415995933,0.0132899253403473,0.260100796723195,0.021872955487445,4.70367893652719,0.674505962527076,0.0527582797956109,0.477661525371932,0.212712805375092,0.1135047636923,0.0959909995715262,6.252352453573,0.695480843984711,0.049945146594241,0.0431971889854902,0.161705486752975,0.115080983517363,0.0803614755546033,0.0853890708373166,0.0764459744522859,0.0975916623743622,0.601101927986993,0.108841518284626,0.751051730220936,0.236418885337108,0.0951336048701487,11.9845839712236,248.142907535174,0.118428893169443,3.36518493450391,3.07542097903608,1.64029336784296,0.141039418451859,0.103775237191099,0.104556046694113,0.0664283863284272,0.0585751398456175,0.430465342143582,0.102099831729525,0.540098697670818,0.215726702753008,0.0985013849069002
"SSA_00246",2.94542896777447,0.0270818486811485,0.129866837328215,0.012580910672362,0.260102050732009,0.0218738900823779,4.70359249441266,0.674494660617544,0.052757713998097,0.477674884014162,0.212710575682912,0.113504962754563,0.0810502323096849,6.37739631034853,0.69547243689741,0.0434437244398644,0.0431968014187948,0.15409349437873,0.115083708531995,0.0803607107078033,0.0662211446810216,0.076448132934709,0.0975887275989326,0.601096783414335,0.108841020566289,0.898463053302396,0.236418022881037,0.0951367463129286,11.9845717085421,248.14274849386,0.117122267685746,3.26346094638899,3.0840127329101,1.60794032794552,0.141036545084921,0.103774905849445,0.0855001323727443,0.0664280234105741,0.0585743179600414,0.430466222206178,0.0996989346864047,0.487209723293851,0.211554391127241,0.0972135220605479
"SSA_00247",3.50189537243491,0.0291382434482022,0.129866262179673,0.0130515162498946,0.260096797098415,0.0218733207137181,4.70362516871348,0.674495478706122,0.052757362007832,0.477676020480853,0.212709008875767,0.113505108679039,0.0824232947657828,6.48648159799908,0.695473231575789,0.0473234667364432,0.0431965405496392,0.14891210590372,0.115083634564049,0.0803599933863678,0.0692026888327365,0.0764477896050183,0.0975911706622934,0.601096282224921,0.108839876612229,0.838124114148575,0.236418817176013,0.0951368161423432,11.9842677231073,248.141422735123,0.117010412381247,3.21434290577721,3.0830842243368,1.62670272333678,0.141038339428576,0.10377598384488,0.0836722288312775,0.0664273515341355,0.0585738087871594,0.430466709335975,0.10160456187077,0.470150503851865,0.236327195445268,0.0956308638971981
"SSA_00248",3.51511129383228,0.0351741147162611,0.129865227815489,0.0153019369480163,0.260101170034447,0.0218732488270183,4.70355285369716,0.674505906994106,0.0527567304301359,0.477674143213461,0.212710815752619,0.113504855603914,0.0820534073298257,6.57435218870995,0.695465523093673,0.0475246034696839,0.0431963522770356,0.173252445387514,0.115083402208969,0.0803620633445909,0.0758010575721588,0.0764494475963121,0.0975886869672792,0.601106773820084,0.108842447309868,0.694758249554171,0.2364174319265,0.0951353681952005,11.984269155383,248.139074603484,0.116761098917557,3.21629591142232,3.07825171743056,1.66644563859835,0.141039319100716,0.103776484587988,0.0865134897003556,0.0664287374446271,0.0585739783022859,0.430468716167976,0.0664783134445674,0.487628639533433,0.211517520799979,0.0946886319807153
"SSA_00249",3.6018095329762,0.0253057775413148,0.129867215117074,0.0167095065655944,0.260100770005642,0.0218732594594262,4.70360873332404,0.674499405773551,0.0527585390403369,0.477677240773532,0.212709712325123,0.113505000548975,0.0764625800926872,6.57161673821839,0.695459771409338,0.0507983515298095,0.0431963433339886,0.128979444931942,0.115081432414385,0.0803590474970104,0.0593270166900909,0.0764478136433353,0.0975921111623575,0.60108848517769,0.108840222251654,0.773031970385001,0.236418241238165,0.0951366176008502,11.9839588017573,248.138677534531,0.116716532529837,3.26486822161984,3.07912213853049,1.70269265892645,0.141039614588647,0.103775266980575,0.0894846792366123,0.0664276459282532,0.0585730041031484,0.430465601513083,0.120304295903921,0.407303736772594,0.246610288740011,0.0996636713196325
"SSA_00250",3.41515810253321,0.0291334845761813,0.129869844097617,0.0155737690183298,0.260096576835565,0.0218731954155092,4.70360758475657,0.674514170646199,0.0527579737349463,0.477667356305063,0.212713381850863,0.113506121430251,0.084091839200871,6.48827028701678,0.695477662330224,0.0485256617507941,0.0431969205423417,0.158837344124537,0.115082016040002,0.0803603605024968,0.0727608913524976,0.0764474465420453,0.0975925189791495,0.601100386069533,0.10884173472051,0.794770516209092,0.236416306860658,0.0951363619040881,11.9845249977281,248.144813404474,0.116160510148735,3.25412931323539,3.07110290897154,1.6722844896927,0.141039803361272,0.103774858623349,0.0908324235931482,0.0664281460269742,0.0585745300718312,0.430459988677668,0.120501499498154,0.496065480765166,0.198931288213407,0.102614312552766
"SSA_00252",3.38616375682434,0.0282344387515844,0.129866143949343,0.0151747512717559,0.260096252474151,0.0218729488996954,4.70366996585404,0.674508716715343,0.0527572587720247,0.477684674131253,0.212707519760331,0.113503965803448,0.0826265294431534,6.39074453470421,0.6954771104463,0.0450407611329545,0.0431963734806974,0.169086499659705,0.115082506620805,0.0803599479379984,0.0822640323632383,0.0764475791090393,0.0975910931237414,0.601096336356974,0.108839676236685,0.834694289534814,0.236415372261758,0.0951370623543212,11.9842769166762,248.142419964179,0.11627380928675,3.05908822434217,3.0806209053551,1.62032200660766,0.141039332852692,0.103775455106197,0.0741212050723238,0.0664276298566,0.0585734263169069,0.430464705966883,0.0718843566717513,0.518369830322301,0.240469859645241,0.0933521589182437
"SSA_00253",3.4310174833319,0.0328327778464695,0.129867126081399,0.0134547514998767,0.260100844080512,0.0218735076417779,4.70359118225331,0.674496998562226,0.0527575454161948,0.477679199199355,0.212711607829138,0.113504681516943,0.0842363473416851,6.44051400135124,0.695475483093601,0.0457894403031955,0.0431967061477181,0.16534010234142,0.115082386376101,0.0803611502635039,0.0679441046066059,0.0764478981149001,0.0975899449986419,0.601104035628879,0.108841376927587,0.800269978383193,0.236416022869161,0.0951351638102784,11.9842656306047,248.140823275252,0.117005844284945,3.28725486582521,3.07764610569994,1.61870342897547,0.141037233094992,0.10377504326948,0.0819907369028776,0.0664275115397081,0.0585737488753442,0.430464386650744,0.0873336405458273,0.499564209305946,0.204222640143557,0.0934307205685944
"SSA_00255",3.87335312455978,0.0448148011810477,0.129866627053083,0.0137040175662936,0.260097107170759,0.0218737051659015,4.70357299591609,0.674500564082321,0.0527584820979121,0.477689779137612,0.21270808168887,0.113506515130556,0.0970488548238524,6.1625994602792,0.695478619870338,0.0444322001724815,0.0431969521325771,0.167072343988725,0.115083628516248,0.0803604022165882,0.0787653738184838,0.0764468103933862,0.097591464199634,0.601106713668531,0.108839275257662,0.916971517048467,0.236420120177221,0.095134042813769,11.9845580180205,248.143171063041,0.116039784363511,3.34291345439767,3.08275939454125,1.56517355571982,0.14103652235612,0.103774165197603,0.0737198599023669,0.0664276642480385,0.0585728759732737,0.430466196018822,0.0782352456233864,0.504783919925301,0.224208188107392,0.096995936375491
"SSA_00256",2.78928702919326,0.0294050120854884,0.1298678933729,0.0159655457781829,0.2601020440034,0.0218734035597406,4.70361291879377,0.674505023491214,0.0527571107441012,0.4776688230922,0.212709266890978,0.113506878595929,0.0823949920137921,6.31009964273942,0.695468907057375,0.0448955560308033,0.0431972382580315,0.171237319901383,0.11508217332903,0.0803622688693011,0.0724864556377733,0.0764475044997522,0.0975885840406366,0.601095833324213,0.108840921715391,0.838779506588297,0.23641844076445,0.0951359156878265,11.9845013148368,248.142435443508,0.117053069952217,3.16541509967916,3.08015115989951,1.61447466334056,0.14103819901226,0.103775794163733,0.0956544399805419,0.0664273581067891,0.0585742739919558,0.430472764055198,0.0974235100783118,0.501891579665762,0.21162413803257,0.094344203419278
"SSA_00257",3.07276758184096,0.0373863727167831,0.129866545852065,0.0156482681917599,0.260105114214041,0.0218733199318547,4.70364424824004,0.674489247417476,0.0527578219845262,0.477680358753756,0.212707970458172,0.113507454163068,0.0892321869307686,6.06857019910142,0.695472164236107,0.0418931382518239,0.0431968706880498,0.148754054461846,0.115085829929821,0.0803616562578795,0.0762309053090445,0.0764479596813157,0.09758762022382,0.601093888445048,0.108839536019433,0.82686259276986,0.23641923038157,0.0951349680736195,11.9848239692735,248.145153201889,0.116837795793433,3.09536922004175,3.08194822749599,1.58910453331617,0.141039309939538,0.103773257195098,0.093185366252386,0.0664272340733099,0.0585739890147614,0.430475758256238,0.0791981608586233,0.58971315408766,0.198320774043849,0.0960768444988856
"SSA_00258",3.18460232138882,0.0269141124521546,0.129867088718536,0.0106044927353333,0.260101790479064,0.0218733936824636,4.70369232111827,0.674505140646391,0.0527563558182202,0.477678342699061,0.212709772756407,0.113505563946159,0.0821819320297829,6.17484145354118,0.695490886752482,0.0426636782890762,0.0431969866388272,0.153903904627176,0.115082579589434,0.0803620060672315,0.0677664277767666,0.0764489668181884,0.0975892725554137,0.601091487241839,0.108840746251106,0.780712594352763,0.236418543487685,0.0951359816524203,11.984491584565,248.149668819036,0.116976265162866,3.14506468470155,3.07818311762434,1.59039381324843,0.141036615263847,0.103773970532091,0.0894609388367123,0.0664272460088939,0.0585746338393327,0.430471147242285,0.0957296157118217,0.565253213435248,0.178410591273984,0.0896375079248565
"SSA_00259",2.89014420301396,0.0427417863503032,0.129868432033193,0.0206360834616726,0.260098598951717,0.0218735645632278,4.70353481310028,0.674516454175751,0.0527580163874292,0.477673561309248,0.212710980213633,0.113506803671742,0.0877615781150614,6.3708820279262,0.695472221360728,0.0456954336238956,0.0431968139676629,0.169200262814318,0.115085632448332,0.080359385147087,0.0865393183099738,0.0764467171890701,0.0975904397749272,0.601096100133605,0.108839118108734,0.905047312959641,0.23642045063659,0.0951347259755693,11.9847434492276,248.138104914324,0.116717964056219,3.22103684256571,3.07689837553908,1.61199982326647,0.141042620195546,0.103774353258807,0.0842391117463913,0.0664273850421785,0.0585738531922457,0.430467063877774,0.125068155723764,0.436124079094729,0.181054139060057,0.101619932637702
"SSA_00261",3.34540585404979,0.0419357160620306,0.129865703603637,0.0154754267821181,0.260103133326422,0.0218733877221531,4.70369510425232,0.674497163616826,0.0527574110232204,0.477683015053108,0.212708554250299,0.113506283558148,0.0902087549750794,6.32718351859946,0.695478341380722,0.0466732948523999,0.043196169857574,0.160240764649312,0.115084058394488,0.0803596185770488,0.0869841597657654,0.076448050739249,0.0975895423498511,0.601103749688738,0.108838976294718,0.919822245240027,0.236423086817093,0.095135279484398,11.9847785977441,248.144496467849,0.115995212824753,3.19280248610703,3.08410092132943,1.52834889282382,0.141040957354442,0.103775514411278,0.0764966208508352,0.0664267525366573,0.0585746680417815,0.43046523583745,0.0804262282490483,0.562811528721086,0.217749173288838,0.0942572508849202
"SSA_00263",3.05822444104488,0.0355558307941786,0.129865740204679,0.0141981402519306,0.260097571386566,0.0218735342077045,4.70358058200075,0.67450258371439,0.0527574136586954,0.477677595263283,0.212710280851235,0.113505616069346,0.0871041556558299,6.29359268992902,0.695476484585362,0.0447941754937171,0.0431971741241275,0.161130286287551,0.115084086204841,0.0803616046666541,0.0736546020845927,0.0764472101932703,0.0975887353883995,0.601098304067784,0.108840472656169,0.83510468714737,0.23641911780374,0.095135370222573,11.9846149752896,248.140377149892,0.116392033661198,3.15786809917013,3.08100412090587,1.58789609004147,0.141037707933272,0.103774964379819,0.0808066486277164,0.0664268810730948,0.0585740789374859,0.430467239738115,0.102015584675553,0.477479122451163,0.175692187891142,0.100151325376221
"SSA_00264",3.85832110084578,0.00785320809899342,0.129864041362338,0.0169007376674061,0.260099806792141,0.021873262515133,4.70353190754797,0.674506128676308,0.0527565407414614,0.47767135809493,0.212706252932926,0.113506517633392,0.0812614762850833,6.25367019466375,0.695466428948356,0.0455191757422322,0.0431977112464744,0.141762131830873,0.115081895100198,0.0803600544081009,0.0745534281763361,0.0764473977011145,0.0975903024536896,0.601086416249236,0.108838816199105,0.734808627179508,0.236413168608741,0.0951351254261565,11.9844621278027,248.150867019294,0.114246167328403,3.05925371798156,3.0824174919662,1.60469540922214,0.141041297132268,0.103772934754872,0.0904301366800911,0.0664274318932143,0.0585733536891871,0.43046249248425,0.112786420036703,0.550270490188022,0.20741630422084,0.106155820391147
"SSA_00265",2.94809623057102,0.0320639374992399,0.12986781873265,0.0182343867259124,0.260101924481338,0.0218729139796799,4.70365188605856,0.674521432310642,0.0527582154945603,0.477666440275695,0.212712887617781,0.113506163477991,0.0917723313390063,6.17070391740669,0.695493578153616,0.0497760325967577,0.0431974945244991,0.154999913229362,0.115083504825641,0.0803604433865838,0.0928611037656825,0.0764458029899504,0.0975914956613168,0.601098940056388,0.108841688492077,0.743676313428393,0.23642193635598,0.0951330007276358,11.9849240062259,248.147709499534,0.11780682779312,3.32916736429315,3.07301212660089,1.65146200487544,0.141041776740602,0.103774463078633,0.0892538194781778,0.0664283218803347,0.0585756162069846,0.430465192792729,0.104703076548644,0.630744654581616,0.149596469349034,0.0915960121692859
"SSA_00266",3.4523728167004,0.0305368771057417,0.129865061944951,0.0128890637210066,0.260097173470754,0.0218734359402653,4.7035817487725,0.674500511065971,0.0527577533685581,0.477677853702869,0.212707294554226,0.113505673518836,0.0926709916597382,6.21800034075942,0.695481786543445,0.0478292716334292,0.0431972080123429,0.150207309370476,0.115083548472319,0.0803615943270449,0.0782426119931734,0.0764470668412623,0.0975896854825695,0.601103929147095,0.108839316253034,0.826279395623177,0.23641728913352,0.0951346498816243,11.9845855903581,248.143190575101,0.116043331164928,3.17561588565262,3.08305046437153,1.58745835579311,0.14103888270061,0.103775023039884,0.0847493713434755,0.0664271014279815,0.0585739461742477,0.430463213553012,0.0894061421248167,0.495327118854362,0.192743450485235,0.100121168614885
"SSA_00267",3.12147458920354,0.0402101632060497,0.129867598358742,0.0154545512344411,0.260101251913313,0.0218736517751541,4.70360857905093,0.674503958584293,0.0527585405288796,0.47768179197751,0.212714611108685,0.113505818691296,0.0939942155569511,6.4025850334953,0.695477250234998,0.0451706568518789,0.0431970642700973,0.166418125283405,0.115085635578307,0.0803605233561362,0.0860531408017736,0.0764476595483008,0.0975910521007241,0.601102237959819,0.108840307753979,0.907132099566559,0.23641781217266,0.0951345332442775,11.9845948971772,248.138115070666,0.116573599249513,3.34119687936498,3.07466475777022,1.60001668410095,0.141040830648843,0.103774276840954,0.0835047611860611,0.0664277536540752,0.0585734887517272,0.430461902679452,0.0872954760319428,0.432453172805226,0.18348087252709,0.105063335177664
"SSA_00268",3.19672130574456,0.0286749765604493,0.129866251079138,0.0140617263993616,0.260098218042802,0.0218729544037491,4.70358185897866,0.674491826054778,0.0527572093971052,0.477677985273854,0.212706388686492,0.113504320964702,0.0849622068820321,6.15247019441963,0.695478698265187,0.0479298375829362,0.0431968664838526,0.158582527967437,0.115082362678037,0.0803617246617496,0.0595855097111166,0.0764467968301673,0.0975896163718179,0.601089832955904,0.10883956875159,0.764724286095384,0.236417245316904,0.0951338867592119,11.9844796977712,248.145138194732,0.116543770258861,3.22893210975135,3.0784026254934,1.63576942481086,0.141036656794551,0.10377385635616,0.0926776173087622,0.066427734730543,0.0585739576795111,0.430468988955172,0.0873035574504807,0.564650372724454,0.212332902050296,0.0954910321073305
"SSA_00269",3.19936288889879,0.0232229743498945,0.129868294588706,0.0149610329700472,0.260100042245724,0.0218730739622836,4.70361640297696,0.674498597207389,0.0527593757003823,0.477674987077626,0.212707929095199,0.113508038944782,0.094836072976854,6.36879198784677,0.695473091877163,0.0490752321806406,0.0431963350589466,0.187134061734396,0.115083712458003,0.0803610979887747,0.0754342582413769,0.076446783260423,0.0975914181350297,0.601097019635251,0.108840342625179,0.765268555649834,0.236413762954791,0.0951332366623192,11.9847898268939,248.142899564376,0.116715608121396,3.22072338542047,3.06790347035418,1.6876655133442,0.141040157616079,0.103775155350499,0.0819435844847325,0.0664283712147728,0.0585747168071033,0.430459799697699,0.126885439919419,0.474157215902844,0.18758885616633,0.102961064477234
"SSA_00272",3.28580535677574,0.0366065440885555,0.129866462164579,0.0131696288199297,0.260095151546273,0.021873336207538,4.70352517037397,0.674501324352014,0.0527574995068052,0.477669744000669,0.21270892225834,0.11350450086842,0.0745848893810702,6.32792286447321,0.695465650666205,0.0521670419941472,0.0431969814735048,0.148080138483261,0.115082762693946,0.0803598984908605,0.0553232154864495,0.0764461315383379,0.0975908968351426,0.601083915746856,0.108840952541633,0.787762121556852,0.236416391298027,0.0951354584786475,11.9841467778206,248.142446972595,0.116548817713809,3.3033550307584,3.07825743838537,1.63158343279295,0.141035914069259,0.103773308369812,0.0777822134827352,0.0664262765679583,0.0585729772450841,0.43046902406179,0.132120858157793,0.446665092976666,0.191923231338927,0.0979997394951242
"SSA_00273",3.44793334706403,0.0310118915145981,0.129868054249803,0.0149110641640678,0.260099756300067,0.0218731227510521,4.70356385440103,0.674513723564033,0.0527571840261978,0.47767737566257,0.212711427022076,0.113506427884934,0.0911615787036867,6.24657091990893,0.695477839873368,0.046062189683477,0.0431967893995411,0.158390832269124,0.115082174445211,0.0803589520906908,0.0764501300086828,0.0764478493862181,0.0975910294701302,0.601102101246952,0.108838084185457,0.793948289667235,0.236418657013009,0.0951355679396869,11.9845633083565,248.145922302234,0.116243771391544,3.17450088292228,3.07160398490863,1.57925697842588,0.141038600386402,0.103773033656364,0.0825391276817291,0.0664271817355178,0.058573866162233,0.43046205471442,0.102372096126063,0.553390415875176,0.155289383444637,0.0925899620122586
"SSA_00274",3.51023836407829,0.0393504890011841,0.129866661332042,0.0166503641486564,0.260101443014301,0.021872888978782,4.70357126694174,0.674513702709425,0.0527580426236323,0.477691360669867,0.212708450643544,0.113505641630401,0.0908404308536589,6.2739047223826,0.695482365910177,0.0463869963579639,0.0431966279143419,0.159053095686358,0.115084684764184,0.0803613223314179,0.0807828812455306,0.0764484998564765,0.0975911543349426,0.601097893265272,0.10884017133583,0.8174506645773,0.236420702731596,0.0951340081744979,11.984953637642,248.146665317582,0.115190823560526,3.30871466005575,3.0784194648837,1.57367890064361,0.14104097912134,0.103774311959061,0.0893060946892153,0.0664267470620821,0.0585743903543843,0.430466410509095,0.0857132359275116,0.626195344458715,0.196855246153712,0.0958651256053137
"SSA_00276",3.77013677048394,0.0264867099687969,0.129866058777189,0.0187435128215001,0.260094340426183,0.0218732715170916,4.70351840860132,0.674509397500929,0.052757686618272,0.477679054675592,0.212708718947888,0.113506733082313,0.0848960588650372,6.45656281298358,0.695473009162845,0.0443705063935453,0.0431967280633222,0.171029122733567,0.115082027827266,0.0803592135731384,0.0827906436251758,0.0764485816857116,0.0975917377911003,0.601109269600576,0.108839794387523,0.794963262443913,0.23641551627623,0.0951341137356427,11.9842703555856,248.140987917879,0.116021850761181,3.13778989129985,3.07737805875361,1.65942503214792,0.141041237102489,0.103776814945066,0.085099908949803,0.0664272612805609,0.0585742030004509,0.43046108281737,0.131667388298598,0.44687372727849,0.213066990499614,0.0895300772987185
"SSA_00277",3.2842529222056,0.0165409558134267,0.129867999744728,0.015019778684735,0.260100137486283,0.0218733491722351,4.70360369451833,0.674507932586635,0.0527567722312814,0.477673249576407,0.212712248203796,0.113504677229892,0.0826380026755656,6.32757347022461,0.695480858713102,0.0466668836310249,0.0431972363999272,0.160036192153332,0.115082544564271,0.0803622963002863,0.0776764131628657,0.0764473065143343,0.0975910728160185,0.601095487022224,0.108841919545858,0.763585434413556,0.236416730378153,0.0951351809551533,11.9843803049325,248.144949495907,0.116996396703852,3.22021842109635,3.0740185402206,1.61751658827174,0.141037950565735,0.103775729285883,0.0921378219001253,0.0664275707694758,0.0585742537122854,0.430465076610254,0.11382660036142,0.514621916677338,0.190362426454116,0.0907160634532019
"SSA_00278",3.04893506240535,0.0277274869561275,0.129867608022669,0.0158363041452794,0.260098366729667,0.0218728538322351,4.7035745717757,0.674507065175855,0.0527587687047084,0.477665534822576,0.212708445038747,0.113507956036057,0.0941531475173565,6.28311371913549,0.695477022107921,0.0455179004833624,0.0431971028103644,0.177916305845515,0.115082705717132,0.0803605901603762,0.0801526500541964,0.076446055999007,0.0975909483402588,0.601097710158841,0.108839695852495,0.752710779507767,0.236420153782429,0.0951342812438085,11.9848919860615,248.142984717019,0.116832257173322,3.25786131561495,3.0709403709198,1.7228154825757,0.141042754991242,0.103773427338358,0.0928081898893655,0.0664278812592662,0.0585744228730062,0.430468139102201,0.138269310796988,0.521763817486267,0.230464334154267,0.0949564002612947
"SSA_00280",3.40114639648495,0.0494540370597219,0.129869494664781,0.017241036453953,0.260100503073474,0.0218733236171705,4.70356399163724,0.674489134654148,0.052758106230016,0.477690326170543,0.212708858637484,0.11350587748463,0.0868671088934624,6.18447785467373,0.695479502821771,0.0435687354901815,0.0431967808791948,0.152334669835615,0.115087744373203,0.0803617902441415,0.0795083658407125,0.0764471336053296,0.0975915599645347,0.601101235973901,0.108838891034506,0.971800184436577,0.236414660270361,0.0951335538933686,11.984653435435,248.14142775961,0.116385772771694,3.24532206612005,3.07954181183984,1.554591634995,0.141043970528473,0.103775229294077,0.0827605338838766,0.0664268287384382,0.0585742880430769,0.430461055112153,0.112900845666963,0.480060629680102,0.215929118725878,0.0859145800588542
"SSA_00281",3.22670912034829,0.0365282226603009,0.129866738190443,0.0121577010623454,0.260098153984235,0.0218733934997063,4.70361174947408,0.674497645185346,0.052757550951175,0.477687499874216,0.212709544150402,0.113504771074594,0.0864889966932891,6.26338402472903,0.69547065583475,0.0451099905246621,0.0431970333646528,0.170436862183287,0.115085102959224,0.0803618992264776,0.0694700197604475,0.0764469699097261,0.0975900581169765,0.601096229844566,0.108840577374439,0.83431530357621,0.23641615152421,0.0951349783361857,11.984592605936,248.143901810584,0.116468634039846,3.18561492512826,3.07776273102446,1.58375682095296,0.141037610727048,0.103774341219844,0.0850146337860985,0.0664265021752436,0.0585739780956853,0.430468619102582,0.116950108236557,0.53387018176256,0.191320162367994,0.0945276706354837
"SSA_00282",3.22492278391715,0.0411122993048249,0.129869116161483,0.0152887195179312,0.260097471943722,0.0218732183277807,4.70364380402694,0.674501402954419,0.0527592318485012,0.477670441869192,0.212712619483255,0.113505931223267,0.0906314464291417,6.31445777333574,0.695461669177999,0.0462258070541953,0.0431968798332003,0.159147890710304,0.115085817974267,0.0803605467902015,0.0661089423472682,0.076446931686877,0.0975910670711675,0.601086410538644,0.108839668214546,0.870770539748752,0.236418382168073,0.0951315442447906,11.9846655346664,248.136816425002,0.116315806731392,3.26886951371849,3.07534658289651,1.67412671764033,0.141040941271197,0.103774279046156,0.0736518081716434,0.0664293384541181,0.0585731793870952,0.430468560422667,0.11033847788353,0.418766871004153,0.234586529508621,0.104582000528475
"SSA_00283",3.09667537864506,0.025322516601683,0.129865812937747,0.0131543801259417,0.260098991481251,0.0218732190381772,4.7036048732674,0.674499357956786,0.0527567778166856,0.477675477753137,0.212709239108206,0.113504180817201,0.0827255501634435,6.25299885469365,0.695475488628221,0.0429514066766556,0.0431972990725494,0.156621747399331,0.115082799801159,0.0803615368056844,0.0654728215168014,0.0764474571528446,0.0975889220121009,0.601092209626627,0.108839799946982,0.842476105206579,0.23642003674216,0.0951362795069962,11.9844761196406,248.143810978919,0.116386758709362,3.10516548404332,3.07958773557024,1.61425563135143,0.141037202328993,0.103774661014536,0.0970192264047292,0.0664268000855791,0.0585741431881958,0.43046639915532,0.100081571983182,0.540380475676503,0.205586875174002,0.0969938314926304
"SSA_00284",3.57494126148923,0.0335834922213172,0.12986832341946,0.00910116992781696,0.26009898637159,0.0218734531809514,4.70366145197246,0.674491239355807,0.0527577057197188,0.477691624790486,0.212712569364245,0.113503094841082,0.0877040733111979,6.48351937073952,0.695471813991653,0.0432911468482387,0.0431965069901113,0.19213657059505,0.115086732032629,0.080362485997276,0.0703794520202262,0.076447369064868,0.0975917733391425,0.601097259434841,0.108844229170312,0.833211088159563,0.236415519847088,0.0951334306556359,11.984489916379,248.145482413619,0.11838491696057,3.17727584339081,3.07137094421092,1.63591735398517,0.141038403191156,0.103776246885851,0.0793231476195342,0.0664285705419292,0.0585748345805247,0.430467648856264,0.127210534637962,0.547798834624858,0.192878094131774,0.0916964339928296
"SSA_00285",3.08310215699542,0.0296988432318364,0.129865656900901,0.0142804696610076,0.260098513851375,0.0218731741570838,4.70359412533237,0.674502580335609,0.0527572348858097,0.477675018075455,0.212707861015834,0.11350593458496,0.0859075121360713,6.34823952788628,0.69547641587389,0.0480743007692841,0.0431971855313898,0.174595257098694,0.115083671505029,0.0803616228127151,0.0745366134582661,0.0764475504186418,0.0975897446410596,0.60109747125691,0.10884102036403,0.796247066786781,0.236418663255017,0.0951353427353018,11.9845304947896,248.14272799472,0.117120547878669,3.10503263453238,3.07912171321016,1.62809499682619,0.141038885044221,0.103776189224374,0.0901188052143623,0.0664275307503577,0.0585744340256232,0.430468683664189,0.106631348336303,0.490807225997449,0.205723995890137,0.0938236281742299
"SSA_00287",3.37690196041925,0.0299583588104285,0.12986837297185,0.0156728798001756,0.26009969452226,0.0218732836829824,4.70361540864125,0.674496228296841,0.0527570165869824,0.477674357512714,0.212710065785669,0.113507121541187,0.0859838569720867,6.3693657853906,0.695478546562035,0.0420583311677124,0.0431963852891391,0.176549051003358,0.115084060011837,0.0803616170082402,0.0662717886011965,0.0764485703830555,0.0975891681810694,0.601096215787216,0.108839929914902,0.772765423634817,0.236416955550556,0.0951348393660032,11.9846105937397,248.139285672052,0.116181832203757,3.20964260352905,3.07356289181009,1.62837811668175,0.141039050003764,0.103776657210764,0.0797231771000061,0.0664287933581946,0.0585737722539012,0.430474380866168,0.070543879837334,0.509228886191802,0.232722855156,0.093494193570865
"SSA_00288",3.12263365927907,0.0257080062913144,0.129864780213112,0.0131943282578246,0.260100235656457,0.0218732176104799,4.70364214598776,0.674493074800412,0.0527588850748542,0.477673654363809,0.212708709622289,0.113502994260958,0.086689385339886,6.30568962096956,0.695489314055968,0.0512425014656634,0.0431969097797259,0.161203310275139,0.115083676101458,0.0803611804639281,0.0830431505046587,0.0764458845882543,0.09759168496762,0.601086050996047,0.10884243285579,0.758008925264693,0.236418865275626,0.0951352398246108,11.9847849427511,248.140765315104,0.118187513889283,3.2121008630983,3.08074964367058,1.70540321583064,0.141038266450996,0.103774412739658,0.089663471920929,0.0664285076262869,0.058575098301899,0.430464231388493,0.122962171925168,0.487901054628562,0.242511515013918,0.0958553999778279
"SSA_00289",3.14034854702766,0.0320318545530886,0.129871363178773,0.0156031497252642,0.260096091489993,0.02187320921678,4.70377491543333,0.674503835089566,0.0527585331111049,0.477667887776256,0.21270904273136,0.113507597060721,0.0864480220877189,6.4126790471574,0.695479914266688,0.0471515163968697,0.0431967420515727,0.188817606835197,0.115085651443374,0.0803596608857487,0.0794140795868729,0.0764478656453688,0.0975923586382773,0.601101560061256,0.108839395269708,0.938285038764671,0.236412140708632,0.0951354470012069,11.9845525145693,248.141924491857,0.117377491436489,3.01878567638838,3.06930443601756,1.61903063407451,0.141040045126349,0.10377782481851,0.0739500052280862,0.0664281621054006,0.0585746881415604,0.430467499479801,0.125125908093313,0.439708023037749,0.192155299260275,0.0948652994829237
"SSA_00290",2.98612830214649,0.0483648124565369,0.129866104829423,0.0154569725188362,0.260099814261633,0.0218731822487358,4.70367883663335,0.674480663988086,0.0527584015604154,0.477670069379173,0.21270806688936,0.113506941987355,0.0890705726420701,6.29508884183519,0.695481202942047,0.0475917730904913,0.0431966317490276,0.190981801328708,0.115083842713482,0.0803597032831992,0.0791871811894521,0.0764461130478951,0.097590203206529,0.601090180457101,0.108839997553328,0.8057985142555,0.236418456607838,0.0951344553904,11.9849298002061,248.136272728239,0.11668757285653,3.27384128218684,3.07817244436073,1.64804356227299,0.141041134625407,0.103774564363085,0.0882035553627813,0.06642794970703,0.0585744096403813,0.430466520758048,0.0868150054941669,0.462086101553732,0.208884176007488,0.0923640149387676
"SSA_00291",3.32931558699855,0.027136771357862,0.129864741408156,0.011343352103095,0.260096959949559,0.0218732256396827,4.70364313872358,0.674501542721933,0.052757064183552,0.477672133385546,0.212705840398345,0.113505319930353,0.0854341315563135,6.1560644125556,0.695494731776623,0.0511326790662351,0.0431970494984918,0.144009192235729,0.115082261387525,0.0803620210903947,0.0748983863111435,0.0764470993560807,0.0975899819706881,0.601094024508851,0.108840249369915,0.830779151680593,0.236415315129156,0.0951354949881932,11.9843298403872,248.148585794602,0.116724079723551,3.16056278081613,3.08502132352314,1.55577157834107,0.141036835834595,0.103774589021324,0.07677387823942,0.0664270211643243,0.0585739380331294,0.4304653837791,0.0754264519095953,0.504941352193622,0.178075999721101,0.101661998666432
"SSA_00292",2.98681710623622,0.0351584923682422,0.129867720991339,0.0144143236432846,0.260100560920269,0.0218733142709478,4.70363302233789,0.674506007625098,0.0527588321227485,0.477683356049667,0.212708414435203,0.113504655728313,0.0907479385887353,6.26745740682153,0.695481330995957,0.0521230506062933,0.0431971121039031,0.16041726412229,0.115085612939209,0.0803614452106051,0.0755156713513519,0.0764470054553955,0.0975907050413972,0.601095323329732,0.10884082752083,0.890875885020557,0.236415590981976,0.0951345229600517,11.9846576477337,248.140014452404,0.116134844465935,3.27739888684102,3.07623513740955,1.6052825036403,0.141039652375939,0.10377498153438,0.0936969471031549,0.066427475296447,0.0585737351035565,0.430465201599559,0.0917121784294592,0.484240656729579,0.234702960224361,0.111023934765751
"SSA_00293",3.40303129050302,0.0350479925934997,0.129868491443358,0.0144069790417143,0.260101800700091,0.0218732850188305,4.70358155883061,0.674505145973847,0.0527566355480088,0.477678093284683,0.212714286090142,0.113505107561784,0.0794901100360505,6.39747091050765,0.695471560872963,0.0483139339836597,0.0431968324911804,0.170281921951257,0.115080761368016,0.0803594693457707,0.0638173137536814,0.0764473547357338,0.0975916219383891,0.601092335717963,0.108841532699195,0.869211063257788,0.236416922138759,0.0951361299682551,11.9840561488131,248.144125162566,0.1159323338976,3.34757063554307,3.07632016488256,1.61016572180524,0.14103735357477,0.103773995876026,0.0981779667439439,0.0664276071998763,0.058572755530827,0.430468115552091,0.086701579074092,0.498341434629996,0.196278222036911,0.0949383780674076
"SSA_00294",3.11130299908893,0.0284054043220467,0.129868267894876,0.0140746339531823,0.260103931329741,0.0218736237862303,4.70360837654618,0.674514046248392,0.0527562711844348,0.477675596746004,0.212711359675067,0.113505136083874,0.0849389213225651,6.27008151196367,0.695472956222663,0.0463582397539462,0.0431973361542681,0.186070384297011,0.115080539165994,0.0803608475333231,0.0749884715024266,0.0764470755186151,0.097588893701547,0.60110104312969,0.108840956517849,0.821704097048882,0.236421498856789,0.0951352786907993,11.9845176152273,248.144722313176,0.116251165514022,3.36462221273161,3.07294175766135,1.5783047382271,0.141036401321907,0.103773884746469,0.0824292767434315,0.0664272837026488,0.0585734859373236,0.430468481676438,0.0880701344122418,0.51469979441304,0.16831404056113,0.0933801726761661
"SSA_00295",3.56520569645796,0.0294503515201054,0.129867761863309,0.0150422060126672,0.260100371639973,0.0218733007738137,4.7035537981505,0.674500510473942,0.0527569012859034,0.477681576669127,0.212710660308457,0.113505085196333,0.0870406793993281,6.46626472496314,0.695475402371275,0.0447036443293473,0.0431965451139573,0.169006411712839,0.115084740157199,0.0803609421456659,0.0722718049377036,0.0764485352979665,0.0975907235771563,0.601103371378309,0.1088402753836,0.809763171449206,0.23642054159189,0.0951349655792766,11.9845287724422,248.143725374994,0.116809808362923,3.29567439036171,3.0745741041427,1.63084597558453,0.141039431947849,0.103776005395286,0.102001938621995,0.0664271334379791,0.0585744496756755,0.430466659462099,0.110019533175691,0.556784830644784,0.22022902131893,0.089938156975533
"SSA_00296",3.18961907708969,0.0356411325907566,0.129866639502399,0.0151709527976904,0.260099712518926,0.0218732361154136,4.70357015483497,0.674496867832723,0.0527573447305797,0.477680624070501,0.212709501525969,0.113504648439792,0.0857787300043922,6.33999318832426,0.695478527770587,0.0451319223807988,0.0431970028198287,0.161521498525923,0.115083707934058,0.0803614248686315,0.0718484667136831,0.0764473777728872,0.0975897192880978,0.601101348057921,0.108841044570617,0.840553679516768,0.236418075407986,0.0951352443412261,11.9845012511281,248.142333036,0.116968053523493,3.19382072688415,3.07938853143568,1.59758237264642,0.141038190930732,0.103775784863723,0.0956843581655341,0.066427205865549,0.0585745696818276,0.430467244661172,0.0936404432246375,0.537900151696461,0.223967788631003,0.0960098842206284
"SSA_00297",3.09441843664771,0.0294127186759476,0.129868783260028,0.0140801651804905,0.260099577723337,0.0218736194808587,4.70362358083545,0.674493137823347,0.0527571342821464,0.477679260256713,0.212709678523834,0.113505421219796,0.079979073377224,6.39737897188641,0.695474615294722,0.0485394618870266,0.0431970100478105,0.163896343153123,0.115085342765766,0.0803609361665599,0.0687055454412089,0.0764461946709219,0.0975909269751357,0.601094322164774,0.108839054304429,0.990156054981879,0.236418331464871,0.0951359034991822,11.9844955196479,248.144156467277,0.116208161385944,3.37916444247365,3.07859196727869,1.55443478414171,0.141039141976998,0.103774401099849,0.0986615770303496,0.0664262955702669,0.0585731590319692,0.430463481849491,0.135848398960249,0.468738441156031,0.199394832691344,0.0924339406173715
"SSA_00298",2.76179547578463,0.0263861039667761,0.129867820371919,0.0162748602851146,0.260101890615344,0.0218729272590193,4.70349983814364,0.674495322490662,0.0527580457708549,0.477688056600528,0.212709343705065,0.113501982599487,0.0798155199144839,6.22816321731103,0.695514849346757,0.0465023490089202,0.0431973333144891,0.157680980536652,0.115083921997621,0.0803630873714104,0.0712830733562855,0.0764456728236563,0.0975914148712386,0.601088227598881,0.108842539636335,0.905539935522008,0.236412968099564,0.0951353693551607,11.9843631899074,248.142642657684,0.11784316152345,3.24757496085754,3.07738508857762,1.56118446912788,0.141038336485923,0.103773233960593,0.0824170736538886,0.0664263731673455,0.0585739325412987,0.43045861654309,0.104834542116438,0.575102125032847,0.175767880394204,0.0921856072690404
"SSA_00300",3.21131061192052,0.033420207191788,0.129866320742935,0.0172004833884622,0.260100935644633,0.0218730548861347,4.70352781260667,0.674512470769662,0.0527566540296818,0.477688402038435,0.212708554598378,0.113502972038853,0.0801570077805368,6.25876892604184,0.695477660869967,0.0526064122703026,0.0431964936074813,0.169605580102877,0.115083661073512,0.0803608055937106,0.0765957299052049,0.0764471234124301,0.0975906979702343,0.601092655445475,0.10883995608541,0.797346164275476,0.236417635940339,0.0951341888396734,11.9844904633344,248.144361224282,0.115733032222336,3.35233152532564,3.07681091353051,1.55147874401784,0.141039970095874,0.10377435602575,0.0973806350428089,0.0664257981113982,0.058574093030964,0.43046216193144,0.104581783327089,0.571302081740421,0.177053425492294,0.0896608923336778
"SSA_00301",3.11980908549914,0.02978704187099,0.129866410910369,0.0168256542557327,0.260102221292185,0.0218736771464736,4.70359856804583,0.674499542928352,0.0527566233752033,0.477675317985273,0.212710375194834,0.113503612351049,0.0834295217441195,6.27469500767863,0.695471201095424,0.0424753619137243,0.0431968646480169,0.177155853758317,0.115083224244758,0.0803615899316279,0.0867433482019057,0.0764469695343963,0.0975884361078945,0.601100342420601,0.108841274680519,0.813905370212541,0.236417568561397,0.0951348901730825,11.9844709186013,248.141408957034,0.117441719243688,3.13649854957026,3.07841165155021,1.59988283452576,0.141039572031307,0.103774954281096,0.0916512931065737,0.0664279181553194,0.0585742450114493,0.430471643756066,0.107927444302488,0.499889354565752,0.212375791686144,0.0889880078843692
"SSA_00302",3.2203908408294,0.02814937682517,0.129866744838296,0.0152272156510068,0.260102417759924,0.0218727713049915,4.70359046782693,0.674515791818884,0.0527571315300284,0.477682840893824,0.212710212712374,0.113502974303597,0.0801740136516066,6.42356736134209,0.695487292528799,0.0554557279156102,0.0431965722267591,0.153236397028361,0.115082067517597,0.0803604282983034,0.0767191660100243,0.0764477310254914,0.0975925795985589,0.601098893142558,0.108841949740707,0.757166134476634,0.236414205802105,0.0951354391694416,11.9842666870171,248.146546890655,0.117516324777867,3.29328169177779,3.07378834663639,1.61277456899696,0.141037974869561,0.103775969867685,0.104517289645332,0.0664265626412233,0.0585748694317002,0.430461586424959,0.111742064519994,0.579026802480564,0.176297054498617,0.0931829141696267
"SSA_00303",3.10613000270452,0.037296879824976,0.12986714727401,0.0143760305103088,0.26009660605601,0.0218730582714137,4.70359614401585,0.674502309500628,0.0527569879871364,0.477684015845941,0.212710198416331,0.113505172924246,0.084329702260759,6.3028295077373,0.695477663722952,0.0458510929721072,0.043196772158093,0.157599010389556,0.115086391814309,0.0803622739810693,0.0718820051070965,0.0764470873613946,0.0975902650191215,0.601097151445943,0.108841158878006,0.850930072303315,0.23641716377477,0.095135108486667,11.9845613603091,248.142809795148,0.116530336581854,3.19202742284035,3.07721715582843,1.61146120022127,0.141040695128454,0.103774928224415,0.086157615068698,0.0664278006683496,0.0585740708644054,0.430468360218802,0.0981652849107931,0.523326097668728,0.188176540889728,0.0958253804605053
"SSA_00305",3.59263901694873,0.032459060723035,0.129866826339646,0.0117008324639783,0.260098298617247,0.0218732634709538,4.70360812597903,0.674490146104825,0.052757521480325,0.477687831782231,0.212707675752721,0.113504430783059,0.0923116962336655,6.13670612365947,0.695476699916454,0.0461255509577327,0.0431967812394415,0.187622131660295,0.11508299730334,0.0803621303402937,0.062121108166536,0.0764452250509238,0.0975909982683317,0.601095501454896,0.108840378014333,0.692659785299546,0.236419412193448,0.0951322490211414,11.9847417438157,248.146447106953,0.116971095775689,3.40734835218116,3.06732790459637,1.6229897516493,0.141035302097134,0.103773580178972,0.0888710548278508,0.0664274040840306,0.0585743515498418,0.430463727563208,0.111753706759303,0.576392077366595,0.177018344450631,0.0921423372908306
"SSA_00306",3.02161296208947,0.0290608984589613,0.129866420952564,0.0160596367624708,0.260099192019413,0.0218732385784449,4.7035498145366,0.674503459667362,0.0527573411869459,0.477680274554231,0.212706809681665,0.113503233105696,0.0838679274333909,6.14247549189376,0.695472534171046,0.0472257540705259,0.0431970508156285,0.197657058469263,0.115084045287112,0.0803612503232501,0.0664576474811618,0.0764458202309082,0.0975907388186569,0.601091041632032,0.108840680568119,0.819063015689073,0.236421432307873,0.0951341901461996,11.9846913650242,248.143607581245,0.116754615597735,3.30183489747787,3.06922420844038,1.65289186543985,0.141037825811312,0.103774894304793,0.114150947932326,0.0664272781547713,0.0585742937654733,0.430468623167796,0.112450341232231,0.560930379988449,0.190182325269272,0.0907086124423497
"SSA_00307",3.35912152168789,0.0339349180190346,0.129866243141529,0.0143745861426252,0.26009893081128,0.0218730739345912,4.70359023851044,0.674503932065115,0.0527576223539709,0.477665780646229,0.212710238249827,0.113506600449414,0.0876321640540675,6.26809568624191,0.695486949125098,0.0463195454596736,0.0431975977799324,0.161395880800955,0.115081410102657,0.0803598040947522,0.0765985274620256,0.0764465463245636,0.0975909934305881,0.601101394101038,0.108841132822449,0.734905554871478,0.2364203300887,0.0951368817933267,11.9844617027305,248.143676862307,0.117639822149796,3.16547388713591,3.07383711293517,1.64715444941492,0.141037911869281,0.103773524640848,0.105054322664681,0.0664274065640532,0.0585743803055958,0.430472973477139,0.103217297325963,0.559986115142725,0.191863354387625,0.0931424140271062
"SSA_00308",3.00939579111103,0.0292173575774183,0.129868021624025,0.0199766507978685,0.260104363963449,0.0218734037257476,4.70347311402442,0.674498325943701,0.0527591661011551,0.477673482652872,0.21271135195018,0.113506780271413,0.0835404589575103,6.35233426388409,0.695468711130881,0.0488411325577329,0.043197201318005,0.218631273473141,0.115084215195699,0.0803609499788172,0.07282373469038,0.076446347647414,0.0975932137015295,0.601086648190227,0.108841806767989,0.788612937322854,0.236418110489462,0.0951326373305955,11.9846209517448,248.141220321281,0.11662010685826,3.45297534798514,3.06610695772131,1.62553134961584,0.141040441111644,0.103775082505195,0.0909038672812301,0.0664273283826473,0.0585731825535103,0.430464258138582,0.10822974624683,0.507789897361593,0.167064172429944,0.088279977915791
"SSA_00309",2.99014812914346,0.015998033361045,0.12986789760764,0.0138821224135929,0.260107856363098,0.021873700110144,4.70364919033383,0.674490739365959,0.0527569653987381,0.477657487443023,0.212710425663702,0.113509389683248,0.0899773347488558,6.20827421271889,0.695467552168873,0.0437100003585198,0.0431975011941073,0.165294742509679,0.115081405745418,0.0803601980839602,0.059085323198306,0.0764479705105313,0.0975877975487487,0.601091297587893,0.108838954197762,0.771673504633229,0.236420695254847,0.0951339592459835,11.9844565832441,248.144310705473,0.117152019356498,3.17462663703801,3.07623707539423,1.61778330673847,0.141036439076972,0.103775131651878,0.0882934824605365,0.066429334018272,0.0585738761695001,0.430465682346137,0.106778657139929,0.497379616672014,0.197807192951608,0.0943243410547169
"SSA_00310",3.10877001299236,0.0267384234120775,0.129867964538354,0.0146612994950058,0.260103430692766,0.0218735682440706,4.70366878671454,0.67449661580178,0.0527575351998804,0.477664311243951,0.212709357035867,0.113506687132268,0.0904744712595963,6.18866702754053,0.695483934432864,0.044691068167807,0.0431976586682751,0.161012579364606,0.115082100240563,0.0803608797474721,0.0715557629076458,0.0764474982657928,0.0975883620516054,0.601097997969678,0.108839230883562,0.868414288251637,0.236422877912596,0.0951335725529418,11.9846124394223,248.145269140617,0.116832755054654,3.16809473636858,3.08063548532242,1.56789104354515,0.141037233154285,0.103775846254016,0.0831953175552672,0.0664278220344894,0.0585741754721443,0.430466220605881,0.0946237912720574,0.509105968859173,0.195536048746327,0.0979699803952962
"SSA_00311",3.37908844519077,0.0236902104235746,0.129868024458912,0.0153869721707693,0.260100668274826,0.021873505517043,4.70360021298118,0.674506755546077,0.0527585951416212,0.477668827121871,0.212712778042066,0.113508368663226,0.0938804019496614,6.30829437998315,0.695473239332904,0.0465716285368483,0.0431972589697725,0.16389940518267,0.115082334560597,0.0803595011539108,0.0628874744204072,0.0764478421136404,0.0975900858035099,0.601103934514667,0.108839710938214,0.777340149902668,0.236421032272068,0.0951341847905466,11.9843521598722,248.143412106189,0.11569066998708,3.28201443941247,3.06939179223097,1.65044200274226,0.141038608142375,0.103772735697295,0.0882976591194987,0.066428169455075,0.0585733168336464,0.430461842774171,0.123506702072961,0.475942045392785,0.158954475146723,0.112563495075048
"SSA_00313",3.41843225228427,0.0286401442456122,0.129867608740048,0.0165723702141817,0.260099376738109,0.0218728236274777,4.70358320584061,0.674507971639751,0.052757240477738,0.477679875962747,0.21270934391684,0.113505093107784,0.0877755464013118,6.34445875054809,0.695488927895638,0.0450496677544594,0.0431970515752586,0.141225160848799,0.11508243921484,0.0803610476468603,0.0820647382139144,0.0764477714662974,0.0975914622850286,0.601093312846528,0.108838865750361,0.773962871427194,0.236419761214923,0.0951344111023232,11.984608810563,248.147120024062,0.11670809753117,3.11808761883916,3.07967414203622,1.63292948932614,0.141037981160652,0.103775481354921,0.0684931308676377,0.0664265445045117,0.0585748939732276,0.430463346807114,0.0999892638985379,0.562879981927761,0.210262063546742,0.0898269880019678
"SSA_00314",3.25656322282949,0.0376409578828035,0.129868452646348,0.0138857127533004,0.260100664470235,0.0218735841509805,4.70359466476815,0.674491570043967,0.0527573681327001,0.477677701074723,0.212711821233327,0.11350678294683,0.0840124409031237,6.56111541869079,0.695476353055452,0.0424691778356265,0.0431966479103429,0.167713282188452,0.115085679110522,0.0803614376257937,0.0558426615351075,0.0764494008160449,0.09758970229523,0.601098905353898,0.108842446832099,0.800553239247045,0.23641639695207,0.0951340145346074,11.9845367465634,248.1435033818,0.11703285209402,3.31294410002683,3.07304970724834,1.61838960989276,0.141038089963526,0.103776275925693,0.0749399476083286,0.0664288290501802,0.0585746664774863,0.430465505275334,0.104790588809282,0.507853987905193,0.211291104021857,0.0989206597199654
"SSA_00316",3.35247623843913,0.0285473069793662,0.129864119276916,0.0126945429488274,0.260102170817063,0.0218736698618268,4.70365004534848,0.674508243181046,0.0527572051643696,0.477673380694791,0.212710215464641,0.11350712130577,0.0905215815305585,6.33898600016622,0.695469779980206,0.048163729153662,0.0431972563268895,0.160143484938651,0.115082465833221,0.0803601684876191,0.0755974725961093,0.0764482444382676,0.0975896634016474,0.601098637080163,0.108840134263888,0.741939884400389,0.236423702368564,0.0951347712620522,11.984650401707,248.145601738874,0.116240716297063,3.26498555782717,3.0804829179965,1.61981984726013,0.141035816706933,0.103775475240669,0.0857550395849736,0.0664280779623228,0.0585740773100372,0.430473263097974,0.0945332575917985,0.515019681660292,0.204588730333185,0.10212974999122
"SSA_00317",3.26193590592578,0.0382090791330446,0.129866556069033,0.0146534413658294,0.260102717557987,0.0218735365326989,4.703582072967,0.674494833673603,0.0527586880802343,0.477692049665067,0.212707645518161,0.113507242586824,0.09505627808309,6.19089802876704,0.695477441737287,0.0463189878286114,0.0431966276064251,0.157969088023946,0.115083836730025,0.0803613968453253,0.0743308758565148,0.076447718539793,0.0975896824520853,0.601100537788351,0.108840086202987,0.836746916984265,0.236419035264907,0.0951333020467037,11.9848261414962,248.144975349057,0.115465884897968,3.28207071368207,3.08217139981663,1.55216976102844,0.141040740179119,0.103773702337397,0.0930801003266459,0.0664272167920707,0.0585741240082807,0.430467092170016,0.0847344886401058,0.586895831891445,0.204837770701635,0.104214314360069
"SSA_00318",3.44277664375328,0.0380414247838937,0.129867587228739,0.017225654374509,0.260095343678112,0.0218729771583214,4.70349302355267,0.674512187344656,0.0527567158972703,0.477674362714614,0.212711134307297,0.113506914545702,0.0890940645306174,6.36808293765838,0.69546633114191,0.0469938300108882,0.0431970726957766,0.169226016718849,0.11508479894034,0.0803600868533255,0.069278902938203,0.0764468298765577,0.0975905096183691,0.601099128327838,0.108840769375465,0.728578498182341,0.236418629626288,0.0951348597673598,11.984368179062,248.140743168319,0.116148298833755,3.16334519623831,3.06794087766428,1.65516312893619,0.141041697894219,0.103773968649146,0.0907829701528072,0.0664272377798231,0.0585737131640878,0.430466343310114,0.124055109205054,0.465023878848354,0.196732918382157,0.104682259566652
"SSA_00337",3.10896316897515,0.0344655100194491,0.12986610090683,0.016537240452661,0.260099428129873,0.0218734374417776,4.7035560727492,0.674506128908152,0.0527570696717699,0.477670257680877,0.21271131676567,0.113506536083709,0.0867604568518261,6.19463342343563,0.695474678715988,0.0431987694364923,0.0431971193301274,0.139758243500727,0.115083653270173,0.0803620221840141,0.0662590269905778,0.0764469076201959,0.0975876256618311,0.601094881435844,0.108839075339578,0.841664574955572,0.236422328002021,0.0951350518014496,11.9845129074353,248.140608900615,0.115915481035116,3.21591452990984,3.0799469877639,1.60355216783335,0.141039150642183,0.103773604619417,0.102911386358534,0.0664280196207602,0.0585733344873163,0.430480043336231,0.105203240396071,0.511775251520928,0.218849117424197,0.105844869119043
"SSA_00339",3.35869136012471,0.0354603453378384,0.129869739096437,0.015448701784213,0.260102266003961,0.0218734870058398,4.70353970543302,0.674509410080358,0.0527579009387145,0.477687656055301,0.212712448569957,0.113503440553046,0.0841056903215084,6.34392296425736,0.695465451084488,0.045848399659257,0.0431965703270263,0.161031866078133,0.115084283336046,0.0803616432462387,0.0708758141083559,0.0764476335890127,0.0975908043453874,0.601094027250501,0.108841511443231,0.831531494631519,0.236417883934433,0.0951347082015791,11.9844625342745,248.142601657467,0.116483656175592,3.2768973554814,3.07757270579269,1.59616502628366,0.141040372907637,0.103773525191355,0.0823714221821907,0.0664266042041897,0.0585739837674907,0.430466488650791,0.0979100157089756,0.499682048005318,0.211181636883468,0.0959587363999336
"SSA_00341",3.10173174298037,0.0376848917887098,0.129865236874639,0.011580381145082,0.260102338363655,0.0218735915408576,4.70368477193313,0.674493293102271,0.05275718307311,0.477686979022404,0.212709530534368,0.113506098455427,0.088376372152354,6.21499203810127,0.695480436197742,0.0410037636369952,0.0431975493146353,0.142328641340733,0.115084074808396,0.0803621617616142,0.0683594813241977,0.0764482317504317,0.0975873472810782,0.601096512691349,0.108838295110825,0.861416881014729,0.236420104656899,0.0951366295458987,11.9845507975524,248.143336541118,0.115915873182814,3.02934188939158,3.08571816651746,1.54177941870123,0.141035853167188,0.103773506385632,0.0880724758306686,0.0664266799198603,0.0585734354152918,0.430474641880051,0.0869325610045597,0.526919216516929,0.187617508810942,0.102527862102497
"SSA_00343",3.4706827623367,0.021720280370831,0.129868621787433,0.0160253322740205,0.260100895063988,0.0218735260352472,4.70355943089876,0.674501890708413,0.0527564975070708,0.477677761132438,0.212711226441083,0.113505599676742,0.0892342427218993,6.31915295847857,0.695478139881082,0.0428360195700409,0.0431964394145387,0.171010599970458,0.115082436370026,0.080360504484073,0.0762601997431955,0.0764476966243912,0.0975897029905143,0.601101814708243,0.108839266033862,0.795254783234235,0.236421037849876,0.095135073682904,11.9845708489813,248.147338366945,0.116419461282088,3.19085920018781,3.07495470528695,1.58321162496398,0.141038287844329,0.103774465134087,0.0803548629059192,0.0664272800978476,0.0585745627753585,0.430461761770806,0.0859552737109085,0.565064954493148,0.1677121039679,0.0920989021087057
"SSA_00346",3.33568679045769,0.029225272356117,0.129867635168666,0.0112851873977257,0.260104511118027,0.0218737022585004,4.70367813466033,0.6744873875279,0.0527573605330598,0.477681737754664,0.212707945943407,0.113504369888546,0.083361437829457,6.10648744410013,0.695476999061806,0.0421816633043711,0.0431968883235901,0.14990702135883,0.115083404449029,0.080362818814625,0.0705483876592471,0.0764475416493,0.0975879468148824,0.601093597931422,0.108840611515272,0.824794897314638,0.236416513929885,0.0951344660082869,11.984662574104,248.150601746388,0.117605512958965,3.06389370474115,3.08086423610178,1.53588364254542,0.141035951430312,0.103772383931259,0.0791048521248324,0.0664260615392806,0.0585747407556653,0.430475599158763,0.110045869177617,0.600963648632198,0.182280064007669,0.0904608270063278
"SSA_00353",2.64054380843281,0.0468958462687612,0.129867478021879,0.0142444978755021,0.260099968767163,0.0218733099070081,4.70354748924264,0.674505618377795,0.0527584147994166,0.477674757244576,0.212710701792007,0.11350644598358,0.0901459759472144,6.16402529301558,0.695464203313512,0.0463680041325747,0.0431968363959864,0.16420743404023,0.115084946988566,0.0803601090265379,0.0578458773063065,0.0764473050502449,0.0975889232453084,0.60109558610523,0.108838491274264,0.810530966259946,0.236419919045074,0.095134518848532,11.9846996326917,248.140167640879,0.117237981670488,3.35993147848917,3.06819502834827,1.59081171601755,0.141036340258712,0.103772253995571,0.083614131456436,0.0664272003893697,0.0585738834654325,0.430468818135529,0.106269689390199,0.493751728080842,0.176150734870162,0.0993586449671906
"SSA_00354",3.28061268438635,0.0278365741454059,0.129865697167292,0.0129561576481175,0.260097220665978,0.0218731486396378,4.70359281794797,0.67450175584177,0.0527584303192761,0.477676180234258,0.21270471336364,0.11350542815478,0.0893907711998655,6.18361885039944,0.695482252636007,0.0506640442457789,0.0431970586929794,0.150741983967803,0.115080743012008,0.08036067697333,0.0686254407956651,0.0764466122974019,0.0975907358872268,0.601095855441955,0.108838683358685,0.799206832957308,0.236416583666339,0.0951346188491146,11.9844630760841,248.14357527852,0.115814855971195,3.20513459244185,3.07340496187279,1.62628190469692,0.141038261682317,0.103771906953304,0.100283853866924,0.0664268432991684,0.0585733871238706,0.430467543670573,0.112542109550635,0.511544712093283,0.202641462626262,0.105913470491974
"SSA_00366",3.36147548138359,0.0304947686529034,0.129866952683198,0.0134885443722947,0.260097311803429,0.0218731061267672,4.70361784317484,0.674501052981887,0.0527566823373985,0.477682847517481,0.212709215493239,0.113505838173181,0.0791693590848351,6.25747308630947,0.695473287160945,0.04430032092625,0.0431963200319116,0.154647315902637,0.1150841213519,0.0803603654040373,0.0646598291114628,0.0764476022137339,0.0975910728226972,0.601091378638871,0.108840426076179,0.760682807867886,0.236416817019287,0.0951374297887479,11.9844812114733,248.145525688771,0.116379477036525,3.18018650870907,3.07827692131827,1.636611788844,0.141039191622858,0.103773882392721,0.114837826714813,0.0664279089595457,0.0585742617372514,0.430472876900653,0.0993997051818733,0.541956578953511,0.197032130209382,0.0925199363755984
"SSA_00369",3.56524271117808,0.0394087125818754,0.129868447271993,0.0150705904989902,0.260099095709494,0.0218740049157988,4.70359569090308,0.674503065760549,0.0527579769352188,0.477690277202415,0.2127110252426,0.11350654142377,0.0899575103451568,6.31002744189022,0.695467123784355,0.041735888368873,0.0431967799657082,0.186271367971046,0.115083416441331,0.0803607738540228,0.0757657348676374,0.0764468414242048,0.0975908965316007,0.601112424294026,0.10884126504559,0.797648082657451,0.236416774640315,0.0951334438495081,11.9845714643328,248.146499943182,0.116864083503917,3.35731115003089,3.07126179041907,1.60123917521216,0.141038097749139,0.103774599780757,0.0902745540315533,0.0664273095675495,0.0585741035877704,0.430471346447269,0.104633435816124,0.574333404760009,0.227389401136838,0.0881656885157573
"SSA_00376",NA,NA,NA,NA,NA,NA,NA,NA,NA,NA,NA,NA,NA,NA,NA,NA,NA,NA,NA,NA,NA,NA,NA,NA,NA,NA,NA,NA,NA,NA,NA,NA,NA,NA,NA,NA,NA,NA,NA,NA,NA,NA,NA,NA
"SSA_00380",2.92212887264964,0.0253068891960901,0.129867028386181,0.0153963557545825,0.260098385993171,0.0218732612732086,4.70367317750837,0.67449087317771,0.0527574139736645,0.477670799188272,0.21270676328669,0.113506601891704,0.0837644136884503,6.25023576206514,0.695470732967632,0.044137373404185,0.0431969815503582,0.180796680200077,0.115082719455713,0.0803617912153628,0.0687307861658378,0.0764470196714519,0.0975889592392611,0.601090040030154,0.108839631570279,0.864204968633657,0.236415442578048,0.0951350821687375,11.9845133850625,248.140182476939,0.116613602548707,3.05290877514131,3.07694203966873,1.62134749650634,0.141040503474127,0.103776381858716,0.0909941014095531,0.0664276616538959,0.0585743490028657,0.430467431890223,0.0966112884026569,0.444984071233358,0.207015682493607,0.0988620901351034
"SSA_00386",3.1843322916456,0.0338525909376333,0.129865550728777,0.01278927002045,0.260101445502167,0.0218733048753413,4.70361674354811,0.674491230604558,0.0527573834072859,0.477686477848493,0.212710534272596,0.113507361300361,0.0877087692285661,6.23304100422624,0.695485583182873,0.0382161922604613,0.0431972504647517,0.141553597872515,0.115084320003449,0.0803637881033437,0.0672190967964901,0.0764480508437065,0.0975886733813452,0.601094371979542,0.108840525785691,0.790186099987508,0.236417655474053,0.0951347587906855,11.9845788218227,248.14494345711,0.117029701860929,3.07114365509821,3.08331391019725,1.57688336460993,0.141039014145883,0.103775185973474,0.0697838654617602,0.0664266366881975,0.0585745261525155,0.430469165009514,0.102524999737137,0.50203758883039,0.172531903486098,0.0976765879459356
"SSA_00395",3.38062274108193,0.0298401583695812,0.129865599526796,0.0124742564799893,0.260097390361929,0.0218730669708155,4.70357204333372,0.674498517264784,0.0527575418142886,0.477675754998596,0.212708766998896,0.113504932597912,0.0850172809029273,6.19833901234412,0.695470368073302,0.0432617714422359,0.0431975074051938,0.152260037425663,0.115082304883992,0.0803641881756447,0.0649345864724981,0.0764466309778119,0.0975889123116003,0.601090308953557,0.108841259782936,0.683534377027062,0.236417616675005,0.0951336986796726,11.9845406779309,248.142404658788,0.116409448329781,3.1136791497178,3.07776746010292,1.64900920326355,0.141037608260952,0.103773503593097,0.0917401276926385,0.066426856404674,0.0585740898685146,0.430470773283283,0.110742007977262,0.491940704609487,0.192324128233866,0.0961884943599386
"SSA_00403",2.75049393676708,0.0313382193191071,0.129866560136384,0.016043460214796,0.260102980339914,0.02187313618552,4.70354617828971,0.674502871675628,0.0527581681238795,0.477684731172926,0.2127095561748,0.113504337374355,0.0811192291806056,6.28016049356964,0.695466669294198,0.0511084281314878,0.0431966639884732,0.149436101870681,0.115084871212168,0.0803614195169813,0.0628867294092883,0.076447870455785,0.0975902245629737,0.601083630317971,0.108840896294524,0.871630249158501,0.236416614246617,0.0951339740417262,11.9843234588053,248.139914584901,0.116708723706635,3.29234100749574,3.08278363213131,1.63671516849758,0.141040086282679,0.103775567726026,0.0906948568468711,0.0664283390576069,0.0585731667208471,0.430468090502606,0.105513826226915,0.467057222403104,0.210134744512351,0.103023120386377
"SSA_00032",2.91029172078654,0.0295411633560043,0.1298657470317,0.0136245568434542,0.260100836379262,0.0218730006870792,4.70361007013813,0.674504322876607,0.0527569920238612,0.477671960395471,0.212706952069031,0.113505709775935,0.089176528531726,6.03856366476396,0.695481369710949,0.0464085753641299,0.0431974200141145,0.154488024572237,0.115083664177425,0.0803622102684564,0.0753796144362148,0.0764469893952079,0.0975875085574517,0.601100796650343,0.108839976171877,0.752645332317736,0.236421544545808,0.0951347898919978,11.9848311145729,248.153262370288,0.116804137783263,3.19762886659016,3.08002872850725,1.55498137054791,0.141035735185392,0.103773287271273,0.0906511858933828,0.0664255932923141,0.0585752028276761,0.430466757995991,0.0991117599253966,0.639445786468415,0.149139208868292,0.0951410200111197
"SSA_00069",3.48286484561109,0.0264713766786635,0.129866957249084,0.0148563497392245,0.260100762202413,0.0218733706991565,4.70361446248882,0.674503531565568,0.0527571014032076,0.477679536078583,0.212708483352615,0.113505221771385,0.0896935995106437,6.33047224881698,0.695489671932486,0.0451864460744359,0.0431966606071063,0.160350696306886,0.115082542111073,0.0803612981383187,0.0843774383016934,0.0764476070727103,0.0975899322460473,0.601103766918777,0.108839159905974,0.815573371122755,0.236419037364174,0.0951347906056282,11.984537308036,248.144196394316,0.116399365735279,3.19536776618031,3.07826941240927,1.59749976015321,0.141040082563223,0.103774991007583,0.0911842831012732,0.0664270172962323,0.0585741506984536,0.430467642356022,0.110781614168536,0.523817336902008,0.199045882997852,0.093297996424218
"SSA_00117",3.10884263105621,0.0338921656584201,0.129866173705314,0.0152349756200881,0.260101544773076,0.021873281412622,4.70361301922703,0.674506690692239,0.0527578441973282,0.477683227954373,0.212708067961883,0.113506279535662,0.0861832967021176,6.1731998295688,0.695472431470382,0.0426733343248142,0.0431967159874475,0.173388703009493,0.115081852531433,0.0803612343675272,0.071139964556027,0.0764476410277196,0.097589884015455,0.601095627923378,0.108841895610253,0.67467467160167,0.236417505780722,0.0951342464221466,11.9846519556171,248.146583960976,0.117658607052793,3.26466095803664,3.0707145274521,1.65614587386746,0.141037761855774,0.103774552981646,0.090849825277448,0.0664273689357379,0.0585749549992607,0.430471096549246,0.0958853694740002,0.581977263353617,0.219715487798157,0.0943678398760099
"SSA_00225",3.22895965322019,0.0298010514716149,0.12986571119156,0.0181025292134755,0.260100060839105,0.0218728467736715,4.70356812279958,0.674513219649089,0.0527570692233093,0.477679841191093,0.212706943256071,0.113501927498024,0.0824136241525096,6.17146771182648,0.695475363320921,0.0484598764059947,0.0431968254190475,0.139864475419491,0.115084315163442,0.0803631161102319,0.0793865218989193,0.076445592022764,0.0975907247422378,0.601091748345397,0.10884080987372,0.787417246260893,0.23641783482972,0.0951345468020745,11.9847322465196,248.149937503769,0.117118781374652,3.31518813930575,3.08109040143249,1.63348346131204,0.141041332546698,0.103774288717413,0.113802846719076,0.0664278064666696,0.0585750274437437,0.430463204008943,0.0865274570536041,0.616204088726478,0.176134893883343,0.101930763828678
"SSA_00315",3.17566949748898,0.0289865454134405,0.129866304123657,0.0139530756875968,0.260099345006251,0.02187340052581,4.70364194698882,0.674500203354767,0.0527570992928184,0.477665594962928,0.212711473166151,0.113508516896692,0.0910090123620688,6.28031584723115,0.695472444548045,0.0426830377117777,0.0431968099309339,0.158424440040984,0.115080712508603,0.0803613171686158,0.0736983498115501,0.0764477923782909,0.0975887449902889,0.601093719368215,0.108839679212098,0.714125920050083,0.236422867820072,0.0951349214607001,11.9846920385428,248.1408368457,0.116191078139341,3.156132481875,3.0780713720668,1.65057553997743,0.141037243611017,0.103774777890182,0.0753694039371555,0.0664286353024657,0.0585742920238971,0.430470223422684,0.09262622478429,0.483746334406731,0.216568921695504,0.0949281021039253
"SSA_00338",3.29973171959916,0.0369832615099008,0.129866808351115,0.013195443107393,0.26009762091555,0.0218733544021943,4.70359830834945,0.674502730165832,0.0527577989267248,0.477685845986218,0.212708779403947,0.113506610975418,0.0866957206704484,6.3313071168079,0.695481535446337,0.0446797206732011,0.0431969882238841,0.135214475947629,0.115084283181705,0.0803621325731958,0.0651885795479954,0.0764485950307569,0.097589432997667,0.601098668487922,0.108839519081101,0.8515124075705,0.236417094408891,0.0951352855697172,11.9844967888548,248.14415500045,0.115624296464233,3.10486821554816,3.08374924204908,1.58724106985295,0.141040234038923,0.103775190610609,0.0929134757641506,0.0664268742170076,0.0585738034239121,0.430474553349878,0.111548574773793,0.506310929684024,0.199580729478017,0.106241548384718
"SSA_00344",3.09129945096836,0.0146657739313887,0.129867410537733,0.0148470512746032,0.26010164675943,0.0218737270459594,4.70357592401585,0.674488649043972,0.0527581952709849,0.477671759293055,0.212707318775124,0.113507172926719,0.0872575622920692,6.2372136146377,0.695472871651178,0.0460955337659837,0.0431973765461999,0.163202198042048,0.115080678640884,0.0803606568530991,0.0700123464113462,0.0764469993527262,0.0975904160334124,0.601094383677402,0.10884093151248,0.787614637654403,0.236421929585064,0.095135067567433,11.9846142338241,248.146930783143,0.117726316574912,3.1422140985922,3.08233892053892,1.64044379423251,0.14103666481828,0.103775009489137,0.0986210100275445,0.0664281190416462,0.0585748010164525,0.430469640269918,0.131197258409172,0.504595631643156,0.209981406561185,0.0918568499159884
