"","Km1_CO2","Km2_HCO3","Km2_PEP","Km6_CO2","Km6_O2","Km6_RuBP","Km7_PGA","Km10_DHAP","Km10_GAP","Km12_DHAP","Km12_E4P","Km14_GAP","Km15_GAP","Ki18_Pi","Km18_ATP","Km18_Ru5P","Km33_NADP","Ki57","Vm2y22","Vm3y22","Vm4y22","Vm5y22","Vm6y22","Vm7_8y22","Vm12y22","Jmaxy22","Vm33y22","Vm35Mc_OAAy22","KaRac","tao_ActRubisco","Perm_CO2","gm","BBslope","MRd","Vm2y23","Vm3y23","Vm4y23","Vm5y23","Vm6y23","Vm7_8y23","Vm12y23","Jmaxy23","Vm33y23","Vm35Mc_OAAy23"
"SSA_00002",2.89328222962185,0.0371676660754127,0.0901914229406664,0.0107832703873833,0.298524446094063,0.0249246926851158,5.49397124878934,0.663489042792331,0.0559841932263285,0.713936448830167,0.22318301173889,0.0831032519195531,0.0903840162952396,6.56218928110823,0.839748092366525,0.0391671712022554,0.042542503799199,0.117677386969921,0.150870327766455,0.10686166594093,0.0860383808977305,0.0874617855504904,0.0769755079721101,0.695359189759242,0.0971058285137628,0.98116258463712,0.282911625034204,0.11182606406694,13.147318861117,247.795719342792,0.103993803346539,2.59629036392226,3.55017916400284,1.28290661978678,0.141254747463238,0.108447878481636,0.0764288147483987,0.0442142043260177,0.0634515215079554,0.469903778452141,0.0895869465449514,0.555012465359359,0.183491208438295,0.113346882662509
"SSA_00011",3.93481705818062,0.0340432280148819,0.122171247869852,0.0141560420348414,0.233174002832834,0.0199529590609562,3.7614417576915,0.781189238396203,0.0469828670828551,0.443089699599139,0.258437904286904,0.105721837693272,0.0878576595491387,8.04193205836968,0.613923969520495,0.0443346616245843,0.0469435350331645,0.154109814253354,0.126118679521393,0.0963611385822641,0.0692276773474611,0.0694923013581618,0.0812672518794607,0.674112869913143,0.123694842289632,0.674992007684442,0.257431892294452,0.0817576377517226,12.6301981863731,233.717090798302,0.127764415811098,2.72396437874063,2.95779732972033,1.66143560936794,0.15282492605778,0.0956313834398074,0.0737467748518374,0.0619080908771453,0.0612095546050533,0.448833100139863,0.10787927246227,0.523374653905329,0.147973077765716,0.096523875607438
"SSA_00012",3.38066709744677,0.0305128944489153,0.12059955212554,0.0137946844274803,0.25389320930421,0.018778895626726,5.08985227108572,0.605541987288933,0.0528172364684639,0.49723228568028,0.206004068436761,0.0867423329545418,0.110898810858721,5.96741017771443,0.933745805718548,0.0397392709361515,0.0445796913487343,0.139376530215705,0.121012901444466,0.0941818818877208,0.0874702267028992,0.0678368378027504,0.101587863362745,0.664558902243397,0.110647473676698,0.898811990000762,0.265665404380994,0.118581575717791,13.0238436937735,252.639373189483,0.173478879977385,2.50189421091968,3.27511440702901,1.61166973588548,0.197132749018225,0.102720280584282,0.109377079832559,0.0679368083961995,0.074084945040898,0.413951959592741,0.0901142846888046,0.562801001342527,0.201949341561928,0.107942007197085
"SSA_00014",3.34033959375288,0.0278363283085187,0.135253076943232,0.0138681192449766,0.223439147801112,0.0206313217127543,5.17697660051705,0.771894648379623,0.0495554814896553,0.495204132500022,0.198583714371994,0.104229083482953,0.0826163143725568,6.33205729756496,0.720022484659083,0.0468675058658789,0.0369239353148857,0.158370298629582,0.128266314052062,0.0928165530877033,0.0695461402954826,0.072126694727893,0.0892623136900886,0.577486437625765,0.107258005102356,0.842705119135322,0.245497641046747,0.104998334000664,10.8375361198447,226.382223325848,0.0792967054825157,3.05488795497659,3.0456799052218,1.64297193098119,0.146750943847831,0.0975251898279002,0.0941890489990151,0.0625990812179905,0.0513872323542877,0.421391727147235,0.109118933790305,0.5211428725389,0.184059459504742,0.0996149379229103
"SSA_00015",NA,NA,NA,NA,NA,NA,NA,NA,NA,NA,NA,NA,NA,NA,NA,NA,NA,NA,NA,NA,NA,NA,NA,NA,NA,NA,NA,NA,NA,NA,NA,NA,NA,NA,NA,NA,NA,NA,NA,NA,NA,NA,NA,NA
"SSA_00016",2.77171633960602,0.0289388607960397,0.153034503645052,0.0129167671053689,0.201475859589471,0.0158760290849884,4.23677044272418,0.596783564661492,0.0484677800939661,0.562625828784676,0.195049934762405,0.1125693575666,0.0840236987425922,6.30822035687424,0.806739918223289,0.0436136353025679,0.0518373660525298,0.181421204654444,0.132151140934221,0.127600888465806,0.0515827655378584,0.0708384265637431,0.107529705180484,0.501891998215662,0.137850530905539,0.730028510060043,0.233495181816949,0.0771794115316376,12.6391116748097,220.739608357825,0.12599333580458,3.12983559128476,2.96848580347213,1.75405513958389,0.144749738330062,0.12029464735076,0.0819867759996358,0.0682844770021979,0.067594140442654,0.428993432446886,0.115195723275337,0.377009466447573,0.241781056790443,0.099510748225444
"SSA_00017",2.69123408849853,0.0280956884061952,0.132778099861385,0.0168974814425841,0.254441436146526,0.0197567453296611,3.65787830257017,0.698003416155247,0.0565435453488683,0.485661014455878,0.185531806542985,0.0960295955395538,0.0886488613416165,4.1201759820749,0.819388765997565,0.0468345732332885,0.0526067772330861,0.179116612834444,0.0983994605284992,0.0965192271160822,0.0668684344833935,0.0623403671611816,0.0938265472086634,0.563382709740425,0.110937292793327,0.799714540109763,0.227272140814263,0.0816600042392641,9.96227844869671,260.004054034156,0.133657661866521,3.477136707482,3.1260024664979,1.49318102230497,0.130707120459802,0.0990186808591582,0.105575576971174,0.0585532103804513,0.058276300721002,0.420511114872233,0.0993257115007663,0.556582616016125,0.196045457481057,0.0873396588644738
"SSA_00019",3.33074489113921,0.028638594076138,0.143934308047489,0.0134382526981576,0.26317188153767,0.0188552435172085,5.01709613912379,0.651051286956166,0.0550943939903608,0.552586418258442,0.303062808666445,0.112049038117151,0.0573671491987877,8.25734720805108,0.693575542220282,0.0461001814420229,0.0380486388478591,0.156827309831546,0.112937843418969,0.0577405655255512,0.0638200277941245,0.0894554952557789,0.130093352226396,0.460374223934972,0.11947348104958,0.660532657497491,0.178700194302364,0.125943449602469,10.2564067300506,213.97575662341,0.123948021682028,2.70389360668028,2.99941403987634,1.74099600293753,0.122238335431997,0.116591038770072,0.0683560806206302,0.0614157771013829,0.0613888892438514,0.4434722869273,0.136911989288268,0.581233153179796,0.252640201627882,0.0682044550728204
"SSA_00020",3.44678384059845,0.0347314940648785,0.122111849187143,0.0157509688915236,0.235758158815074,0.0221295252164564,3.8722764090669,0.642552143957353,0.0447794963252708,0.467581177618289,0.214352934404492,0.134717068335418,0.0824594009825553,6.26042832100769,0.693662014177407,0.0436143526401847,0.042194535567067,0.149297483478027,0.11698041865385,0.0853926872677948,0.0618082147606368,0.0823717659878826,0.0928885193622397,0.59266918961809,0.106116772356637,0.662778664223519,0.295134146714787,0.0940147798518413,13.7962591988729,246.641266212379,0.0760683771212022,3.21488161976255,2.98180203404141,1.59534638192141,0.113703670806826,0.0926748476785551,0.0950852895175405,0.0656760884086372,0.0585071646383606,0.52291840621625,0.0964365149110613,0.63874731291037,0.223007234538897,0.0884474539918638
"SSA_00021",3.30375734056272,0.0363596745709456,0.141766475583776,0.0192654920978561,0.249035463119224,0.017541996774559,4.21260984368794,0.723694622490662,0.0500494589829488,0.595099288323514,0.232787055536155,0.11332365644103,0.0793499721844783,7.09132470790403,0.542389613016535,0.043532119430207,0.0394509325267378,0.165465681899464,0.153346633016255,0.0801230883305094,0.093123673302417,0.0700707253171414,0.10786750214654,0.660370346002659,0.108145742774782,0.762567833034659,0.215033803329731,0.0790035887988804,13.0314185789956,253.309686573147,0.117728085040749,3.10298739874045,3.10612138656972,1.69776118994398,0.208277940394324,0.0996731401526243,0.0887378158869445,0.0594082778113381,0.0615095413266494,0.41399330973711,0.129626640836216,0.531102770418173,0.179477575542433,0.0802345678603358
"SSA_00022",3.68290243463996,0.0305260075638867,0.144162324165097,0.0158776531623002,0.240880177517861,0.0204889782894234,5.39628114450128,0.573952143929858,0.0481807652065611,0.517293061310764,0.205546654694899,0.103303772107035,0.0892154526509389,6.12946617237697,0.735165068184846,0.0340668801511471,0.0423887814207564,0.182567642477479,0.133210261497167,0.0870486604648316,0.0830071888637304,0.0756242606489061,0.101264963710744,0.623927940514825,0.0926065781866929,0.792956257160769,0.212237691239961,0.0865252201912909,14.8988819876364,243.603402077971,0.108101261521467,2.78262252118867,3.01960901115017,1.52604121590815,0.156250413212869,0.108340188246565,0.0864178722402016,0.0575604839669557,0.0617214366613064,0.406288069138785,0.10912773598519,0.524920457746493,0.188136682557732,0.0782054055312165
"SSA_00023",2.90386991907462,0.032414039743687,0.106891598919133,0.0172813050843372,0.260752265042171,0.0206749672686552,4.65307596090683,0.772137597005653,0.0576897125624123,0.53444885528996,0.193149201551864,0.0899395155144731,0.0769019297984061,7.17375802966896,0.512257663774124,0.0548842102876378,0.0396603315833239,0.204454826225834,0.109543422997639,0.0754405348555353,0.0819147372026083,0.0672791293434409,0.109079383051115,0.517545913486809,0.11445103827782,0.812206174583037,0.250119169426745,0.0952229748023544,11.7617338029217,232.088668243513,0.116883467168121,3.28182742259944,3.00350036205874,1.83278060228149,0.214482424079084,0.102148464709662,0.115251206025734,0.0667632118343788,0.0603010986804738,0.486480852163957,0.117512849925711,0.530930724892484,0.238249915269561,0.117574626981325
"SSA_00025",3.91527838341997,0.035403366147765,0.130955567520051,0.016741563391226,0.248110545792499,0.0222997523850684,4.34505725424496,0.616468977612737,0.0476329687710905,0.590525855112965,0.208383413682398,0.113194321996843,0.0928965889283659,6.77634970628422,0.670514118317682,0.0296088536820454,0.0435542537884506,0.175509866351065,0.165980619474667,0.087944217273165,0.0742565988176343,0.0804087707897305,0.0886694381146648,0.708080345531852,0.0898549701973544,0.798426695506049,0.22343688789106,0.0824017486232773,14.1973693681418,234.528331846739,0.102960274763256,2.47820156710664,3.09198095865554,1.47142884314133,0.172044111012925,0.106747052376611,0.0805263300571121,0.0610513215836706,0.0582290307179012,0.422593064514797,0.109659528352808,0.472042141677757,0.163460667404363,0.0866445512368138
"SSA_00026",3.48320751960459,0.0314110647438367,0.122296910951107,0.0148604475475306,0.244117293996731,0.0202297433372243,4.84945548294226,0.660617638009458,0.0496746022062872,0.613861003495484,0.189286701056273,0.101551807526939,0.0919027171687311,5.59366158696594,0.776077632293726,0.0421139708958742,0.0473199541791635,0.172987103725665,0.122475104274343,0.0870875536968712,0.0635126824455082,0.0546807407326678,0.106340663932636,0.563981798812386,0.103156302817181,0.837224101803507,0.232234034664677,0.0992765996592435,13.5809664395029,253.22669727175,0.0884776860865822,3.60936560254473,2.97617423602603,1.6048126910599,0.146658910857839,0.0952489406263868,0.0954752221351104,0.0614779516530749,0.0630050000069836,0.379424949381077,0.0956582731721626,0.539710835981209,0.183831898745383,0.113667494254789
"SSA_00027",3.74429120990863,0.030515226045701,0.1325625398937,0.0156006949314717,0.210598073804367,0.0224281794092335,4.84116051701786,0.801950880689986,0.0421883192658639,0.35080951235886,0.209158900335323,0.0979955565684386,0.0850259121728369,6.83762909509371,0.677156348455215,0.0458402019147413,0.0486729002413219,0.166585446559796,0.119466799811373,0.0927182812967658,0.0894189480860294,0.0681093855484489,0.0921214418964634,0.610171036779728,0.114520551370508,0.804696426641061,0.236264987314307,0.0858747682107723,12.651509618246,238.12859277733,0.0889263941551702,2.47841888889829,3.0690675764063,1.67784497541507,0.160897640921095,0.103453152047136,0.0935211339144409,0.0719030933355148,0.0591251556961599,0.508427625884113,0.113467744176599,0.451330750448504,0.177192885027705,0.0988328326196867
"SSA_00028",3.52840032773584,0.0302812621308136,0.129639477814485,0.0148693328739539,0.25442950598795,0.0201302768154543,5.16285829250595,0.638414526513923,0.0328265906536019,0.521460726597099,0.220653466491888,0.0986500581122892,0.0677515369453475,6.42814146799148,0.674324036830229,0.0506204718769137,0.0435998892734106,0.160431628545566,0.116469110640085,0.0731143207625219,0.0710983758752676,0.0673373668885356,0.106460477568409,0.510769266086466,0.110992442309341,0.808529423900541,0.236059807920141,0.108700551061174,11.1537484294701,239.608751937512,0.0967182154110595,3.18093854690481,3.0425979983213,1.65998574848267,0.173086269615778,0.0968519563352847,0.100201744145306,0.0643165406901266,0.0578636476094359,0.39887249190625,0.10536574417765,0.493967781088389,0.167916677017146,0.0778009840106222
"SSA_00029",3.57674604253037,0.0301406211906456,0.138243438239686,0.0136293209089854,0.255627560934145,0.0225326274684581,4.4156074377472,0.541767774253917,0.0393469134136741,0.551004899972836,0.223242081070502,0.101979085091283,0.088111561951326,6.05521555655392,0.670963788983788,0.0519716196624625,0.0435295690313317,0.152487099255777,0.119431947205069,0.0932768084630465,0.0711801840279394,0.0696103532899814,0.0924838145775237,0.575199136399054,0.117072669067542,0.701578688611069,0.271024542743008,0.0839978581024918,11.3555647519311,262.28122018451,0.104368293981245,3.81119201365341,3.13480359603102,1.46810356382807,0.118323096154575,0.0989270294722139,0.0909531552717909,0.059438730785057,0.0581040104086087,0.452587655735087,0.0950643381511817,0.542321923476215,0.163652535326711,0.0919779139321703
"SSA_00030",3.74468520625637,0.0272933196268187,0.124209957567278,0.0137603490242174,0.245030842012683,0.0217459066962992,3.76731289613313,0.568782268614337,0.0608649426140609,0.578576189335615,0.16355719521782,0.0997599673629045,0.0854004626457547,5.0700649781991,0.700802251666853,0.0381421526325837,0.0474228845723567,0.147620819283596,0.130178871050175,0.102249886324562,0.0625516886333421,0.0654015210820016,0.102879069242114,0.561639083015016,0.107850068399313,0.836939318222938,0.22258020411094,0.107746133475086,11.9973474796276,284.307987786287,0.124646592350518,1.74272689378079,3.16166732135115,1.7158902059937,0.0929578124844732,0.0982994162973253,0.078152180325095,0.0649593847055867,0.0540438467603911,0.408926537712338,0.0967007584002935,0.500627739328755,0.155401710158898,0.0873799360057837
"SSA_00031",3.34815888988433,0.0259981591967416,0.122863237682773,0.0145949464044574,0.28272166947324,0.0213346860892798,3.90585514871597,0.660857387791091,0.0514737211685996,0.482003253036783,0.181909911921115,0.117279438919629,0.0828986866083207,6.30372452749648,0.761295162236407,0.0530781468145777,0.043257557272196,0.153410076174642,0.0971494896317582,0.0746101711361735,0.0643824905800386,0.0819804751006594,0.114679464142908,0.532973501186593,0.113756999954999,0.650876456302781,0.224352963600739,0.107285755595005,11.3387159521497,279.17435346669,0.140751141425732,3.1392172916284,3.2072518924926,1.75994787052236,0.0932750963733643,0.114098702339738,0.0875440884532665,0.0686140311167679,0.0633742025215065,0.402867264299541,0.110115896430703,0.544556884016648,0.197184848966344,0.0814525032283962
"SSA_00034",3.11606205037213,0.0303361780392354,0.110003300120074,0.0120887991561236,0.307489877666431,0.0233760355569242,4.67287388329871,0.594835560609731,0.0564227267202304,0.456276172277016,0.22070255316259,0.11323903344693,0.101661707524576,5.36122006574596,0.765856348304695,0.042261343104545,0.0461580363371124,0.162249719214703,0.119940530771821,0.0878140201548705,0.0743723687632365,0.0914361790541199,0.0795406465033671,0.616576217770538,0.108135012642587,0.803094681771612,0.231067725619479,0.0914220450264543,12.3541661748422,236.030302464028,0.131509265041199,2.98431904241835,3.17919053376019,1.5429520160891,0.118574791466782,0.0923466948334987,0.0959220358496157,0.0715547213267254,0.0597309722236448,0.488989220556147,0.103450165996853,0.599144709460771,0.224233904022146,0.101904278967722
"SSA_00035",3.02094772465496,0.0289852669844258,0.104135135641941,0.0160451547961108,0.267569484535273,0.0200910654918195,4.8462546187625,0.656238572796083,0.054728915744909,0.455885821971354,0.2097458661432,0.131114195265635,0.0779585682123499,7.42432420885596,0.751574629635831,0.0466900122475313,0.0463724028107184,0.140794995297398,0.144725218183376,0.0889552476002297,0.0755425806082047,0.0821401082365153,0.102691969030346,0.535390760219843,0.137557692543937,0.720011645622364,0.229699949088935,0.102709637147185,12.3681611759023,222.189072868384,0.170808150591455,2.314148356938,3.15843925932154,1.74907369573266,0.150264563758791,0.135475061705698,0.0924759816614971,0.082554514026713,0.0715232330866623,0.433072319513196,0.113497681260671,0.414584476205219,0.215240878115679,0.094391715769389
"SSA_00036",3.72967526686558,0.0268307868597766,0.140844631192207,0.0137918742802247,0.280976540125799,0.0192697712153241,4.28363182777454,0.592809043467842,0.0450700817231393,0.521737475481494,0.21307014098397,0.0925392972228406,0.0873496123087546,5.8083675764923,0.681291114139421,0.0582027833935796,0.0373701792369339,0.110311953504014,0.0955999604027491,0.0862725574482565,0.0579522871453235,0.0800646603522729,0.0975267224164894,0.613469904973977,0.108101388997535,0.686068154600139,0.223232168817977,0.0818586100002645,8.52738375798782,315.889895835353,0.106112562613067,3.53642496853296,3.01189026901639,1.48694119183653,0.128757092485497,0.0886034790699892,0.0974522584924677,0.0691362838705316,0.0551011109880766,0.407761042990502,0.0811097078519881,0.693938812419913,0.255247803123766,0.104353652359694
"SSA_00037",3.38998539835946,0.0326630826351732,0.115565774420139,0.0127446626862985,0.265673220629683,0.0196160774371826,4.68697884259555,0.709436198071862,0.0527634769332457,0.618796768573325,0.182577317231592,0.113140608894222,0.111283845459297,4.68825529535107,0.71522312478715,0.04540495132855,0.0421408990394626,0.167030187238972,0.136656993004561,0.0799297541159919,0.0733678838945575,0.0829346342556708,0.0827976010061503,0.659843249303578,0.107040346252637,0.745242078072959,0.242889404849558,0.101674397456313,13.8057617983185,273.05800951357,0.100049280739567,2.75759009320274,3.17642063930524,1.35675448551028,0.129571037818083,0.106529855320002,0.0696026913283682,0.0638361494645495,0.0588378323286579,0.424825220483292,0.0757472028402448,0.531874202410681,0.144462693095286,0.102465112664864
"SSA_00039",3.38259767427935,0.0326713142726338,0.120505336344747,0.0124451197337045,0.254627755209604,0.0227112806026149,5.36628745581302,0.738861271231137,0.0365991409562483,0.525804422645395,0.195355439888723,0.110486730828281,0.077679386256902,5.13243687321074,0.574218241036159,0.0341592831854632,0.0444113362453738,0.150468621821753,0.101895267565411,0.0735809311875057,0.0719280067803403,0.0816490380172778,0.0765629008172573,0.584984525417616,0.105076000222715,0.798922403405064,0.282994764868677,0.103085072348142,13.719220406491,309.737012299007,0.0921825568307671,2.4235763652334,3.28464128655512,1.46105899554717,0.11252527362066,0.0891970364394182,0.0783000521754553,0.0539489885645486,0.0653272642408948,0.477495434226333,0.100751930333933,0.588931298388941,0.168531494215925,0.0929923437168286
"SSA_00040",2.98090282659132,0.027141197526888,0.125689453960287,0.0121225349791402,0.28863521363043,0.0218246727777101,5.53583736188003,0.555018039895345,0.0531662755296799,0.326214802711655,0.185766783352351,0.119409537328142,0.0817869649001042,3.96134130258743,0.704123760803315,0.0367946949000892,0.0472958739781051,0.142633732873886,0.0987360769171287,0.0936470332390354,0.0717657081527483,0.0813157682236231,0.051160036841843,0.484884882987077,0.0926419641649057,0.657295495817925,0.247391117796626,0.0758609310949885,14.4645461545194,277.208139545346,0.12306525495018,2.35625518507744,3.25920078832885,1.60036444835339,0.120149919698115,0.0907864381874879,0.0693003561354713,0.0657902115466485,0.0629494821642932,0.462087347437362,0.0881169010282173,0.592850796993453,0.153637516920772,0.0982465548800217
"SSA_00042",3.69741278767753,0.026422438559555,0.121476358528612,0.016862744862294,0.215190755629952,0.0180925265397325,4.2254726957844,0.709036553217039,0.0400509538842402,0.480642841592033,0.188197847695245,0.0870847405854593,0.0757580981775754,5.82063370446405,0.685756325484164,0.0507425980298189,0.0445319687832115,0.148519055909913,0.101009393266573,0.094845001085097,0.084934194381785,0.0740728438822413,0.0999187965530631,0.61940724371291,0.114142226360711,0.712084184063853,0.215861622921904,0.0846668088903447,11.6149968258928,247.560437123652,0.0853131565636511,2.99901298695591,3.13513482671396,1.69169862122501,0.190844193057202,0.0966503210755934,0.0986073981059791,0.0662336342523598,0.060842140490127,0.389598467770122,0.0861126862492621,0.545838866650422,0.19901242817803,0.0891302395823764
"SSA_00043",3.33494895800043,0.0302955308839666,0.124640746640383,0.0110906574444878,0.261309717060766,0.0219637198579018,5.65522413106749,0.620148587204648,0.0455202720538882,0.58189380650754,0.224096568311181,0.114233198522097,0.0986406759774987,5.79030519064185,0.67813218810784,0.0375460165835747,0.0444739627529793,0.164838978602224,0.140637314905045,0.0999706200531474,0.0678294290361321,0.0735998058550291,0.0897396211398746,0.629313393443174,0.104745037376524,0.894538339998652,0.22359837119603,0.0952187102043575,12.8610087647923,243.677931695432,0.101542499572575,2.8283680252445,3.01069285444151,1.48009961235197,0.149779405670169,0.10468120713823,0.0819055770287842,0.0716024219539072,0.0606510521660937,0.448067595589538,0.10046578662009,0.481357798266882,0.176627697221394,0.0949297420002577
"SSA_00044",3.28906688397544,0.0324373862790302,0.128651271331716,0.0133545104208973,0.261737060360417,0.0200246406162296,4.70135013446321,0.694030871713743,0.0492642845210863,0.418579979466578,0.183579770624575,0.10436835398445,0.0891193443130155,4.33586807328297,0.804138552493125,0.0486630965124761,0.0468934604384466,0.139528863412146,0.122918937554538,0.0862722995840167,0.0740563283744438,0.0676159262257505,0.0955749520859411,0.561946697805882,0.0993982513460061,0.85602271337976,0.203263844134942,0.0896388858585942,11.8425513940528,278.253269694981,0.121046277850883,2.6978506192293,3.11914513644182,1.55633967788884,0.14779014663651,0.0865882984755973,0.0883062346005204,0.0599473472021454,0.0607669316267118,0.429540091011161,0.1009687380751,0.539614930003206,0.173650160728559,0.0900344628132678
"SSA_00045",3.01030960882087,0.0281642533421013,0.143188602780958,0.0138537554812093,0.262524565570489,0.023066180072859,4.93590167094283,0.507170110607426,0.047539818115766,0.467367244416643,0.1882791250983,0.124676450085081,0.0945511606247771,5.76559461782537,0.791051593459902,0.0347730241444974,0.0473586704860157,0.158076606255305,0.104126375119403,0.0923968196603988,0.0669420513801253,0.066953497202133,0.0929062160848421,0.608965767256322,0.110157061788259,0.825969912559938,0.242340376671045,0.104877722643424,13.1893308733684,223.177371155447,0.112110178637769,2.94054179112958,3.05553644581416,1.68804014183914,0.12960018588355,0.104656303506236,0.0877721833593113,0.0669898072179802,0.0563418747756816,0.422838692910568,0.0979952506864534,0.469874044920927,0.224450639528155,0.08362959219524
"SSA_00046",3.09477270290198,0.030443421295109,0.108613644070649,0.0152387568300656,0.259100538778115,0.020700260257072,5.33252831184376,0.579695530320174,0.0441242551434013,0.551211136931037,0.215620477350803,0.100336515840593,0.0913833245483691,5.78739848581042,0.910895151509128,0.0466870640725624,0.0420885195969479,0.139833033872494,0.121254611421378,0.0779150763539487,0.0753837991314981,0.0721069744637762,0.0863506923746684,0.659143807728199,0.090645686233367,0.830846842511764,0.278948205327907,0.0887513816194383,13.4861426602505,240.911996906622,0.116860213060172,2.43675156411876,3.11794731575267,1.51829565932342,0.141207000552507,0.0944664280170302,0.0842848536570541,0.0587925179070772,0.0668065640714684,0.444291804387668,0.112661268436373,0.619588274365719,0.192137815824906,0.0930132356450523
"SSA_00047",3.14750739509167,0.0285403840858651,0.135377563481926,0.0155385804169442,0.236160605568238,0.0226447950387847,3.68862353819688,0.666044139529673,0.0415476721228502,0.390261799302907,0.205949903618043,0.11412272298756,0.0758285363550113,5.42194660324387,0.579019330020614,0.0393246723891854,0.0398986611299462,0.176293728945335,0.113083902120787,0.106980398350422,0.0719684749266113,0.0620808627640116,0.0759685793243368,0.500020974374903,0.105289323179837,0.809695500044736,0.237399504490652,0.0937426944666824,14.5507452285873,214.63072560356,0.0883163311250747,2.88766012167904,3.11378189374233,1.59497277959173,0.139065773075558,0.0827804878071932,0.0941777815928269,0.0602508650805383,0.0556840543201966,0.467939715161276,0.104746369815285,0.447097328065515,0.195759766808126,0.0949500298356192
"SSA_00048",3.28486787872007,0.0270828920345207,0.128247807459459,0.0156000088858632,0.267151401192495,0.0208122130842959,4.22751902837993,0.628613681919841,0.0340479315987844,0.463383286320222,0.186121348003874,0.104442248119889,0.0826473379678469,4.67732217097373,0.731303261241983,0.0390032044859633,0.0457614472129607,0.175539251283285,0.103909208283766,0.0990483799742173,0.0677088534156216,0.0648985055146231,0.0776384656832774,0.511209182228142,0.0999839115149734,0.951142954943112,0.242866661951648,0.0938641415563231,13.5641932833992,230.368691415363,0.0793902044569549,2.57536219492734,3.03859859553714,1.38648517118007,0.126187731021962,0.0923661232247468,0.0929272038664801,0.0713736597567682,0.0525260629667499,0.395873651485553,0.083017695019562,0.499463368831826,0.177317513947654,0.0896825117082462
"SSA_00049",3.67874550025303,0.0250415084862801,0.137780187375106,0.0154491067066139,0.264048116263045,0.0196416874718132,4.61218242159027,0.731577371893406,0.0523024445810267,0.385205405098665,0.194328422015977,0.130757570634936,0.0877961195929448,5.6317113836783,0.661170544199769,0.0610969595277569,0.0383463457232447,0.198153803655634,0.0755931532761922,0.0712914252090626,0.0712446707030476,0.074436976935473,0.107694824823573,0.54673439997625,0.0934852206531847,0.629304453160462,0.25223306405939,0.0931125616322431,11.2451515612337,309.027476375036,0.0717181362435543,3.57594081797679,3.04905299024082,1.63615075777226,0.0952012845044603,0.114551287925773,0.0912710709350698,0.0639189827570482,0.0607298311660863,0.501604847530649,0.0950325504448499,0.585959095574653,0.199343147366877,0.0905614080827577
"SSA_00051",3.15287762975839,0.0277001021788301,0.128417463586775,0.019422468883234,0.278933409349492,0.0197739896975165,4.46527224898307,0.659906590616139,0.052281880738262,0.543018400549792,0.235527171831327,0.128195388050424,0.0895230808237651,7.16568658263998,0.651223187993551,0.0373733344984233,0.0415664626107982,0.189869256305729,0.139197285009934,0.0848060339523183,0.0788069700802511,0.089126649175589,0.0930186020200611,0.59802683221058,0.104907398909351,0.805007587067796,0.23030975903462,0.0977419380151849,12.2118000468178,212.192737493233,0.106070719571952,3.23811359393257,3.01515748536552,1.57556758003502,0.151771205053897,0.117847214112595,0.0868486605489407,0.0698425687005806,0.0559991129336276,0.400637165589099,0.103440802462227,0.477588440450368,0.210602298069284,0.0861095789923073
"SSA_00052",3.48654060483711,0.0286133648528998,0.114874080035721,0.0141833535760466,0.284533550755915,0.0188863322062667,4.57305971311424,0.640539103805112,0.0529112633810935,0.51466926981106,0.216313342987413,0.12846785305759,0.108134577284771,5.91877910257218,0.817593068786027,0.0347756891637632,0.046836706298041,0.161694008464606,0.106668021393608,0.081563975621589,0.0802797322802383,0.0843464447046836,0.0917696920870481,0.659507181740625,0.106756268089884,0.671042974245336,0.218049498265317,0.0931682276573828,14.883049754757,287.689440197801,0.108733993080261,2.77882450394428,3.0855076413853,1.56265878316251,0.148807324495906,0.107340090703481,0.0775910304529881,0.0634830862826438,0.0686171819855037,0.337683124898222,0.0971134949614937,0.628572774107557,0.17130358698024,0.0939160921190787
"SSA_00053",3.4562907379195,0.0292176350644188,0.12370296835509,0.0152961296507738,0.23736627301258,0.0210807081207024,4.69406637745598,0.604170896949758,0.0472098653058472,0.477850273173122,0.208782182631636,0.107194912099398,0.0907278407688216,5.93694448459207,0.800942009724629,0.0391189260850082,0.0443545910847731,0.168242000218115,0.104000253231202,0.09169384465344,0.0813972786664213,0.0711130026768568,0.0924076210593132,0.637707184135606,0.108616191693583,0.780467501534272,0.228776459781808,0.10127275749518,11.4338999399097,239.299043750115,0.139040351233444,2.65555252083613,3.18697509234263,1.56428791834086,0.141413053787906,0.103662494335063,0.0952747588756531,0.0646999096779468,0.0612239922115824,0.434435950116809,0.0989820183632289,0.521958335536741,0.193225938846525,0.0887118113788774
"SSA_00054",3.29104626550692,0.0303360845592885,0.145776901849757,0.0165993734077051,0.241326345708283,0.0200484232935852,4.2190087826753,0.708953600311482,0.0521738357337877,0.540254628166287,0.220760672681421,0.122582352132753,0.0779035243074252,6.52658571338744,0.61487338232967,0.0390036741059036,0.0434992962596718,0.124771975908535,0.110592943097729,0.0848393258434393,0.0629793875400287,0.0719906829223695,0.106770365209473,0.605100893924042,0.105484386529397,0.806922308083116,0.235155139565825,0.101135105981311,9.35451755787217,227.607760155663,0.0967595371052537,2.59194157702628,3.14512841855218,1.70762122380432,0.16054254846365,0.094368010272408,0.0854784157595682,0.0682987584276632,0.0512110939375152,0.446590055829572,0.10853855705178,0.460083584590376,0.219054429164296,0.103933452010415
"SSA_00055",4.01643685501447,0.0293141245623783,0.12023580789897,0.018317170370888,0.27568365531041,0.0200520042750761,3.42901056715217,0.849743743079237,0.0471926525973658,0.485949458117646,0.217319082075388,0.109658870320622,0.0865652191748088,7.90722108461081,0.527764011964259,0.0343280334799457,0.0437948801452388,0.159501628695158,0.0917083592479093,0.0950073442319158,0.0843156996921992,0.0942090294952718,0.0871266594380008,0.644743744985174,0.114665625785927,0.700058405774918,0.212418991069478,0.105782882146837,9.95552902201709,237.785822839216,0.109188946904893,2.08310100956222,3.07023206069844,1.71496015202818,0.149300420883987,0.111639121772235,0.0839231259350846,0.0665970228817996,0.0623910995049868,0.469508712576518,0.102728763707897,0.500051504866976,0.228851848779015,0.0926379259124751
"SSA_00056",3.74254709930978,0.0398369023547689,0.129057904728312,0.0128333221795586,0.250254442847206,0.0252668230252623,5.27399644622735,0.555295282618126,0.0631830179731193,0.592528092066606,0.224103485763811,0.133008832307755,0.0941282764995971,4.83163842398911,0.635136131582775,0.0303749019908227,0.0428263008824097,0.161967451639292,0.153476657033533,0.0796596282059835,0.078286687106693,0.0765069918427986,0.0931354477785879,0.667935384591604,0.0914532961687452,0.920929465299627,0.262932787149673,0.0935836517780038,16.2944644169274,241.348595029386,0.0766650743548639,3.33686348193539,3.13704874468944,1.43630157441643,0.179643473374643,0.0748801829201789,0.0791865005721239,0.0612239106958094,0.0540107605487459,0.455040361177341,0.100485198293513,0.485553459785057,0.199376399895197,0.0951156440280552
"SSA_00057",3.04843911122528,0.0298896002535696,0.111175174556717,0.0150080007830028,0.284195930277517,0.0194563158771459,4.42508442901442,0.469591144377826,0.0499691201506032,0.508431934428191,0.210601959608426,0.097942820275306,0.0827258403404174,6.29535454977036,0.83036295096259,0.0499499098206364,0.0421812446292046,0.188116482079652,0.118778648852575,0.0763265156309576,0.0798255154438954,0.0707443323313968,0.117219518424532,0.4920933441055,0.124799316176976,0.639482787327678,0.227716112172464,0.10097212834734,13.2699816737022,260.789539417757,0.195255720303777,3.27859910223792,3.07805557319782,1.8410701047058,0.141784972524349,0.109531791603786,0.090787718490099,0.0763372072469382,0.0764192821574714,0.406403437263884,0.11766041150452,0.659924024016715,0.21819115725048,0.0619407670059844
"SSA_00058",3.81324384233648,0.0344228140475829,0.110740343190773,0.0168302441521804,0.266365635979607,0.0267969966007148,4.66083589288325,0.798021022293966,0.0576032794432642,0.487447847494427,0.172582180617916,0.123235578786124,0.0757630624665892,5.60066710203221,0.549799684679642,0.041475707409271,0.0508453528572061,0.183118647452486,0.137700986067736,0.0828095931229097,0.0773372026471,0.0711345559756995,0.0929587050189597,0.548039165681809,0.0999883738460935,0.833119972026202,0.231430410038133,0.0840679887583804,14.4426117154628,300.544726518299,0.0998251926504947,2.88734679994469,2.99359354208754,1.55813464829073,0.158245383882736,0.0925715442478341,0.0834618346802166,0.0662580752504534,0.0572858086901027,0.534187981782276,0.117798916404321,0.580286972316384,0.19230752733902,0.101513323098454
"SSA_00059",3.7231410088,0.0250530019136227,0.124209319230302,0.0153032688780733,0.289409859126285,0.0213627475922966,4.86295721755029,0.626662588391212,0.0509952735002558,0.455305975592469,0.18508572389196,0.144091812890602,0.101649728875036,6.50416582549761,0.757596246312525,0.0509135270598893,0.0431980951088696,0.142831787276433,0.109857446629978,0.0779719964279618,0.0863507667788792,0.0789690389685895,0.115568880871078,0.583799718581456,0.102063266986314,0.852975458158144,0.234175119284485,0.105288578913373,11.8925368660891,236.4284496758,0.148369268312424,2.1095724770593,3.1765203660204,1.67575423802259,0.181136641570951,0.10671105018474,0.089814564676207,0.0756080952636582,0.0582127645920002,0.44891339194101,0.103909667027984,0.425013767252672,0.219052509454078,0.095086785384904
"SSA_00060",4.13576522866025,0.0245959521263484,0.114496669243693,0.0160592177384552,0.306740072798018,0.0268020208482026,4.63027273004196,0.745158575716796,0.0429460009206068,0.449027730639461,0.21690226653054,0.110154877689577,0.0676805284740299,6.97999165538758,0.609737895835243,0.049574675932543,0.049619877238539,0.16466351526478,0.118173714525033,0.0822038516679722,0.0763294521838331,0.0846129536441413,0.105583104422677,0.517086562474963,0.099687033822315,0.748733172734071,0.190502823605349,0.115181779470522,10.7245895537818,325.840816568365,0.0772059469018977,2.81494754937538,3.1730545925324,1.25439523071519,0.122921577000202,0.109364885726984,0.0936479605948875,0.0703560812212945,0.0569082553482122,0.433598007050455,0.0915287784143096,0.643066065280004,0.177038818314299,0.121098853040995
"SSA_00061",3.29394086935584,0.0252733961861883,0.138810344786997,0.0142090106096583,0.254286175485725,0.0237381829721152,4.1559499678015,0.668512520599168,0.0426797887159708,0.563670681301497,0.204582713538796,0.0970344923977675,0.0769812939485929,5.93236075127622,0.745898216186761,0.0479028758493562,0.0440683385439287,0.166162548560766,0.106285355353204,0.0829720210874647,0.062638429264093,0.0632416015420302,0.0963825534517517,0.574144868446095,0.111750269595858,0.825966688467978,0.226864060933018,0.105139443383099,10.9025944944987,276.764787048031,0.115891723647439,4.18635295406941,2.99474107514445,1.50255255869866,0.0985419799067238,0.0952952504305436,0.0862978574766513,0.0569970299947212,0.0549707559082118,0.375702502924578,0.127147091443409,0.531095816877574,0.169331206462575,0.0918448032091972
"SSA_00063",3.03465946560359,0.0314925674502003,0.116576041326964,0.0141831230598958,0.253951502306306,0.0203799863494206,4.47909417404787,0.668468798849228,0.0525768234271252,0.500175706794046,0.218038268878,0.103577779017805,0.0805383752527857,5.04945519345533,0.836852326168023,0.0436833333649559,0.0446299814487465,0.138820837711289,0.104648356950529,0.0819319897732905,0.0764178457624041,0.0681658097194478,0.0888880737456051,0.555384470589853,0.102321906575719,0.816510030565169,0.209523620665605,0.105687318513371,11.5332362709368,232.895114028247,0.101591365540046,2.83553505133663,3.21445660560425,1.56046861021368,0.121582734379066,0.0895986726177083,0.0850654304027437,0.0600834805091387,0.055421747051877,0.405573104903189,0.102260502992299,0.553129769197244,0.175377373957539,0.087237430532887
"SSA_00064",3.50979522345824,0.0309101620970841,0.10987495745914,0.0133385063491877,0.239684340254316,0.0199988434947371,4.26394569070526,0.524721564099898,0.0581264317802817,0.612256186285767,0.193442917590844,0.103101390326606,0.095667665422784,6.3541955039056,0.693873475308208,0.0405661145099694,0.0415262869826915,0.162689060044789,0.123710968768259,0.0710318451007611,0.0749849547281109,0.0754187260578775,0.105917609129706,0.55322413518991,0.11396263895406,0.780246301108771,0.231249826190511,0.103890084066796,11.1676019324375,226.211821184303,0.131019082520536,2.79811998483834,3.10628537080371,1.68403984591816,0.126973457478996,0.105187660768649,0.0847902639071754,0.0552052638031438,0.054047212674738,0.422600598301885,0.123764302031456,0.44953851941735,0.262686060856787,0.095711301073464
"SSA_00065",3.63974596846602,0.0348946215286206,0.115369270466794,0.0149037813324591,0.27401906889223,0.0258930998154062,4.6314994479116,0.703439715110876,0.0544605497064524,0.487890707040823,0.202984560057907,0.121096564728305,0.0821439705970151,9.018476311943,0.637324768696056,0.0377444930615007,0.0396629542792874,0.189757643498166,0.110252469044015,0.0661778614776327,0.0691823928426988,0.0897110714556162,0.106633441029283,0.706681865187308,0.102136316315485,0.927724706336455,0.260442614544046,0.110603376551364,12.9412488683062,233.673813593065,0.110339996902854,3.64690711650194,3.13219097489131,1.54818770254426,0.140684602474987,0.131649602524947,0.0837875860268611,0.0614863317679015,0.0680003275764393,0.385859242491379,0.109552671003243,0.483665262643089,0.247377568592186,0.0956718465819686
"SSA_00066",3.33385622162999,0.0307231628914641,0.134539463499887,0.0139234463175164,0.241761477432216,0.0225312643960784,4.26150947312378,0.648428882313703,0.0524323294860161,0.346769278697084,0.224522692582634,0.108878668531574,0.0762855910502221,6.4336635479799,0.6031056547541,0.0465788371205503,0.0394115954305895,0.164688031063177,0.0979900507090602,0.0890493543423107,0.071754091679775,0.0764033282251159,0.0796559578901328,0.531316220867196,0.13004899704266,0.700806958392571,0.238360561329356,0.0861410169640478,17.8624696248343,250.866839033242,0.0972620684288634,2.43019341313828,3.04863224586673,1.87474733863678,0.139266406166024,0.111084742912795,0.0740336107626128,0.0688960470964616,0.072607416432349,0.401410370010302,0.081847811873426,0.53835142514439,0.140537489958237,0.0937176098616869
"SSA_00071",3.77435090928873,0.0279826198183578,0.123038084603383,0.0125260101877408,0.204003864155911,0.022629909945462,3.83009410532857,0.586306494330772,0.0544483351612811,0.616596644987168,0.205469104248846,0.111676110583377,0.0933946618585358,5.50551434614439,0.781276431891615,0.0359363794086343,0.0504023825029505,0.1520898889331,0.128150444089513,0.0667340954453915,0.0542401563442443,0.063235746202625,0.111145611323088,0.51578417747633,0.104178156531895,0.866738148878941,0.201267173274,0.10973558413881,12.2154025706256,283.809143564657,0.0657169228266786,2.51431342413669,3.17020923278014,1.49532185954888,0.11419807014153,0.0914947482439689,0.0820663350051123,0.0622747823486506,0.0542987718875442,0.369306353407763,0.124806653487894,0.496263811835395,0.136412205778684,0.107145497285138
"SSA_00072",3.98043673234217,0.034449976094186,0.166852272412222,0.0123263554703369,0.179312216142587,0.0219631098880549,4.10429491024343,0.596711290876865,0.0482313309584294,0.636539252709016,0.214020074617835,0.0889386223860868,0.0519827161928263,6.37250863039042,0.619040823088394,0.0551917859927814,0.0313949670392729,0.186081217766426,0.135422095572816,0.0953655483881947,0.0557095890674909,0.0616615285065685,0.144462032580481,0.409221680313591,0.139293404433692,0.734763361696408,0.162621038489142,0.0803629186215684,14.0191381021571,294.768905163823,0.0759461492050659,4.21319369620902,2.97741739388893,1.45067405430367,0.182440076124893,0.0885086499616885,0.0822480078448698,0.0626514391999723,0.066029018153855,0.460772580416762,0.1037892027984,0.611002688270788,0.146463396497867,0.0897335538297228
"SSA_00073",2.89807311634077,0.0297100968131357,0.128949852244062,0.0196342231423714,0.253104040432301,0.0199558742119198,4.70335745295407,0.894322996540843,0.0644297170400837,0.433879076181795,0.236994071996011,0.115630314463033,0.0791988003302312,6.31915871825823,0.657547305598243,0.0501018770704362,0.0467940912775457,0.14861108177988,0.112556253914599,0.0655353431729359,0.0843086559133794,0.0803630862193471,0.102215743664807,0.569950185584472,0.117223687125974,0.824537243608607,0.253824113301423,0.0876781232214668,12.2283950920789,194.801883101121,0.100400195600891,2.99879176780609,2.91298310031477,1.69867959636554,0.201625421660717,0.0952244111851924,0.0899140921386955,0.0640135378907001,0.0555274866500936,0.377686683569014,0.13162997554691,0.501659631775659,0.205995560287847,0.109975669547005
"SSA_00076",3.70821614757115,0.0313418673528555,0.123915609991079,0.0170001174702911,0.266980998781336,0.0193280005413181,4.51658395937522,0.756246412254424,0.0603293862685486,0.587635328229234,0.18965142160085,0.109395298667034,0.102177759802458,5.59706804249639,0.712964075917646,0.0515115319153449,0.0436762927083011,0.160085106975714,0.121658139621804,0.0835102498572556,0.0795977206429596,0.0787231392716377,0.111148929390663,0.60341485439646,0.110613136051564,0.836964981788707,0.282371452214018,0.0839803448416013,15.5493207834454,266.595159503375,0.069179301772081,4.08384156806326,3.14583375030702,1.44107280070713,0.160767488351227,0.0918555259453593,0.091041421833681,0.0622355729161723,0.0568540806840631,0.456508300730237,0.0873157964674683,0.726437821107944,0.207194066761191,0.101604203316233
"SSA_00077",3.33245114493004,0.0333043727569628,0.128286108052208,0.0162454572878424,0.265212095845913,0.0232532456671138,3.91719778855631,0.599765096105046,0.0571157011387943,0.625828470260551,0.215475841191557,0.11798175516518,0.0908715970500018,6.48367189484843,0.798670786521307,0.0456469016355235,0.0424035099799926,0.150221042606622,0.144336188786642,0.0879766888872003,0.0637184326115893,0.0768344793188508,0.104568757177785,0.579677868729678,0.108634598295985,0.820667403716816,0.251483219073311,0.0813148783431266,14.1157417115214,231.504394027381,0.126436542333281,3.57609489684323,3.02484213658794,1.67262768656188,0.153722757120026,0.0962318523068956,0.0801558833981159,0.0699122736820436,0.0589357893811798,0.38724237256333,0.106014866069455,0.49262771389381,0.193400656368112,0.104809008405664
"SSA_00078",3.21566329771301,0.0236716010402537,0.171231299579553,0.0159687008787808,0.255716486633166,0.0195613313337288,5.25441538778872,0.580956748850688,0.0402955693298202,0.455156860417709,0.186405718484922,0.120844999505094,0.0924061431370988,5.11030144044371,0.7239733780013,0.0401290271258985,0.0478499795122526,0.16799098212953,0.0962609839350476,0.0999567423062463,0.0699587143021709,0.0679059901868433,0.0885244025012786,0.653022061326532,0.126848597684849,0.722877794542891,0.230747418153094,0.0913377884388147,13.8475419392615,311.864335042129,0.129355249422561,2.57938069282844,2.847178053409,1.69310267072964,0.127838541450432,0.104832550252401,0.112419245603042,0.066468932107802,0.0716674290922464,0.460466161920334,0.0991692446124222,0.693267610643785,0.182800081378837,0.0643791861433263
"SSA_00081",3.32455301836622,0.0387163068142765,0.111381645267804,0.0178580573219576,0.270478854834657,0.020135435386546,4.1590620348351,0.826965892660267,0.046072638275523,0.483343698427521,0.258581016069629,0.102246564086216,0.0807504791226008,5.9956219823807,0.689445081769475,0.0464098899656612,0.0435851494169225,0.14861757478504,0.142106149964895,0.0678776298983245,0.0868457677038689,0.071595461245416,0.102649106156484,0.641136970733169,0.0912473454837731,0.882415936228618,0.278920857724629,0.0936119044300961,12.2912521723934,216.509877481111,0.105215496642396,4.11428065210073,3.09414735259306,1.69446053481914,0.201443964806367,0.0851830141974988,0.0893245825202198,0.0587848008102381,0.0588440974618793,0.409021656626359,0.115138265123808,0.511856862001859,0.195008902633204,0.101658468555895
"SSA_00082",3.42963461109128,0.0300645831773083,0.150889631372122,0.0137976353438483,0.259233565324049,0.022926669855909,4.6129544399568,0.622304689252525,0.0586129277555314,0.585502059699069,0.209022445135721,0.0934550690073076,0.0764164571962985,6.70007865557089,0.553277988851292,0.0458189629566403,0.0419340242417005,0.147218132276212,0.135111816885372,0.102090033440413,0.0711524284207327,0.0731011943059106,0.0906118406638395,0.596895073271537,0.129328016789532,0.89800839625078,0.193509448630066,0.0754035401507522,11.8117404323514,279.979693843575,0.101916000802908,2.84558799466683,3.1706698600853,1.40771676309837,0.199387062400098,0.100453303887596,0.0845938288432553,0.0620804003572775,0.0548629238176473,0.431333565632032,0.0848329141694051,0.572706687623959,0.194097083024558,0.115641203823542
"SSA_00083",3.10760289855121,0.0244634743492729,0.149453709318647,0.0127108615679593,0.235814059333349,0.0204680198747654,5.60542688623427,0.528339135589717,0.0589044472411469,0.410177244296818,0.159589772953866,0.0997507674101246,0.073524981340086,6.20558294476119,0.679816959042148,0.0478635715909736,0.0413616355613759,0.155320335477627,0.110752470164374,0.0999575079781297,0.0810408546050506,0.0623752623286381,0.0838948738368088,0.610569460159898,0.106151458793995,0.81839414426565,0.18484231630634,0.0958379539366101,14.7970056524545,258.781047409813,0.115445032965174,2.84528837057775,3.22025710961502,1.73162893470525,0.184053883656793,0.103854122541767,0.0903652149640729,0.0576474074463742,0.0667370287600237,0.410448266304545,0.110546803606416,0.510194757037284,0.192202352693881,0.0939334256383282
"SSA_00084",3.82737732410033,0.0312150771812468,0.14397302527493,0.0140604335140066,0.261961424637058,0.0234451095507306,5.49233932013616,0.531166988465667,0.0499075556154197,0.598522435369393,0.262584044991619,0.10954155164228,0.0830469531858305,8.08771153200084,0.827390938014813,0.034806272831431,0.0354841447480838,0.173746684206547,0.130244700106357,0.0827938629603689,0.0739492240817656,0.0755556895010386,0.113414696156102,0.609559240604552,0.124458067191373,0.78159804858184,0.27174351070897,0.0869006477342303,15.3842253447335,276.593117216524,0.122319473154093,3.51773271161858,2.94366268917937,1.51787357575242,0.146074724747154,0.111724146653192,0.0792238389675275,0.0665613590013202,0.0678167300238399,0.445193930025276,0.100409515612522,0.592602757391415,0.217288222371428,0.0700602316890077
"SSA_00085",3.04380299475311,0.0397267756776148,0.106258770589959,0.0133345688644486,0.223368690522814,0.0223092457728485,5.17801957490924,0.655524917705425,0.0530200971485316,0.560203539002769,0.248306118428738,0.120295293460397,0.0949901957726743,7.3340076157004,0.682157637369958,0.0421609649905655,0.0473993753495793,0.147050115502404,0.131021504029443,0.0760576312369995,0.0665565514264185,0.0754910285708829,0.0867230005848456,0.679833329093223,0.106528332949397,0.797784453568642,0.279120692827771,0.0976773626304359,12.560033697212,232.558993186751,0.121602959410885,2.91070451394598,3.19984260375301,1.50184885664868,0.137171770499943,0.116882255020373,0.0885217992265295,0.063263469270805,0.0610624015325641,0.534525362678105,0.103683197041765,0.446983369861724,0.213796885646912,0.113214706676038
"SSA_00086",2.82657282465661,0.031921012018856,0.138403851052402,0.0174438057008711,0.267079821179566,0.0182586879314948,4.45745050425168,0.570445895185071,0.0568162822749413,0.420077296831046,0.195546499100525,0.116890437004467,0.0896048660226153,4.57896292478253,0.652551859981445,0.0493366796032919,0.0433106645377274,0.165466478203482,0.11382980880804,0.0919267685983923,0.0813023318027133,0.0694689115008782,0.081489811857695,0.609944201601002,0.107659293218684,0.771745281687099,0.201753753714781,0.0876814835630094,12.8155284975366,231.41868596349,0.105126682444294,2.85004599376964,3.16887220323941,1.56589511730247,0.15990192173796,0.0988370745688522,0.0755539722249042,0.0677769425294464,0.0587205083032747,0.391382658233445,0.0890745338637034,0.53004484489219,0.206941988851183,0.0909156839049322
"SSA_00087",2.93862036211745,0.0260901803891138,0.140504250838975,0.0150361920973513,0.272905072802031,0.0251748177188283,4.5436071624613,0.764427296557592,0.037825010332541,0.434622920543631,0.268976419992881,0.122080939884633,0.083843872339746,7.08988824650066,0.61916893556065,0.0412831512255066,0.0428371741188573,0.18071235298703,0.117964656271283,0.0820396448078732,0.065558543066358,0.0897302110627021,0.0642073963791678,0.583676284469296,0.112254201316302,0.810837617276427,0.2408663097027,0.0955485484294859,11.5290616458189,246.597732488755,0.0937968858341527,3.41004276126327,3.0507999715167,1.4076910355438,0.11132365452924,0.105352880112272,0.0867107613277928,0.0675654699911075,0.0517262193738815,0.53007841475406,0.0975279115258688,0.564201373543215,0.224419660966954,0.0980459435087145
"SSA_00088",3.72530793604678,0.036220466709367,0.144722094338046,0.0171853438378774,0.221474999080318,0.0192750775305372,4.23751580257082,0.752653525122047,0.0679630984018843,0.461136474703914,0.214402044640109,0.16431293945497,0.117180484039022,6.20021922268167,0.540118371991247,0.0389873884006686,0.0420330247282978,0.173198410908017,0.137874206931968,0.0801172813881295,0.0880026033138515,0.0697805065554831,0.113050979200887,0.756595437115072,0.10460783988598,0.745646368401858,0.237058610976922,0.0710929703005509,17.5140171365949,263.115238376041,0.112044144239866,2.23455735092513,3.00594705784399,1.75596175538335,0.179428742116095,0.102315411483477,0.0696056470936791,0.0754239279098354,0.0634825797731398,0.492350372335959,0.119042050865689,0.479082202105548,0.182459000665459,0.105137001128636
"SSA_00089",3.67040561464819,0.0291923400950672,0.147283122457389,0.0147398332185708,0.242048428720188,0.0220263493353159,4.77292547998178,0.707830228220954,0.0537135260954405,0.342855352150755,0.22068305040704,0.116206758022707,0.0604324455521113,8.32663938026675,0.648494276434388,0.0463878065662166,0.0392092165593266,0.177467675683921,0.103499120299983,0.0797929433565298,0.0626513901530576,0.0865928850214467,0.101405717901578,0.634296875207825,0.113147022868264,0.661701370721756,0.227963242969559,0.0965548275102702,12.7867743912846,276.953297925284,0.107534703942715,3.15200300187862,2.84013781036007,1.62041548565073,0.175143053473612,0.112272452774723,0.0863834912939913,0.0634731957556886,0.0696193951315717,0.416886195839231,0.121187287504638,0.558283305794212,0.161528257462774,0.0829967559444768
"SSA_00090",3.06745113107681,0.0319534877073542,0.101974362472477,0.0140978244965821,0.273029155469442,0.0222366079086241,5.06123386501513,0.647133509201667,0.0401571479190212,0.513650536018626,0.21407478353299,0.106745730981723,0.0933830449482172,7.20710770029914,0.753733531641272,0.0492666314997846,0.0404402814449325,0.164611702807166,0.108098038130799,0.0746699732765295,0.0748727229925282,0.0815497559793028,0.0883600347292979,0.676216093445676,0.108179329855341,0.806097190068337,0.233081957206896,0.114058587461818,11.3734256587444,241.544142733985,0.122776583734825,3.20232003307164,3.20954982304581,1.54632644566793,0.133595962674356,0.118544141804371,0.0896282906183715,0.0617350042041379,0.0632881241628301,0.426477295744595,0.0996074556451196,0.475492631726202,0.19789827031811,0.0930107458244261
"SSA_00092",2.97470503256979,0.0347045355363503,0.148015938806184,0.0157625346037954,0.232857937058409,0.0218243961213965,4.77878753525597,0.51773902768353,0.0516921580450148,0.623455269286317,0.183823903745381,0.104001850734869,0.0808502163966302,5.38785281095518,0.729518276769377,0.0457026279692766,0.0382782758128534,0.181168420806237,0.157675994772152,0.0963978522490027,0.0560387480259414,0.0716045692878877,0.104932455945109,0.532743462634872,0.101247917658757,0.850062502721652,0.157560087023907,0.0952400264455631,11.5951557341626,266.254147027056,0.119974765958199,2.77661796915954,2.92421306413612,1.36522430039596,0.146055748811647,0.0988546108186293,0.0968394571487131,0.0669878840979292,0.056090737669155,0.483811993229618,0.106657337539453,0.530112317285075,0.214680660224917,0.110958158493976
"SSA_00093",3.11008927347885,0.0266144148779774,0.128921461764607,0.0169352477910436,0.234127177575152,0.0206192191592208,4.30774621725483,0.794826534854097,0.0389691598957466,0.370493247740279,0.212226701515579,0.121842393119449,0.0780136185785134,5.64480745260804,0.681750913859402,0.0495957726094612,0.0500407321454784,0.181818289679531,0.114603425131675,0.0795986876914059,0.0758578430017528,0.0635059835997893,0.116950490978294,0.465154091401901,0.107098774286657,0.860888133398691,0.243260454221012,0.0995548167747519,15.3257320785687,278.95658640765,0.0968085427490743,2.58312280511623,2.89759073967291,1.61287701732526,0.139235093446947,0.105930468468545,0.0846932921881355,0.0689447389122271,0.0654526544457719,0.469694198010813,0.119666697390757,0.610800325484881,0.212814622211523,0.0854006965025975
"SSA_00094",3.58824446659474,0.0297386580833399,0.10632837283766,0.016753438194019,0.24359836163495,0.0182326241564053,4.30472349796125,0.71863440516618,0.0464425971918038,0.508884651856344,0.184864228449449,0.136819811880669,0.0976449377793316,6.90139312957596,0.641957752733631,0.046344739632948,0.0388624969334484,0.184327684342365,0.116338155947538,0.0702736940880886,0.0824870017866819,0.0791992706953043,0.108780522068601,0.64787746004971,0.114862098669752,0.812194192404764,0.196391881334082,0.0914453225951561,11.2024099680368,249.165117267961,0.105699787362829,2.86691490666762,3.10568182323984,1.67889964651844,0.133929894671216,0.114358573280358,0.0799259186043653,0.0685029930432268,0.0524720494964532,0.472647634883778,0.103660247243403,0.597494358653606,0.226890198459818,0.0955292165476087
"SSA_00095",3.0833529610439,0.033664806913287,0.129470572167634,0.011602688398694,0.29988918304298,0.0225507930355368,5.43931260923857,0.580331330918089,0.04959754433879,0.577952137364906,0.218523214938646,0.10846911417217,0.0923838921864698,6.01596353388957,0.741090840890602,0.0388137379071497,0.0493287141914473,0.132840331732758,0.134536827225269,0.08302256450587,0.0674867402031424,0.0822626063217456,0.0812608871417746,0.610666967330693,0.0819549596592992,0.858497822648321,0.244709306421377,0.109936813958042,13.0975498281777,255.651903301376,0.100049655501226,2.08140083213432,3.28747060041514,1.40126588279499,0.0855522619129588,0.0949646345685014,0.0898477826918481,0.0578848443374645,0.0574896000214386,0.50767204839171,0.089022142089013,0.54860306947348,0.181126494014755,0.111775701047236
"SSA_00098",3.44593632025981,0.0309991201409602,0.134770798703603,0.0143930511471757,0.301298679821617,0.0199265623643731,4.39668819205722,0.662520523524774,0.0562688247959241,0.483021471691382,0.202518359798745,0.107518021756675,0.0889844237940432,6.12745746969757,0.61681171516499,0.0538960075102871,0.0408753666718286,0.141500761732028,0.114030834449324,0.0977481725156194,0.083610833802843,0.0724602533049978,0.092235949445442,0.591002810385367,0.126495524427678,0.790129824224498,0.202175449628129,0.0805834687602937,13.2272822466366,225.746029667045,0.124086748528173,3.09971992413464,3.14705768390929,1.62272108604031,0.181257244430273,0.102395299467575,0.0851515555664044,0.0737786233980826,0.0565386696623356,0.417446223500294,0.0759123914972256,0.4895482830738,0.194597453258791,0.0929530903955945
"SSA_00099",2.6570487535262,0.0306511202893661,0.149973324287497,0.0182074876763615,0.285688118632733,0.0193580647668091,5.38773376265619,0.71190537735735,0.0677385900459484,0.419341174899462,0.233042949589532,0.13257475683606,0.0926893012835227,5.5694799390458,0.657309371544966,0.0606757406972728,0.0422773146339634,0.164332998472711,0.143034577654963,0.0760693197838736,0.0726828015560643,0.0658802783264608,0.108477015366978,0.638357832081147,0.114675657077521,0.783422023827253,0.198789385094888,0.0820353564778982,14.1967749155155,246.226231046299,0.123092336803279,4.00916024565975,2.764488397293,1.63856673074164,0.193976130790143,0.0980872259912727,0.103440932042572,0.0671371170032308,0.0644426032294938,0.406065245952774,0.10137949766267,0.625589597750224,0.181151610623283,0.106234627683505
"SSA_00100",3.34984741547257,0.0329896638671651,0.127142229227151,0.0145932839756204,0.275802342017972,0.0185802215426465,4.47895960494517,0.730196085796857,0.0534828514623099,0.54411776384198,0.190598467394629,0.108692977554798,0.0868377857219559,6.6441672392315,0.682585200120875,0.0520493623106386,0.0429143973138738,0.140562539924249,0.140761812783554,0.0862857675635223,0.0728466785702054,0.0771137126019418,0.107628684200062,0.611144423111005,0.107388811935855,0.842769296569406,0.215315182799968,0.0936371196521372,13.357875724415,241.789042889482,0.111502013498989,2.74440706211586,3.14995329242503,1.60039363221603,0.167092876666683,0.112169306868758,0.0862501953193701,0.0668307747523524,0.058744893468374,0.373640029858649,0.0843191707142806,0.505876838718846,0.199393429662634,0.0912683469674584
"SSA_00101",3.52533173716665,0.028456680750992,0.108613142322416,0.0176119828626676,0.266384190653557,0.0223511385787169,4.25768124491787,0.854553681928138,0.045686892881132,0.412706723312863,0.239859321783954,0.126948422350483,0.0753012521414146,8.15963599555724,0.574236644910848,0.051817322490665,0.0479906847721014,0.171938562406614,0.125485866555226,0.072420961677965,0.081970011423535,0.0783030455442586,0.111796400928167,0.563771246817778,0.126787308537818,0.820314635582689,0.23243420772825,0.0944229375475207,13.4731251510437,246.464504085854,0.101712177221254,2.96793633781474,3.01131700946996,1.68638768447804,0.155417490657295,0.122467490036118,0.0939926481773597,0.0717129859426374,0.0578523669216842,0.47243247011082,0.119255876043143,0.481703664128402,0.237782854645971,0.0914768343071941
"SSA_00102",2.95543905998791,0.0338235891891137,0.122361983659172,0.0172872827951756,0.281853670369255,0.0209385641356642,3.96683038253848,0.659311819353391,0.0506631870363181,0.464017474377326,0.171628565944204,0.108673438256198,0.10230451134254,5.14842171288676,0.693456750628382,0.0330650214756268,0.0447075731878502,0.192202590346387,0.12126314527284,0.091385539746375,0.0875626990176853,0.066361269614793,0.0743049001570394,0.625713920153012,0.113869918334936,0.870367249344148,0.284408357581403,0.106131765023288,16.5170189414187,289.153296365024,0.122806956268633,2.31314077527629,3.12026304853677,1.48630218026395,0.170924148079386,0.0900331201056352,0.0828248504968999,0.0577426695822026,0.0669344282182766,0.492131176057217,0.107991139925042,0.570925428058714,0.192526319118644,0.0793584263617584
"SSA_00103",3.61656677875331,0.0340405092780436,0.116348969946958,0.0140083479596133,0.276173501588591,0.0218982142370953,4.67588400468226,0.757590899115821,0.0610235143976526,0.516433203154073,0.20723917199385,0.101609894187561,0.113572410456787,4.37373911446793,0.811471122760357,0.0467727978685645,0.0505363460895028,0.157337711044889,0.0975037174133553,0.0723371415575974,0.0989558671952972,0.0704388305495369,0.119444363539674,0.659679935949389,0.109254627088985,0.776333715431232,0.257942311720188,0.0901108885607308,13.778486899399,243.840733291624,0.123415236597047,3.33740098722341,3.2021776016191,1.43571830129203,0.150322859832983,0.104260367043381,0.0913672252544032,0.0598454522442939,0.061230981139004,0.431501967655015,0.09912347671611,0.472574534801323,0.202514771913412,0.0934676886472246
"SSA_00104",3.30355393910299,0.0229780032388589,0.111906014755522,0.0120364437632901,0.265847893995663,0.0194580216562272,4.26555674607786,0.709204623908932,0.0370937154128385,0.319818396843676,0.218812391527001,0.103403108340952,0.088667289224087,6.17235843597905,0.758661230889962,0.0515100614094417,0.0466098376832894,0.128116496214838,0.0792881886884649,0.0856147052137843,0.0677510085975643,0.081031430066858,0.0833633812008556,0.499623353217815,0.103843939404852,0.715315818962915,0.256707135576011,0.12744358200581,8.07723257447471,241.988331235822,0.0886221889611016,3.14369621522259,3.19574139892981,1.62467503380659,0.0933932906254998,0.0961969681153611,0.0919328445779959,0.0700302697307008,0.049796530577904,0.44435301995146,0.0770152237459717,0.517780790648378,0.22068594934395,0.105532715931372
"SSA_00106",3.39513449947213,0.0281382147872684,0.127829761886721,0.0148677579370762,0.234457734152144,0.0215376060641374,4.36948801784193,0.661928912865397,0.051882303921896,0.593409355535468,0.192537226191278,0.109564769594567,0.0904313964201815,6.18110148899315,0.739144958244601,0.0396222868093725,0.0427233848652318,0.151137033047202,0.114079633203193,0.0884340838803838,0.0684532365079101,0.0728967990637821,0.0952902858230113,0.633360485068971,0.110095751369807,0.772843018819751,0.212978152490445,0.0992950171459216,11.6347834745917,278.925154864902,0.119725610525019,2.83658803016222,3.14651222727374,1.53978212947383,0.133963068794038,0.106764957352807,0.0859136677808288,0.0591087664783694,0.0590676235283495,0.400316985307042,0.107451373302696,0.514997446267198,0.179689849829806,0.101645045391861
"SSA_00107",2.91486006299431,0.0306614797478843,0.136291906083225,0.0163605642563013,0.260877684491071,0.0232729167624785,4.33221866058941,0.685220861697036,0.055118325153087,0.629777835839428,0.190386624703973,0.0998726237344654,0.0905157109547619,5.10262659954088,0.742128487741424,0.0534564878714513,0.0406041593270274,0.148260600054226,0.142813906060626,0.0831184448036959,0.0779746690196489,0.0670449697755939,0.0966223972838959,0.555891623997201,0.109496264305768,0.894173931370736,0.226245067177032,0.0895388932457689,15.3956061553729,280.194832058144,0.110614049049842,2.69153191370852,3.16665833951008,1.45701266901862,0.132092937473983,0.0940262258084197,0.0821437136711561,0.0604404313013079,0.061150251123656,0.413657512933315,0.109341118354597,0.672933369654413,0.16738922405663,0.116489851431662
"SSA_00109",2.91115473896603,0.0297074338485919,0.14051622944195,0.0197454915097399,0.236255788921082,0.0187510454477932,5.47622773936839,0.917770174197232,0.0762312703008373,0.412542945616336,0.223808948206538,0.130555141122547,0.0862378404425452,5.91514140989091,0.745311811134174,0.0591246386762978,0.0482532928703415,0.119790636917422,0.128515998651191,0.0668161141718175,0.0838603974711892,0.0761302053937296,0.118684426557479,0.596898916931234,0.0978028000786803,0.753770261430788,0.199266495634275,0.10528875407056,12.7881866109447,250.92808426534,0.12356617840111,2.43335797126215,3.13892981778648,1.66734877069156,0.175129182901949,0.106751656497549,0.0788490030030423,0.072505994796332,0.0644804823604117,0.371581904038933,0.100623723575614,0.533923411931006,0.158961585939758,0.12026259538415
"SSA_00111",3.16591916818598,0.0271125014679667,0.110517807747108,0.0126875032333209,0.276011582020625,0.0181870551280376,4.75462694042527,0.588449801845757,0.0395603938405924,0.481825241949127,0.195680747258122,0.111609599423823,0.10270940695227,4.59987433596288,0.846740290515288,0.0371085940142556,0.0474371304735352,0.164436877009185,0.14203871897836,0.0972232421823882,0.0786257812520918,0.0689176306444281,0.088973383927633,0.605911767124915,0.0811927633206706,0.886316867602476,0.268097687718235,0.118643220994371,13.9456104782433,294.385195394965,0.0857997585154515,2.32573298907461,3.14813786993173,1.4062225442036,0.0944698648614751,0.0897095558004507,0.0921578452761544,0.061835257191514,0.0566724642868518,0.454585724228652,0.0825706309293318,0.601735770445431,0.160866655430086,0.106816206744586
"SSA_00112",2.94431090196707,0.0282436962766137,0.124838860059998,0.0148930589327225,0.271563822735283,0.0225152839487561,4.43402444336518,0.543956498569112,0.0481652875857945,0.497681658664391,0.176946559493252,0.108551048863328,0.103746105973674,5.41182552993334,0.792889622960944,0.0451439566955601,0.0447012104130937,0.167959587334936,0.123768510418038,0.0906544820366951,0.0779683102679464,0.0652401924795522,0.0931640233280558,0.589982741100002,0.102606437205455,0.80652268693707,0.234620624699065,0.105803532725383,13.8879937222351,245.113795075146,0.122377331470865,2.41239454718133,3.02691834678721,1.64977837639663,0.123646495938414,0.100096137423068,0.0894534901476046,0.066102664540864,0.0624334433133052,0.389892834780743,0.0999533001983645,0.494794481313154,0.182444232456413,0.0897992582376103
"SSA_00114",3.02612727142856,0.0264417572744048,0.116880111467001,0.0176895777104565,0.245224581493547,0.0185032147814951,4.3658497901921,0.78747092824772,0.0423910671673687,0.50819803139035,0.231444340333699,0.117240630220586,0.0863214260662874,6.38810029165864,0.64371404739938,0.0428983134495046,0.0420040974086382,0.187831284442006,0.1032003825972,0.0658788824966963,0.0827868455836196,0.0630978577957332,0.0997855182212338,0.662262066865688,0.090163006925772,0.698277400261395,0.291881467988704,0.102175556566522,12.8394562728106,244.012031607811,0.0866138901461827,3.01220531813109,2.88120552308781,1.75491041525687,0.150046903089915,0.0772941811651181,0.105957763856546,0.0608920781923551,0.0611084381992204,0.450093185127968,0.120344386573507,0.552867501510909,0.224429889807767,0.0848743359708557
"SSA_00115",3.420612978898,0.0311452010476811,0.129731271093818,0.0142123738824404,0.244429673970368,0.022064512707756,4.59248232210385,0.613079739014617,0.0463385020711055,0.447022960498327,0.208095213487363,0.109280494983423,0.0852855056801331,5.67864455096946,0.674257080466163,0.0514905653647082,0.0506259686297211,0.163406569785593,0.0971700523805229,0.098382403704571,0.0659827612177262,0.0704264636498074,0.10322289714479,0.542497729632912,0.126300742532236,0.730290600081768,0.231343793913971,0.0966503434150678,11.0903267956868,213.347764074847,0.0859235759672115,2.98902147091903,3.08133393067365,1.62388022480279,0.128655630525179,0.103482405551265,0.0898637210199789,0.0681172665860747,0.0558298049203032,0.451293539097989,0.0918005032026765,0.437876851654127,0.232797837863151,0.0990684661789913
"SSA_00116",3.60824175224863,0.0347934138264973,0.136453977568921,0.0149799378346765,0.229621308503449,0.0223325869128837,4.31815868281586,0.612055652027932,0.0442365300671959,0.519947230959399,0.222770264234157,0.131102739300254,0.098590261713659,5.54508032225352,0.690899191928234,0.0358545951877389,0.0406282298105493,0.174496424961234,0.127452477436624,0.0888530082901978,0.0762945721225944,0.0704322738831015,0.106346174215554,0.657583896229394,0.113799748213749,0.75884668105718,0.223786206767686,0.0740225841167241,13.8713752781667,215.350113982434,0.144494848442241,3.16830857219577,2.96013166338901,1.80289020276534,0.173494652042803,0.0981492471499335,0.0904214396727068,0.0775833948773818,0.0625527114343069,0.466702569885546,0.118549739947729,0.401559932604072,0.198757718188568,0.0781816896883793
"SSA_00118",3.25408183921701,0.0292705310944823,0.118184360187266,0.015518147183118,0.255274409644566,0.0197506871607391,4.25401318503495,0.744368618042979,0.0395048798109194,0.380682597007432,0.223080528588827,0.106346933411593,0.0868277907245798,5.54706059161581,0.765192309615492,0.056308437605956,0.0442862238606983,0.150887550803488,0.0659022251002036,0.0847786640159295,0.0805983623713002,0.0612846661534862,0.101837643737122,0.587549781850875,0.102896426807701,0.71404861127783,0.210887393815032,0.113924626065875,9.95745941509006,251.854224447521,0.0924324388493133,3.61958279185069,2.98999735138411,1.53635080387665,0.0758817198497907,0.0817689338429226,0.105903211100051,0.0588714478615986,0.0550999228209959,0.476751566785896,0.0950319290413059,0.54928909196098,0.214521760171079,0.0978517349113028
"SSA_00120",3.35150855265396,0.0289070071427835,0.131864423675172,0.0176867151493602,0.267684885554529,0.0208996528711414,4.16451197795655,0.937191568743173,0.0433163286437764,0.566905821092729,0.268427083877476,0.0860529441042053,0.0696605300443328,7.43073781387946,0.643718164703893,0.0556136264679698,0.0462697750403424,0.130857088678684,0.10930483530531,0.0731947209881614,0.0796030539382636,0.08385003363954,0.0962269877951446,0.648842372342286,0.110473132393183,0.774227588013386,0.2469688406914,0.091146878741098,11.4216503126506,306.615041636238,0.096521032786009,3.93656898187082,3.10017233220327,1.52247631299759,0.165163783794574,0.102990142315239,0.0824766107785885,0.0507716138600875,0.0672431485287222,0.430473337936826,0.125936332595538,0.685770434766586,0.189029866282239,0.104186162918812
"SSA_00122",3.29690993539411,0.0309775161835537,0.118176882551713,0.0139662679030862,0.254894824377914,0.0219237457150718,3.84504947889333,0.564841941976899,0.0456068685551309,0.377656799557843,0.211293172095008,0.135944525763177,0.112630239430613,6.50640085988296,0.788420073069303,0.03647816805675,0.0484344867927923,0.14291485945032,0.143661962648408,0.0911969736467323,0.0692462891764089,0.0840145441044322,0.0840376665810406,0.66756971227528,0.10665837856855,0.85878994108413,0.258025605984385,0.0953734343360931,14.4258432750532,242.202276702484,0.130571930957676,2.72324566963418,3.14136963140677,1.45989069953591,0.119578131079024,0.113278461260957,0.0712273185451837,0.0678678053988562,0.06529802732945,0.392007622501907,0.0952883019157705,0.478166918671317,0.162733682438793,0.0926106540652473
"SSA_00124",2.82461806756332,0.0322875492569188,0.119827930443023,0.0200119848052522,0.250702221985568,0.0217178704491701,3.81341666257432,0.702506334874845,0.0744081008439574,0.34006823751534,0.200902705261762,0.121445645166856,0.106872915391836,5.82724280761067,0.61169973597851,0.0628534504090022,0.0504033030672473,0.265451271748388,0.112635109660942,0.0830253739222914,0.0890652793253237,0.0557312594092735,0.134726877642767,0.556432348680816,0.128415089799826,0.574212355578948,0.194094971960039,0.0722541023222682,15.6639639640532,208.815524541218,0.0931619643157194,3.88754348666327,2.85661937859846,1.78191656409509,0.155436738568183,0.107657112384821,0.0986991675414161,0.0675297436189002,0.0585640211433416,0.455109258093477,0.106758442206803,0.420152387238336,0.159941492906202,0.0827580238604707
"SSA_00125",3.0567062588307,0.0367946155679869,0.133032084565701,0.0151498188485673,0.237043066842462,0.021744180026308,4.38959505770989,0.55165487273035,0.056434658391287,0.509525924609289,0.206069532412976,0.108792623263894,0.0917293813971091,5.00696967050556,0.804859567909621,0.0361644423687448,0.049960018737473,0.148434434984496,0.133952471741255,0.0843078298383704,0.0736507152267905,0.0731484589137623,0.0983814901262384,0.67296063865086,0.110667535790264,0.81366589178177,0.227158801715211,0.0832463653081182,15.1253416380672,270.7843024622,0.138242974787912,2.985515928813,3.06459008071253,1.57150722999815,0.119323848146504,0.0969804964397068,0.0792828304142811,0.0631180726816593,0.0657626524820714,0.423941609931236,0.11306355443974,0.537782449620462,0.181732784745327,0.0835770328485157
"SSA_00127",3.74746695536145,0.0303917425846923,0.155259518598391,0.0158848274920232,0.216918477635063,0.0231862819747487,3.58524620818356,0.74992693473938,0.0546138521656769,0.545392993894458,0.244601121165613,0.101484187941808,0.0957453138535046,7.55033188526571,0.778172687500359,0.0504452079772375,0.0349480780398857,0.180670599716214,0.134368163246067,0.0770879936918575,0.0656768199516892,0.0810273665241996,0.112337181302002,0.562755822809463,0.117609054036812,0.723067779149233,0.193211034714482,0.0789174129295976,13.4165536630009,232.09627923102,0.0769716133654212,3.36229510882063,2.84756105259787,1.48144459333521,0.169724666582418,0.0912247464277503,0.072025097730478,0.064178274819817,0.0574136425984862,0.344952733353598,0.107160037283854,0.545361801316715,0.156851825887385,0.113569651919227
"SSA_00129",2.90509626693461,0.0340020071375214,0.14317735714674,0.0171263959682338,0.224627183107716,0.0242127575799602,4.54412732133668,0.647655101903073,0.0471622957438964,0.485841488299872,0.226126967685442,0.156273545889014,0.100592795965773,7.19475189540056,0.611168020471835,0.0365100458548678,0.0427138525565288,0.161418081416903,0.117040653858014,0.0627578309193602,0.0776022492854772,0.0654400947424173,0.0897244793004961,0.774937714388786,0.114272494406065,0.846471755952775,0.275516288863339,0.08540788434455,13.92408297646,177.898689628254,0.141314228862095,3.45100133013415,2.99062792279408,1.57118894601712,0.175585149831567,0.111573579707769,0.0872713805041339,0.0682455515594148,0.0656215232940772,0.429296225912014,0.117419795104847,0.407142281922599,0.207788943182632,0.0866064713304232
"SSA_00130",3.04758872426164,0.0303089636821211,0.149116501912193,0.0176213984666454,0.233714518406379,0.024716014835535,3.78517366140064,0.646086695090018,0.0588621244197312,0.497490042586571,0.223689152645392,0.120988351877331,0.103793111974074,6.50365963120849,0.682002730793128,0.0307189378278694,0.0483947643043235,0.21226542202188,0.14731173959321,0.0931465945799984,0.071603555968686,0.0649564152696452,0.0975184311192349,0.518834653697338,0.131611790706442,0.809167222428358,0.249408093822559,0.0803379495541665,17.1269457168494,232.059934420028,0.119577747534585,2.9995614925286,2.77525149969229,1.653164773967,0.160229300456769,0.104834046599473,0.0880454665061856,0.0721797238146152,0.0640961650605381,0.43395593212927,0.115683115494651,0.475011309270376,0.220591908650688,0.0838649373800971
"SSA_00131",3.22434172906165,0.0305466515489154,0.120517428350714,0.0122237282013387,0.264752163990838,0.0210082780355377,4.36727144772084,0.612307392434387,0.0381304430378989,0.389494296266674,0.184654078569265,0.102932737664327,0.0907197467723233,4.38681818933854,0.708115616962093,0.0537791895506142,0.0460318883988775,0.156362803600775,0.105804690294818,0.0746248020611984,0.0770135778727155,0.0658904557764469,0.0886212551055979,0.551646927917363,0.104777958107644,0.687928751575356,0.225142669207839,0.119268356709533,14.0680506104089,273.359672382056,0.110834000046287,2.66409787452654,3.11611983079637,1.53751921771317,0.074559518866049,0.0867049348515936,0.105819772698806,0.068007855533729,0.0568788385972113,0.452293957081894,0.0854251948994808,0.572844511260491,0.169512615157342,0.0959161776179112
"SSA_00132",3.68739646535579,0.030683911561488,0.135031382242905,0.014882139465173,0.288986910242769,0.0224476241947472,4.61826198955749,0.63202998454622,0.0552105355790611,0.451765113394219,0.252503945278756,0.135326012443035,0.103754317299385,8.23589093760102,0.74010308742211,0.0378635775335497,0.0446519120948692,0.196772457831629,0.133598630121824,0.0849930381497516,0.0754020437469101,0.0882641057453839,0.0984910128277306,0.640456673507033,0.131705843365416,0.786946736442275,0.21489020748849,0.0905926851235971,12.8959114426615,237.293183673576,0.137557897079137,2.43818461661305,2.97288650738163,1.6219546025082,0.151602687608974,0.12434217979084,0.0710573047595317,0.082386516370746,0.0604211515490692,0.455571311727614,0.085512115017552,0.466305783876486,0.190898052965472,0.0977175005805102
"SSA_00133",3.03199595271782,0.0388391772693127,0.142542997758451,0.0158520859975131,0.206552312941073,0.0225153020519161,4.25738299735851,0.709852091518439,0.0553999202077575,0.420242287342528,0.190357230850451,0.134136439969549,0.0855045051374841,6.32426161524158,0.551296014887668,0.0501430470358091,0.0390827182626327,0.17555427141793,0.13698742320735,0.0776298210114515,0.0623921354003342,0.0623995525097867,0.0923585827467185,0.587746224964157,0.103510990417328,0.798918131602738,0.209168499930901,0.0783666361872922,16.5114755329693,231.198309581685,0.0959419693017843,3.55471142270505,2.9219501890571,1.59950829672326,0.148225470724877,0.092206805891147,0.0639686150573092,0.0703847915995261,0.0534755978878569,0.393277426583008,0.0882334823284604,0.353861815489329,0.142677464569812,0.105955995436019
"SSA_00134",3.11645802768523,0.0350629023022999,0.123967016731424,0.0152880085807327,0.244369373995352,0.0246577170135784,4.4211987844251,0.653748102144792,0.069581281519172,0.6201785918778,0.244481406786903,0.127271376728448,0.0957930042331933,7.82182102887896,0.538745605791141,0.0435057044463933,0.0422570317832506,0.199620785765682,0.126452750665374,0.0864507307406609,0.0665551940684169,0.0695015192997848,0.094140595205466,0.709663702447563,0.105221956938028,0.806344641747189,0.215402883578988,0.0932346443629173,11.9976539527346,217.949935970259,0.137972640274786,3.43964643106836,2.95352014732358,1.6820395399375,0.119679765740603,0.114735952451678,0.0878798141793853,0.0697204902966582,0.0589452392625807,0.448450301137173,0.124693738448671,0.42582470397396,0.206342144970552,0.104960462021023
"SSA_00136",3.10223151571028,0.0292181815038833,0.148534435148666,0.0198662353645046,0.284505696429083,0.018578608518061,4.1707141158721,0.559711448451206,0.0608636459580175,0.547824061340253,0.268421031926654,0.137088076586881,0.0881776120046343,7.23402410487807,0.851779699308072,0.0351192893116181,0.0396406028137554,0.146650302800792,0.09775306429987,0.0938599423916996,0.0713711893981622,0.0587774988616516,0.112431873134684,0.533400259065337,0.112393805485538,0.704958216747962,0.236445737321387,0.0968655277728156,10.946554618585,214.863202187965,0.161636677418739,3.53540015299952,2.87544082569505,1.92636749321643,0.172741915347644,0.0868244195677803,0.0927422550771754,0.0816509116494907,0.057920620929074,0.464722718406373,0.145825575111204,0.502152591292322,0.202063011173134,0.0897556450240382
"SSA_00137",3.06027696418367,0.03407557015411,0.143009418657779,0.0171520061483864,0.243796875114786,0.0230445561610671,4.76302585348307,0.543854598828139,0.0559938110901218,0.402713667585501,0.226741334778866,0.117939449911409,0.0812449149145966,5.94127205335329,0.633218306431436,0.0410851713345438,0.0433545960905834,0.156554024384363,0.118528106446,0.0809618184231967,0.0714158505004495,0.0674540153082672,0.0871114249332023,0.597149946672165,0.110061473611069,0.749940598341478,0.226929845755233,0.0893940838638967,14.3055649705269,244.279852138625,0.147783307308119,3.24621728777676,3.06418364879013,1.62196768651151,0.165691070912691,0.101297420785816,0.0891107699694231,0.0689010765115309,0.0616297667001155,0.503313832391475,0.106024495581264,0.569527175330623,0.233511259403571,0.0924470637947444
"SSA_00140",3.63808066041308,0.0354116592244817,0.126864708592448,0.0107470332806284,0.215380426984063,0.027027187857325,3.72786575375082,0.600353098559351,0.0582385278487039,0.53892063682146,0.253312086469128,0.112884028462558,0.0947208872754605,7.82043624051324,0.579424633427046,0.0381175880460475,0.0427911780044386,0.179302144178011,0.15246453021643,0.0796839786308135,0.0583265450955555,0.0794009874082319,0.107060445343508,0.598997033934109,0.117091214192534,0.873846534385628,0.252130922224031,0.0922987013296742,15.0266344701621,257.679135337518,0.0979224777316887,3.28303463031084,3.05225757329242,1.61625948551961,0.114028936055856,0.0987153036847961,0.0730241304985524,0.0749050328185653,0.054188694947045,0.424620591026849,0.103715718583648,0.398242521622608,0.176344190378041,0.120396438754048
"SSA_00141",3.64202822862232,0.0304445411130398,0.131634825233543,0.0159306554871476,0.237682060644925,0.0210427648945432,4.43992305082277,0.723878941944171,0.0535756575998143,0.584592709208506,0.22405900544595,0.116447079727459,0.091684897705593,5.86802809452621,0.67981652641342,0.0495549402901168,0.0479580983526668,0.144237072059444,0.155636513836959,0.0712395403057854,0.0639792174597036,0.0705629827851313,0.115478099129448,0.63495324864609,0.085862011998396,0.836227865286969,0.206859177969305,0.0926271322001834,12.9649062294553,230.328221539803,0.0770137473949822,3.0089375459559,2.88330531511511,1.56933849318242,0.170743082779329,0.0859595275594495,0.0906315729463675,0.0703434512621929,0.0551443731062177,0.421791983650062,0.131835566100015,0.476303398124298,0.166395009351932,0.11811045053598
"SSA_00142",3.5284135690108,0.0288709223222623,0.125177479748181,0.0167668709937613,0.243726447769199,0.0258607551354278,4.39073986581799,0.774913722159018,0.0542716855491805,0.496110091551261,0.218604143357541,0.117742971720886,0.0857554805045062,9.07348040704751,0.708868840243984,0.0467326549769599,0.0415999153514696,0.173486547004887,0.119442576158136,0.0786506087461056,0.0786244403588882,0.0905657584781676,0.0978490417337636,0.652825399999546,0.107641340586421,0.874547365310701,0.255810396449928,0.0992106946328201,10.024683997811,203.501447754507,0.0746761056870859,3.85954803567463,2.87109028649659,1.73091342707186,0.15191247055144,0.105587209187325,0.0911489107154866,0.0715673656048211,0.0525813844960652,0.445699705372205,0.109259163734238,0.450423337708097,0.23338504535223,0.12497966660724
"SSA_00143",3.31844142933363,0.0339021811384994,0.129647713774104,0.0141952238051791,0.234319948974177,0.0229608198742834,4.33875253067183,0.697999133992482,0.0528852617153091,0.516027969049002,0.216277329813837,0.115808449358205,0.0880322875081645,6.33342749232571,0.712532255809012,0.0444338163102078,0.043805259832913,0.145140770403276,0.138722585893069,0.0918052650500717,0.0674759914322802,0.0774432784005058,0.0953450549945505,0.628242054617918,0.10538487857804,0.840743879613465,0.227679965687321,0.0951148130498873,11.077251086153,242.824553143678,0.0946950252537172,3.07719120930551,3.10063525693461,1.51926273187647,0.126862585440649,0.0983292414641063,0.0850842974392885,0.061952250966482,0.0550971484622465,0.417068766663139,0.118644150638903,0.480940143647047,0.171004377310319,0.109951621006637
"SSA_00144",3.33098214414652,0.0307847727577651,0.145277469091302,0.0131706225697081,0.266134969160256,0.0278918118548701,4.31356055748379,0.670551699257798,0.0519473625789763,0.336777057973651,0.286519638034408,0.144108713240769,0.111904556908799,6.41184679079487,0.738687903027127,0.035044972422204,0.0448582335010686,0.143874410112118,0.12410457538642,0.0744868862798521,0.0623448730738047,0.0905969459632819,0.0679710202923181,0.634636241880614,0.0991618697064035,0.758589720321559,0.27319953025428,0.0687383101579787,13.2927400737114,249.483078275499,0.116003792891209,3.29142751084935,3.04353519891548,1.52008632545033,0.0771066963993681,0.0962010230187137,0.0575398320754536,0.0788789883651175,0.0538330700950836,0.476919164728191,0.0917549566704158,0.591516975188929,0.192446645631455,0.113340120721109
"SSA_00145",3.27427249862871,0.0238019530927894,0.139281491092628,0.0134250232929963,0.260061657908197,0.0194825595047034,5.2861616953016,0.572144897733672,0.0374867003650997,0.445874875699318,0.195585316797292,0.109712416324919,0.0959528587713352,7.58868496699121,0.651641331526433,0.0483754903736047,0.0428619730854201,0.18658518574602,0.10788931749186,0.0816046516174372,0.0752521112306199,0.0873988268875678,0.0781790584705449,0.599152646496091,0.116340536214534,0.689996472810301,0.219306158016837,0.0827094870978686,11.93647517304,240.151071375488,0.105415322599319,2.33377743155686,3.2000008840479,1.79564898898814,0.146406414949988,0.1219849939699,0.100338253659033,0.0705995540890928,0.0678255240145362,0.452284912520819,0.103111608166644,0.543941198938019,0.219933890456143,0.104110457012747
"SSA_00146",3.1350679992557,0.0345682630567797,0.114202357252273,0.0148870625712131,0.303951481632691,0.0198689646485295,4.55515867213491,0.697100724954348,0.0457197681348678,0.558188529502629,0.238477324568807,0.104551898898077,0.0868760207432867,8.24996339474152,0.767116594641516,0.0412465292050222,0.0433078662104542,0.164953888184253,0.119187944076273,0.0666416868895094,0.0744809127975602,0.0792408845223345,0.0981630117963342,0.589735940784922,0.116045641362651,0.813560906376206,0.306077795277372,0.103959422477617,14.0098144344731,247.216394628306,0.132221839769753,3.49224751328152,3.19237043304008,1.65230327399888,0.134046183835155,0.119825004784941,0.0751509723466814,0.0582793607164745,0.0733439622489483,0.341297604651333,0.0920997939637331,0.559157034379808,0.220969052805532,0.0972473341971027
"SSA_00147",3.0096145840744,0.0296707035608795,0.115577856636851,0.0217489234572758,0.276532460720135,0.0208122351027008,4.30651936090162,0.728357719207325,0.0663278030249846,0.450187715776706,0.274261103255064,0.128935410763283,0.104845056477093,6.52689565116057,0.726029748479704,0.0439993612369037,0.0480253616220727,0.148859207157195,0.105309059692561,0.0862322814805078,0.0703243679312805,0.0697305210927148,0.09557421616481,0.513292512635086,0.0965025839930044,0.676156563071322,0.292748188397839,0.0713101740602541,12.8053559019136,200.003196057488,0.0873483447084525,3.9414664100398,3.00562846477727,1.83767103618056,0.13134006506786,0.101671938531574,0.0908402184169052,0.0766672404538396,0.0521415705140464,0.422299507743335,0.0955501731444767,0.562802205983235,0.225648969963777,0.134771591952718
"SSA_00148",3.53682901707617,0.0288911185073457,0.142085100490653,0.0159074746597996,0.269619320172991,0.0238076196914735,5.54140535268887,0.563319911391229,0.0373454114912446,0.556380819637853,0.227111045019127,0.102614898750208,0.0577891269112678,7.7348458217899,0.704169053283098,0.0395859831650179,0.0401281943849484,0.198907690744202,0.113845719396894,0.0810533857141684,0.0766654904776575,0.077007974660083,0.105386933157191,0.570990047112101,0.120153651561973,0.785109007281702,0.224911172335033,0.125900731979309,10.0933877491553,248.275247308444,0.117379720095412,2.98577270210047,2.87137579813575,1.70857047953362,0.135809452138332,0.106010954566395,0.111386123175587,0.0683210002906169,0.0608677000781167,0.55595024321367,0.105198446314765,0.497057767445445,0.268476644130978,0.0648184766358595
"SSA_00149",3.37617703625249,0.0301362534397909,0.146838673654756,0.0150629905942544,0.267631076105822,0.0221730260600707,4.79845828407821,0.621130337469452,0.056337087358258,0.519646809992383,0.205100179526807,0.112436832479316,0.0673088821455163,7.67936044826437,0.701982269397358,0.0481556758654832,0.0400998522670303,0.143700357876892,0.1231091653638,0.0876877329272416,0.0689858466371888,0.0726861729989251,0.111328558592782,0.528235219045055,0.111133492998826,0.767609162984795,0.176282850830895,0.114306330816039,11.066442344038,239.438813887537,0.13641346556037,2.72191954934913,3.00103890344632,1.80398866022901,0.168357358156771,0.112697737674485,0.0789055738454495,0.0648555342941561,0.0599394114540189,0.399725044034669,0.119422800383862,0.38529560030366,0.192701591009194,0.0870757787423117
"SSA_00150",2.92140164682002,0.0274409083743018,0.14629590258029,0.0151379030621732,0.302900471643453,0.023608215921121,4.87840158316312,0.504080380297231,0.0486339696767207,0.547432499806514,0.207836827575919,0.106204320159013,0.0860438689908861,6.48169875164271,0.65844899256208,0.0496542884572497,0.0419616036284468,0.173768346747932,0.100981367649574,0.0763580979372496,0.0645065125930729,0.0587862245683168,0.0886435240184044,0.527026320380384,0.107776529629316,0.83960517401465,0.23745465587302,0.0682381962668271,12.3187803173873,252.228558801044,0.134424614521576,3.98106359157182,2.83563525739727,1.69521598682728,0.121016076224399,0.0890015250336359,0.088787113305404,0.0614341021922565,0.0576171577273148,0.376103235044248,0.118286338465661,0.564573770716687,0.206839173975049,0.0913935181233499
"SSA_00152",3.53154389481025,0.0296740546330489,0.0950275538432968,0.0150230132931536,0.248095936311481,0.0211124675724351,4.30537729253194,0.743723648445119,0.0347535153250414,0.514388271162719,0.210128984074634,0.109981330432687,0.0909145013449447,6.2011737202022,0.742570708863846,0.0431500292998485,0.0411062346144888,0.173962139772388,0.0897840789437472,0.0924579045629806,0.0720645205107141,0.0745576174777962,0.0828090832632966,0.607494874906376,0.107483360134614,0.702970995154129,0.278946839533474,0.105227455727917,8.30799266239481,235.562989302257,0.0903687047501489,3.49028509701345,3.14351332625845,1.48456744697584,0.0981370505146839,0.106081194651098,0.0889577725543141,0.0564539198359695,0.0488474265256769,0.419036530856726,0.071372791339854,0.537780287504152,0.17487578908467,0.112710866806135
"SSA_00153",3.34095241378641,0.0338025244212503,0.141860638879599,0.0142615941862944,0.237294291839014,0.0220396633903829,4.77670072963253,0.732842720699067,0.0482879391813874,0.492234162618217,0.237078561424461,0.0955232117173757,0.0878637723999333,7.2658506139532,0.706386016502156,0.052418152811512,0.0370752725303628,0.14155652692425,0.105669140590571,0.0710823433938298,0.0762538698699553,0.0764422935095495,0.102657148470001,0.652533362848862,0.105894804481824,0.802586148225769,0.203009787101714,0.100958959488275,10.8902056204857,238.2600143499,0.122002528069373,3.1153060005822,2.99749425012581,1.57149449892555,0.119101721118469,0.100381351913453,0.0770484953056873,0.0611543474700858,0.0523043698317083,0.486281212958083,0.0903411493200772,0.5474604378396,0.208067778404215,0.104066573241779
"SSA_00154",2.98471845759482,0.0341050157987991,0.138472397317663,0.0138901485747613,0.214027013011806,0.0188400222113577,5.07065162733889,0.635280219718423,0.051626064817328,0.633845852354842,0.187904616521665,0.119248897711948,0.0713769077165653,6.46386063280907,0.723588808149138,0.0490150183619899,0.0389229151386732,0.186407015477459,0.131881328026345,0.0845009650733379,0.0688988355054743,0.0660466934628525,0.10706070409036,0.594086065798832,0.106489658390711,0.821381425328196,0.224299051511372,0.102364785272372,13.5669359836837,240.051314968767,0.117385443400527,3.57413490693256,2.86086858875787,1.65522122084963,0.149018932581695,0.107511074175077,0.0942185312200438,0.0663617160889316,0.0628167808809538,0.495284893972327,0.102170393589697,0.573370724839585,0.24037172849905,0.0995386701675642
"SSA_00155",3.05735907628843,0.0352572691523587,0.119564970776833,0.0134351365312947,0.274840415093043,0.0209308719513642,5.02783864679793,0.496853688276998,0.0436518478128363,0.533546403595782,0.234735706234766,0.0990252095035096,0.085382308638836,5.7114122446333,0.788447887519179,0.0302902502828845,0.0484472234091745,0.158037725016077,0.154889957030461,0.0946606213536564,0.0747790169070952,0.0807516774968215,0.0791990476824139,0.697465458864991,0.116124571075741,0.897626443704344,0.249049091200836,0.110736686914826,14.9730617723919,263.489348717595,0.144575365180782,2.54565817806962,3.19908538233923,1.426224919925,0.145238336636487,0.114378669806439,0.09014318940933,0.0579195254491837,0.0746909820994205,0.482588099601128,0.0952172604973269,0.647568034266194,0.183413296302088,0.0897974591082097
"SSA_00157",3.35514193375243,0.0323061225790201,0.142097305228832,0.0159008568586016,0.262701046208706,0.0222317935310334,4.50350067206692,0.826152309270775,0.0487170210710595,0.525704480659367,0.213034072693924,0.102365261126021,0.0921585266839796,6.67613104360714,0.668727507269738,0.0500788075290852,0.045812599040625,0.19232492999248,0.13331306729773,0.0806485043246109,0.0723547724041319,0.0718048540882569,0.109984471453949,0.627940722836369,0.106679042498538,0.8781143889608,0.171212353413671,0.108038049505921,11.3089397708977,260.48516147311,0.102349469893878,2.84329533388322,2.99842773261291,1.4800726188592,0.152118994943469,0.10862577648092,0.0848298093698545,0.0642217814890212,0.0477603610456723,0.409438674350933,0.0950029202563163,0.451888854589544,0.171203237889931,0.101067311486193
"SSA_00158",2.89966772766079,0.0311433180817176,0.131541316359288,0.0155678181826167,0.273904006072974,0.0246608246223045,4.22156502650279,0.640348917640571,0.0668102474071757,0.581753332669779,0.172503411994078,0.134811900794879,0.078689083493585,6.26211291403766,0.595904863290574,0.0513747480109509,0.04548776467765,0.162514916813345,0.116996884319174,0.0818210725199751,0.0577516956688621,0.061543869602225,0.111616885294079,0.545944970085123,0.0955933657496165,0.938379285702261,0.223238862375214,0.091041725559237,12.0879198059567,230.696431891193,0.10865559672697,3.95297813506549,2.99890990185277,1.74344889866753,0.141684815505471,0.0941212688053736,0.0891402845882781,0.0716653451322776,0.0491116410261152,0.513304051991159,0.113942974229775,0.376483508088803,0.205404148525967,0.108143810391037
"SSA_00159",3.62869841445855,0.0279918371980903,0.114127850134182,0.0162523846394758,0.252902641515991,0.0210792141704503,4.45027628947363,0.621820889295003,0.0337842788453733,0.491744061197403,0.214886406508008,0.11858542146701,0.0908773343697514,6.96924009956257,0.66380489412769,0.0295432713835178,0.0439038166084008,0.16640708706383,0.0905419914120087,0.0769000863717469,0.0627086416246712,0.0971029256599448,0.0666117526757907,0.679009471519546,0.09590956118719,0.678694306568053,0.284188183776589,0.110777374966389,10.3884738969742,259.622262417043,0.0622315817330872,2.74423401018359,3.06693440672463,1.59013085055193,0.11265134881983,0.126917062221366,0.0848906737065148,0.0563231688707053,0.0622892997133528,0.362579255466412,0.0954962570353071,0.570745516398269,0.209047202949983,0.0987686794556541
"SSA_00161",2.86336422820857,0.028144815658611,0.127968965287885,0.00876007909101269,0.252632863225389,0.0220326725996667,4.95744342226816,0.458602104435662,0.0483492943530053,0.475183356829651,0.211434589785164,0.116997274452617,0.0979593547780792,6.32018003506444,0.79475079418529,0.0345448777176145,0.0530365644677978,0.16550949963699,0.126689985520948,0.1046278255188,0.0518559523114333,0.0703339058354581,0.0835023378937467,0.59821442258412,0.115982719467276,0.816745328106918,0.274002596233686,0.0941968820799841,14.284094850691,258.352138063128,0.138696177333774,2.60928260333908,3.1035684094365,1.51635211550608,0.0935919357132308,0.118528473600016,0.0776704869044271,0.0721033865575232,0.0650228343044078,0.390759341660435,0.107282403519482,0.430456784052801,0.179333719387625,0.0933018632025648
"SSA_00162",3.03175273011164,0.0256030183948552,0.145088265447113,0.0157283460714002,0.294294349574098,0.0216166948756584,4.3558524398107,0.465573242706536,0.0322966339363113,0.417362859435248,0.227911140832525,0.117232729784083,0.0780754297492053,6.03179673329522,0.688175779609908,0.0485878976955682,0.0477269950956368,0.144186734977664,0.090805742165842,0.0889741107293659,0.0695460943266728,0.0616423968349561,0.0920773267466933,0.540559865458946,0.111271129573568,0.67970093562761,0.203074620817929,0.108412523596503,8.37830460884711,236.310648704923,0.136859100548297,2.54732187597214,3.08725053929295,1.62119466892244,0.109558503389855,0.0960237279343743,0.0862577224826166,0.065186979370832,0.0602005911392684,0.382638874620021,0.118020197431714,0.461257624099801,0.185119941368117,0.0781020548281457
"SSA_00163",2.56947560420509,0.0339638656979668,0.155158727892302,0.0194918685327326,0.230773474406127,0.019508637850823,4.28803612956744,0.655859506949471,0.0718917850994876,0.378182261137396,0.180456850787116,0.141886321712097,0.10015836010222,5.80390448235109,0.644938590988586,0.0554610088686038,0.0397023641943496,0.222136627053039,0.132288214186259,0.0591139074185641,0.0713973263826368,0.0530916509516344,0.110179973975528,0.549560769071606,0.101380719322283,0.744569422701714,0.280099274465254,0.0909377619867955,15.6242151226929,246.238362481073,0.117056387306657,3.53648165013281,2.86248208873157,1.77328121803841,0.151291239847533,0.0827559464207047,0.077389594046444,0.0700408159008327,0.0581514927097367,0.470921877259997,0.118917370524961,0.546949592240429,0.168927378936661,0.0976154418849158
"SSA_00164",3.33882562783032,0.0345878225853559,0.0988020367920696,0.0149579830117693,0.272089200478595,0.0196211223681212,4.67147809142461,0.581350703576268,0.0535286952313652,0.446656182338789,0.218169182771141,0.103432441953957,0.0818531947581114,6.47659456138478,0.879775814562437,0.0496454445943617,0.0447312111122076,0.156793634234546,0.116632604577022,0.0819877996237723,0.0824906325028747,0.0759223695104524,0.100628789790651,0.598353691500532,0.10664976326197,0.834878924134828,0.211309612514911,0.120832185663393,9.50942203161096,232.266220092433,0.137193804645989,2.47388928339481,3.27573934305712,1.74271849930852,0.142529345010747,0.1120841734946,0.0951920778170275,0.0654367681320551,0.0625110403452777,0.477170288654059,0.102411777150655,0.545841228865077,0.233537487231899,0.100019251996207
"SSA_00166",2.76665814832422,0.034929491980351,0.14936696992613,0.0169508780929292,0.229399733678722,0.0206843107041195,4.47931961596127,0.487477091399236,0.0563500132278026,0.528203203470185,0.220037909885576,0.106155761716977,0.0838727091561212,5.7599874762262,0.695039917013609,0.0485994445745583,0.0395569003178058,0.175213451797202,0.145110624226065,0.0863614814293783,0.0642331577414044,0.0671575877874887,0.108881255640002,0.453309075815642,0.108955409048316,0.802420648322947,0.230558703129747,0.0689667123328398,16.075614871794,208.897918942231,0.121494376013148,3.68220845407799,2.86225955111231,1.73161485684207,0.198319806627414,0.0910380311013894,0.0853202490418172,0.0750576870316457,0.0581458222807098,0.492073964382679,0.0806058960950088,0.521524784399491,0.203065500328537,0.0941017396133048
"SSA_00167",3.10052674318995,0.035548179181085,0.137833102359544,0.0147263448328779,0.236137971015305,0.0214674860744861,4.0948419323271,0.641410497099228,0.0467978830593744,0.513522625541247,0.246150397948466,0.116201121141067,0.0811727462292555,5.69189790883201,0.65481574696844,0.0467794024732929,0.0448061427321892,0.155763441228457,0.134789011062871,0.0728567538910028,0.0666733405276095,0.0686125951004461,0.10908090153572,0.558814999438302,0.0999621038476668,0.901653709686809,0.239590935465017,0.0964528700708738,12.8418473169913,227.385390686559,0.103005726148521,3.60842309841258,3.02376862309226,1.52902375392257,0.177017552126742,0.0845835363515548,0.101825924243249,0.0654573533976629,0.049414296066512,0.49249097743311,0.117638319147737,0.439234763581024,0.202887351373157,0.0984576293162932
"SSA_00168",3.61962205341453,0.0277559597728795,0.134844012290546,0.0148414400751401,0.236018781965078,0.0204469816874285,5.04218669352051,0.713447165044432,0.0457503211994922,0.544325287808272,0.234461137801188,0.0840251765396004,0.0625963988485527,8.66419422229143,0.669641318239134,0.0500998914815701,0.0413191485683074,0.171968713352856,0.120651313473721,0.0817979420106786,0.0713530696808224,0.0643051339469929,0.116854353073833,0.707357543955737,0.118989236166041,0.862656563993554,0.214579686711689,0.107704214582712,9.00877414063199,239.482331224036,0.119999454723808,2.86287716734634,2.83642596525302,1.7906313706363,0.150117055529767,0.0972883675659835,0.113058782267825,0.0653399396439489,0.0578569097285595,0.341202921558683,0.122931483720898,0.449752038455996,0.161219843232043,0.0953128345512288
"SSA_00169",3.52148583580708,0.0363875243466822,0.134373446424409,0.0162465050379906,0.275528408142948,0.0226277086396711,4.53289365994988,0.489013406624544,0.0520965880998284,0.637570610560364,0.22342753963613,0.128638242526493,0.0921489962364478,6.03744072351133,0.737897824590448,0.0385149181533946,0.0356425997508782,0.136152863714361,0.151891698251453,0.0736143452173813,0.0730090310559521,0.0730168370121455,0.0976159866007275,0.686586487209388,0.0904647242804606,0.765598996728175,0.319531387232094,0.082813477033,15.3770226353981,281.748217941654,0.114385592075354,3.54215429267146,3.18370299750732,1.45874789021933,0.139409117546142,0.0866855981496101,0.0860244740803572,0.0555234500007378,0.0665263095590441,0.525669772425551,0.114927115828918,0.702067866366155,0.194602658211332,0.0831920520593057
"SSA_00170",2.9677055770747,0.0300720193613319,0.112993178319656,0.0154526824247739,0.255408609033693,0.0200284925858216,5.5642690701729,0.638080139469421,0.0583792286144142,0.47137492707657,0.165471162682189,0.105709224243755,0.0784719828577466,3.75032917991096,0.682891763361068,0.054143380963885,0.0434192398470576,0.161880163206496,0.100261561182274,0.0889418180206649,0.0759308781529278,0.0637562331671496,0.103810272775556,0.505643029247305,0.116153856561591,0.673789289880733,0.230222205165289,0.0855273876921849,15.9685414143496,286.038314782094,0.125550042117106,3.41860498161938,2.94142485739673,1.75991849169269,0.154636832448807,0.0931845468708242,0.0993640626025383,0.0624739516390772,0.0663470435956256,0.438006866661416,0.104850709601573,0.638329576929052,0.222135224177979,0.0978181569563769
"SSA_00171",2.36842185987076,0.0300150047020426,0.125529040254443,0.0141950554686683,0.269972428905552,0.021129023459306,5.26242838707701,0.549062501126791,0.0548699867676885,0.46605422737177,0.198112063635462,0.113875377440345,0.0902594616684681,6.23615298016833,0.684701631209762,0.0484811734766964,0.0459481328446217,0.185270190479291,0.11934879252251,0.0778138824495503,0.0728219947835871,0.066139356749453,0.0931258712912844,0.587140813946274,0.114241486710241,0.726215848782354,0.218181907068586,0.0856464842661196,13.0572292255355,241.340192062139,0.155815231308321,3.32730836105766,3.02640137495989,1.69410855028967,0.12500997262415,0.100782944831017,0.0928651234987708,0.0630024231786656,0.0665645715978334,0.410760731798749,0.11415971477904,0.449302331723977,0.17465294310108,0.0897125054347594
"SSA_00172",3.79158672219123,0.0386241088773742,0.146721687816352,0.0137490239234361,0.259840603273713,0.0213372562388375,4.90756686868334,0.646922981527357,0.043048977181703,0.515928318274103,0.25902988949858,0.102828934723519,0.0784740710050285,6.75123350773063,0.754151075123554,0.0434494061782053,0.0464434864598184,0.150463555736205,0.129552931343437,0.0919251797748992,0.071067529199982,0.0744640151124713,0.107752034613951,0.711765789807427,0.104268992905743,0.956075950734773,0.267202926845479,0.110562906371782,13.0884832016895,272.460912080224,0.0819701056137714,3.91322037309106,3.01327520165009,1.28845469116745,0.115196521415959,0.100473292406233,0.090915692882243,0.0568529917692746,0.0533502815833667,0.493879432258094,0.0915410406981647,0.618483650999276,0.199070451457863,0.0947739332986519
"SSA_00174",3.53613972566344,0.0276725479070045,0.105292402281746,0.0137752465842179,0.250644692288086,0.019897213695326,4.6268117221636,0.701078934100237,0.0417100500069001,0.507513961537117,0.215561896794122,0.125036681012156,0.0850101763312692,5.65921300263894,0.792829124757739,0.0402279290738933,0.0491687154636698,0.137868671878675,0.109129348139182,0.078816324331136,0.06697450958809,0.0775606965299599,0.10590494005538,0.633379805167675,0.10000366788738,0.893329447413495,0.18925907560093,0.118094285897385,9.79825172907014,249.202414403525,0.112268369951039,2.77035991631863,2.99422693332276,1.34709292040285,0.131761857500479,0.106041631790499,0.101607326310693,0.0595437158379208,0.0577020634140573,0.382248264482123,0.108354501788126,0.484937823761251,0.200070654312377,0.0976147066047683
"SSA_00175",3.36971259805223,0.0315151709945039,0.147930604997177,0.013313028449361,0.258093355416909,0.0235409006263623,4.34027142407689,0.42071389168454,0.0571305815027556,0.599760150225201,0.209462306101625,0.116678072286078,0.0825457029047024,6.72186643579484,0.701421392612618,0.0462975899676447,0.0405963074488213,0.160329548803837,0.147671608983307,0.0703933911899338,0.0596990502379685,0.0623737986386731,0.118948027828244,0.65018505670039,0.109281410112026,0.994592787595665,0.212991119239369,0.10087800731609,11.3253160529872,230.318882128936,0.142173015430313,3.72216407447826,3.00307447062888,1.66605085150854,0.118148348183399,0.0834703369555188,0.0826197062918783,0.0649948216594127,0.0533754004907292,0.385101415767421,0.11677682319396,0.421346950854968,0.215450097763286,0.0837276335968722
"SSA_00176",2.90187497437728,0.019730418943468,0.122188022313611,0.0137243713616282,0.256672636860271,0.0190046531639647,4.45299436452089,0.475007154083694,0.0477117114492474,0.50091638486371,0.269738938668946,0.113801021174956,0.0974085037139077,5.84779569594343,0.632953025225553,0.0438717272972388,0.0416291766489663,0.115489263235128,0.0784764028209566,0.0952637253577473,0.0690669638949494,0.0759985634280789,0.0917199963162933,0.514154653887119,0.13567901139481,0.865397612086367,0.195183915848812,0.0786529853908694,9.7811522696195,194.416780770612,0.0859744231886222,2.02416139381236,3.39864538960848,1.46095573850386,0.0936517624929227,0.0804129990681174,0.103467578937204,0.0882413357485521,0.0524047630147887,0.340637930245655,0.111164663391028,0.350785414503571,0.162789423586433,0.125123378767864
"SSA_00177",2.80092103340921,0.0295152540892266,0.147608304287297,0.0145358163626531,0.258503749746946,0.0212198041221886,5.5745380923869,0.668101442672235,0.050518223914263,0.454444693442728,0.197275028422017,0.101949812279004,0.0708473518267296,5.62203285878818,0.7392699472752,0.0467265652728421,0.0459596755791385,0.159219793402262,0.112092424410574,0.08555377223706,0.0633932339880668,0.0724782960880229,0.0914856592289233,0.550073033655788,0.103419579488546,0.894404988535743,0.204988245891667,0.109966803790047,12.120116071873,232.295514995559,0.103853885409668,2.62732830581919,3.12400199614155,1.56727494305283,0.144118833844524,0.110232369153992,0.0851029340029937,0.0599373103483402,0.0609818612761888,0.426073362839383,0.0954978633470968,0.446563500217783,0.202196569465468,0.0860656380126106
"SSA_00180",3.03289705829518,0.0251985356833687,0.134761728128307,0.0127584809678098,0.257477602567853,0.0194832660503014,4.75640049977544,0.585261727557145,0.0452841983117904,0.430374561848179,0.190508181014229,0.0958338489334082,0.06561532586334,5.76521199018024,0.78492344835298,0.0458457269404907,0.0443661037935968,0.132866396797915,0.102809984042071,0.0886129659976748,0.0583807829631219,0.0738246579028301,0.101952852550675,0.507395709282673,0.104926132287842,0.762087753392656,0.16733906239731,0.0935906871791522,9.50047364128299,271.340188223948,0.12360196863956,2.91452745379936,3.05039343574474,1.62708284160544,0.138852570463228,0.11196828588494,0.0786745243232727,0.0643954166532224,0.0639529514356018,0.317058360389144,0.115349211102719,0.498535761755402,0.178999478121343,0.0880045813341461
"SSA_00181",3.30880160960605,0.0300247471041396,0.110883420010635,0.0149175191059326,0.274726269575568,0.0176368776872849,4.85668688005213,0.556058959886285,0.0590124172436549,0.464284899166856,0.188530074020887,0.110709133758068,0.104250634888614,6.82513682376496,0.763866122937259,0.053234596618973,0.0441267749796343,0.188162785926747,0.108169438985677,0.074167632754617,0.0851428103869322,0.0769291571297877,0.102336686987862,0.567670145394102,0.117960249382806,0.805537940307162,0.193210955380823,0.0847626564370241,13.2036900252024,223.283109862345,0.11656114234394,2.67073574524961,3.07464168916756,1.69522490381703,0.128674798597188,0.121284265509741,0.0839941183271269,0.0686749128325068,0.0680355977524927,0.289156148759459,0.109287286046538,0.512883539764553,0.188729748865699,0.0936668485901654
"SSA_00182",2.94495549388989,0.0322290373004299,0.120194119493988,0.0154594077623501,0.296023234229272,0.0213893363768928,4.53632827392797,0.616606849946787,0.0497915385958049,0.469325442745255,0.208146392701867,0.115453624459036,0.0899351578826814,5.90451583111763,0.895378651053146,0.033247299304465,0.0421767135116381,0.165479163726836,0.11872854572932,0.0925310808376172,0.0654414172119325,0.0761659384564303,0.0877124025274653,0.543909109690097,0.100463143992152,0.780140616857484,0.247258857384084,0.0955103462026801,16.2775051603454,264.706708456587,0.112590592416045,3.14993888006166,2.99018202099473,1.55400329587112,0.133324706249505,0.0897891051955222,0.0678777930292884,0.0544002294522501,0.0698341214863043,0.344844940826973,0.0901909105009694,0.615791168275405,0.197733124473953,0.0763664254626303
"SSA_00183",3.11727743633923,0.0337380143738644,0.144305773139135,0.0174523831662221,0.244576124529213,0.0211005674291288,5.1336603357113,0.493771279029697,0.0553760885959115,0.353468061003968,0.200435873244964,0.151830930462159,0.0986559542314943,6.42739788531849,0.62210282256176,0.0405378926159197,0.0418567658069227,0.171353216825232,0.0981619450326979,0.0879167150206393,0.077726152220952,0.0653759458731802,0.087551879380942,0.616559719592838,0.0948830751606144,0.787995980995149,0.254395005609649,0.0944614777199055,16.9043112329634,258.809081693154,0.0995646922533999,3.09339488773989,2.97263073437835,1.622203628288,0.152301323205223,0.0998104139046384,0.0811746831741158,0.0700053497408173,0.0671942024875845,0.547944078567298,0.0825926080760022,0.537284943883636,0.216858246590554,0.0886541417899731
"SSA_00184",3.31769328891145,0.0320291258553874,0.10693883288092,0.0149005054207908,0.228603272906415,0.0241973061128456,4.54113848724147,0.776638294250136,0.050201933978034,0.507078599134173,0.241613831163041,0.110204297159559,0.0972344932126059,7.01128250294299,0.663981342153978,0.0441120667450238,0.0464716098322876,0.184462077991281,0.112087441372994,0.0699180603274352,0.0840885616415616,0.0741989154376744,0.105280154627786,0.658570195856008,0.11356391178871,0.760428636539445,0.236389064437038,0.104228062486945,11.0647732040817,219.924422817691,0.107893775984677,2.71424207998336,3.06203616950158,1.69102183043464,0.154357666182619,0.105925445245131,0.0924689193019754,0.0638779896852489,0.056750897844486,0.45525529952157,0.121605653337271,0.419835938259634,0.22443343115436,0.103074134510077
"SSA_00185",3.63950673607454,0.0366024237234288,0.132443792878643,0.0175310046704881,0.191510379465955,0.0216913339749963,3.37629446484325,0.741846969400725,0.0548315260601883,0.451899305000266,0.231983997480683,0.138455134151683,0.107080355393786,6.49176564383137,0.56503081277238,0.0446596704828807,0.0427806247662147,0.154847284406958,0.153624914616904,0.0887265856495854,0.0630901350439131,0.0691313692874044,0.0889309384778255,0.699673675774115,0.115656289335685,0.814772038612824,0.258604613371133,0.0663174274483011,12.3736913461337,183.518803664997,0.0863899405724733,3.60453503590038,2.77454851997069,1.83022667141798,0.189628811294422,0.0900097022392078,0.0881580331229489,0.0760524166934439,0.0516567498355369,0.485327855525577,0.106153829303066,0.432425816597689,0.198926170485604,0.111897395616221
"SSA_00188",3.16264123784147,0.0230424831738283,0.150440370290585,0.0154390008238051,0.207221273909341,0.0216896153917082,3.64500727053902,0.712439215917275,0.0378164912582564,0.443960481159067,0.207744581700163,0.0852857984946858,0.0564693836612794,6.2829973381877,0.637039971086668,0.0434896060304285,0.0509236683409766,0.19258441446383,0.120108829315383,0.123137814508029,0.0609039693283393,0.074601313463532,0.0853295614961092,0.447732561441887,0.147042684000218,0.706436065539592,0.16882652418772,0.0836093873328801,10.4558120937789,210.109210936725,0.114758517111187,2.52608471996549,3.03150274485621,1.5242608808384,0.150680986474099,0.117825484426606,0.0978808462255218,0.0687465107926369,0.0603876952959549,0.391580364252569,0.119722673207745,0.336098209908387,0.190219946055328,0.0772317747174664
"SSA_00189",2.95491566088746,0.0265028429887171,0.155638649357117,0.0148111965328419,0.262353784046234,0.024770711814013,4.7516716850759,0.665183370437818,0.0425085503190029,0.407960637553237,0.265987944811979,0.129455426473505,0.0740021790108056,7.16129933241022,0.734378473085842,0.0391530962460439,0.0416182509804172,0.158956111978466,0.101669589853508,0.0765435430749063,0.0741345683115312,0.0776841026871645,0.11135452397164,0.563539076002436,0.106612573731782,0.833894510231184,0.22381388364882,0.120239193435833,11.265236384265,234.84561697278,0.112757585322626,3.63680098676688,2.91778799414197,1.61733558936069,0.137783931901352,0.104757075880519,0.0862286370074512,0.0712675071730234,0.059707058863429,0.406706189705622,0.105750445393527,0.398432098127403,0.189828153176227,0.0864746446842649
"SSA_00190",3.16135397156525,0.0322151138330102,0.127408496411769,0.0144411867583838,0.232351330382225,0.0237797123270504,3.81816588987233,0.769273952063445,0.0470943385384286,0.340172346288513,0.210289713187238,0.1096099382619,0.089556861185955,5.83124664758367,0.587210056409684,0.0367913720026867,0.0447491519621276,0.149835170525595,0.113836407950312,0.103804587557866,0.0524242588333887,0.0781063624734441,0.0442449237589458,0.578060663999312,0.110998667348062,0.705891827868681,0.252991310337118,0.0687802112533287,12.6783023300801,255.054599692083,0.0992556377561395,3.80605052759113,3.11158965854413,1.51921008168066,0.129228559096081,0.0933007735363932,0.0864228881743099,0.0722184494285866,0.0549087619832172,0.510677424315902,0.0985282856927327,0.568471629076785,0.213033114297757,0.126592567378952
"SSA_00191",3.29032253317352,0.0338117708196165,0.118889410910185,0.0126952760285719,0.242159856520632,0.0228461786664333,4.37784486768833,0.584182260343028,0.0356565211271419,0.551015392909761,0.221769856742093,0.123772716385186,0.0723198981555436,6.82217982754625,0.770964641041738,0.0303250610321721,0.0347699701376807,0.162766669901761,0.117162324104902,0.0900714079536786,0.0455406167745149,0.063656763896759,0.0820983588970039,0.555864809995413,0.120965677583885,0.84486713514299,0.306686049117029,0.0955929651584964,11.8923604012913,255.770584262327,0.1483511231307,6.17892783978006,2.87252831271165,1.86325434929152,0.160466300796225,0.085089497319796,0.0964157802664953,0.087364783993464,0.0591643444407645,0.533481562557808,0.105346460150221,0.57649570717584,0.241375648524443,0.0858251647899506
"SSA_00193",3.89147091679645,0.0251584826621618,0.140083013749454,0.0142837513162916,0.294618337072156,0.0196874908367632,4.14420910818958,0.6234830826698,0.0538306133392197,0.468327375655215,0.244514580739838,0.127575957393338,0.073301394900848,8.43100371230769,0.883384739970609,0.0505321250376716,0.0398185348233964,0.168922283127396,0.109559685666557,0.0524566025872102,0.067390122361903,0.106908645402705,0.139699997471336,0.541025548636789,0.111446007824243,0.74882462649918,0.186046067434997,0.147785855513889,10.0137047567616,259.898418984353,0.115811840741086,2.73015051626856,3.00964209348233,1.7460773720581,0.109412239930093,0.113044687556203,0.0756691469008712,0.0662019339000064,0.0600865219864866,0.420839882111634,0.112697734164717,0.653325501931619,0.224012301613967,0.0754775824245899
"SSA_00194",3.23330563840281,0.0264989104894528,0.142013003605967,0.0128591021288863,0.27661919015743,0.0185200977366702,4.93610449479488,0.49343140233461,0.046615735791357,0.462190608011464,0.209099318809838,0.104822582394701,0.0858434082517114,6.26659500699706,0.763058890512143,0.0361248168732539,0.0440399974618346,0.173936744318706,0.125718883058397,0.0847403670066049,0.073151246383968,0.0630413721456364,0.109941297079415,0.523789055263498,0.111996902445888,0.728166801217093,0.209111448796804,0.103015329211624,16.6288883905191,281.095702220724,0.127834455462813,2.20669547021007,2.98319654918923,1.67908794926691,0.149508364898561,0.101966081931711,0.10688744770257,0.0639012333938899,0.070771858681108,0.432239551326103,0.114420406841841,0.662472715597657,0.204439705695661,0.0801241047299625
"SSA_00195",2.67669894171049,0.0320352327651796,0.122096431811918,0.012153815784585,0.311298869169286,0.0253316622527275,5.80325057717892,0.626688449614657,0.0484680683489165,0.497452789769649,0.213071865715666,0.112751654336514,0.0885689283635814,4.4939000532688,0.732445226771867,0.0351459090689508,0.0474781624478003,0.141409050432784,0.129023090683928,0.0918081656705753,0.0702763085636024,0.0937038989967904,0.0520761122791597,0.574365682733674,0.106210406884342,0.888549489280653,0.241227740966015,0.0960697274147896,12.2918034171628,277.320753342139,0.112551201703979,2.74559946011303,3.20211005691089,1.38010269215392,0.134452129332844,0.0973418021786278,0.0804705612510661,0.0546695911728961,0.0590770293090849,0.462706540197079,0.084855904779619,0.572455112158537,0.207223463873703,0.10423191020862
"SSA_00196",3.12202739288146,0.0316858953067339,0.147964776889327,0.0152027376277163,0.242814362407935,0.0190717629359172,4.89206062956095,0.685181852538701,0.0457358204303121,0.594671925127155,0.229674874258387,0.0913365129971155,0.0672017300946131,6.48828464672973,0.666175660990816,0.0429033134507273,0.045164727220891,0.142117912432481,0.118447269385205,0.0951318739077018,0.069593215748205,0.0735443313500887,0.0957827902739215,0.546384550185486,0.115215055801238,0.802101294616881,0.222408894637217,0.0859503176416418,9.60742298787928,255.207032039896,0.131223287079536,3.3714601423386,2.99109034867772,1.66523368543613,0.173446868220061,0.102610778699135,0.0960573612908902,0.0694236195272916,0.0634482902278766,0.546333056453325,0.111142035091276,0.553290279740828,0.225151193315494,0.0828397261160401
"SSA_00198",3.94656173038064,0.0321940358675577,0.132829075837424,0.0160882307685032,0.246649360517759,0.0224611436520695,5.22680865747555,0.674105856625149,0.0479902889098573,0.546318151762602,0.239858432173148,0.115339430353014,0.089189354718141,6.9452200931447,0.675847574819188,0.0417272566242649,0.0371010027066532,0.171607254625885,0.101476525186459,0.0634837421684813,0.079520147456617,0.0578336938727401,0.124418536905887,0.621108159172995,0.104597097055627,0.825025662206404,0.222012285715294,0.101295200884558,11.0831292738781,201.25715640279,0.1323796734999,3.50384258233684,2.88922513177393,1.73372847530898,0.202432276214579,0.0959300612289637,0.0870038003513319,0.0708626920591851,0.0504955640666626,0.375581179209778,0.120403441013976,0.327020527982586,0.200969490530679,0.0878502370415191
"SSA_00199",2.87036523455795,0.0194875509953473,0.166540810110017,0.0142247584003399,0.256918728478753,0.0212265145125802,4.36268550418772,0.783068160506919,0.031786699713228,0.3810152811395,0.266620898851092,0.093815738126956,0.0685381115441158,6.47360813696968,0.498207659644176,0.037326042947019,0.0425301800161587,0.151582853613785,0.081259222163553,0.0984694522985363,0.0617499914559555,0.0918627881186335,0.0722418271210772,0.645871964299833,0.122550842995558,0.739712058699116,0.221832934904434,0.106265102405435,8.0084558930579,276.721270517837,0.11577868537645,1.91018285088109,3.07516426832292,1.56673010452781,0.102416362914136,0.108551618989239,0.0939716884030687,0.0652902569365739,0.0576789282242726,0.453799115164652,0.114289829580325,0.554812194497373,0.202062990211154,0.102874698099629
"SSA_00200",3.00401143245137,0.0295735373929806,0.125499515725803,0.0134472983791821,0.302909693697601,0.0205721869469179,4.61378627044927,0.600718581213022,0.0422155125212128,0.563917920660501,0.202644306137251,0.0965562806843701,0.0791253144707424,7.40371597657141,0.687088660037584,0.0493840109672146,0.0413023465252506,0.16884159466187,0.10145513935007,0.112759734151202,0.0674625693895563,0.0703035811070954,0.0868770641388355,0.573728632502696,0.121774391732179,0.775125872735002,0.19076206665001,0.107048047509105,8.95472581162257,275.948504917096,0.143143045200579,2.93922879646625,3.11690985064318,1.59323279204768,0.120505825184593,0.113377432043847,0.0901808100401943,0.0572664474972379,0.056254600110132,0.386312924304393,0.10214071258927,0.561789501824954,0.166772108771462,0.0997821975763951
"SSA_00201",3.26794386721215,0.0328938665692404,0.152686166908379,0.0175080632516656,0.243281639009171,0.0186822207088106,4.79956799269746,0.790498244517398,0.0522067514070454,0.533652453512055,0.208328288207023,0.124989972452542,0.106351500642971,6.53743524068907,0.817316693840999,0.0596741635604709,0.0399554131949845,0.173376069069149,0.136103234449706,0.0731917286702551,0.0879042779975996,0.0698791121639558,0.119840496886765,0.612998274429339,0.111229456351132,0.67252618829039,0.237225235474098,0.0635387064142982,16.7242604447448,251.588540656779,0.110436953982785,3.76128079374993,2.87751759593701,1.75080881741722,0.165053336967505,0.104474385356951,0.0772804526756142,0.0658632425710031,0.0721011687078544,0.441319731490787,0.106217719694337,0.672140686779087,0.173675145327105,0.0998683208202137
"SSA_00202",NA,NA,NA,NA,NA,NA,NA,NA,NA,NA,NA,NA,NA,NA,NA,NA,NA,NA,NA,NA,NA,NA,NA,NA,NA,NA,NA,NA,NA,NA,NA,NA,NA,NA,NA,NA,NA,NA,NA,NA,NA,NA,NA,NA
"SSA_00203",3.35386007681843,0.030945285827053,0.15915350671399,0.0146250870353106,0.237024760683733,0.0215323842028916,4.72780507081109,0.618399493905774,0.0442793219443921,0.49036925289607,0.204101756287591,0.121726452578576,0.106031586649448,6.33963527706908,0.637245853083208,0.0458123155611341,0.0382125426211568,0.182299014987781,0.119995822820234,0.098606389635316,0.0714817962057037,0.0659423408824465,0.0967462139524859,0.708034197293534,0.106274336690748,0.657436360508499,0.244798940393272,0.0767855528938302,14.4286099157075,246.170681051327,0.128257287559131,3.80429136477498,2.74512744344411,1.87375763737045,0.139961600541554,0.104039400743985,0.089565733318253,0.0738450272304661,0.0647382205853418,0.427064177499442,0.0960832533279763,0.584698564273669,0.20494571441065,0.0942345870984813
"SSA_00205",3.13938411474568,0.0323952092004557,0.138585340179468,0.0190684450102439,0.274238877419948,0.019515835234143,3.99242836499553,0.704418115804785,0.0513661854508073,0.527087776569042,0.192105164921208,0.122480274343855,0.0996648708699656,6.53285821086869,0.656566098505103,0.0457090506423318,0.0414465957842984,0.171193646599349,0.155291903381555,0.0857657895654656,0.0811108527723151,0.075110450346481,0.106164269651629,0.586928424857057,0.0988140337089036,0.837030991610116,0.243152462306486,0.0736960570433257,16.1345074322449,211.311937132097,0.160302630820977,2.90162725740954,2.96616956597658,1.73512616817983,0.168838008647863,0.114936126187138,0.0761127543152651,0.0742719526483303,0.057082791249904,0.471237807066659,0.118741884693431,0.454451019053722,0.257383688558011,0.0857990110621181
"SSA_00207",3.42459722877831,0.0282833461629321,0.153302687298508,0.0141879859842871,0.214445804002387,0.018131676006621,5.27287674463109,0.578696686459486,0.0274502553491733,0.568533261635156,0.247690848844822,0.0859280631248027,0.0658875183797219,7.25366040319183,0.771210715025861,0.0362747426865159,0.041718958036028,0.190470143273561,0.103658152957161,0.0879270466029873,0.0566809286510043,0.0700068068706335,0.0891605278213524,0.570957856290302,0.127683599010087,0.76864304321649,0.2577770458505,0.0860290810878924,10.4768597323716,225.86695863613,0.131774695754105,3.67112811323802,2.71458347615707,1.71700867729215,0.0999535004483786,0.100185207319439,0.0789755023766877,0.0701863950953402,0.0634273812954785,0.416463706201975,0.102527566561572,0.585612659255966,0.217383616192061,0.0735914690101534
"SSA_00208",NA,NA,NA,NA,NA,NA,NA,NA,NA,NA,NA,NA,NA,NA,NA,NA,NA,NA,NA,NA,NA,NA,NA,NA,NA,NA,NA,NA,NA,NA,NA,NA,NA,NA,NA,NA,NA,NA,NA,NA,NA,NA,NA,NA
"SSA_00210",3.75774180291503,0.0267842595443917,0.158742684233361,0.0160083449250724,0.195896180675994,0.0177606850678965,4.70765093965572,0.625491385380714,0.0444379515289542,0.482167824939116,0.188935713398708,0.111497122618546,0.0770856100453935,6.44771002482766,0.714444234569751,0.0486525839451071,0.0440736180743611,0.171400468356181,0.0807983741926215,0.0911048306341361,0.0713022413930019,0.0636013486822496,0.0980025716743343,0.548225026308296,0.107310465804468,0.690678655213799,0.227578248315248,0.089605898907315,11.6438150052689,258.627673580241,0.103092857021034,2.34408224355647,3.13389438873101,1.8568008465697,0.142796108321783,0.119046968654642,0.0927537092305904,0.065357741388333,0.0645494137480196,0.472431810939722,0.10112478955515,0.522379770526762,0.167827975613009,0.0876561673655754
"SSA_00211",3.10141224501589,0.0305907035640091,0.136792563392875,0.015239951743908,0.243400904323062,0.0214805964237816,5.24881198038968,0.630351197311408,0.0470537331221245,0.361618448692359,0.169826395051085,0.134661018649488,0.11099774213919,4.80838536822832,0.737705227696099,0.0447024360305795,0.0441722166853893,0.170936813660274,0.104103825024453,0.0719442156848302,0.0768870578529783,0.067616294764424,0.092571120957592,0.662178611738963,0.0956766658906615,0.811694362751827,0.256999250701317,0.108439730371215,15.2431591807989,260.866207971259,0.102224276669194,2.87848503298324,2.99822718388793,1.51479134632949,0.108336746274416,0.0824508339485848,0.0965323908048177,0.0700974538803804,0.057440361093413,0.567852061469056,0.0909922902250289,0.584648272054674,0.227173562298452,0.0919158460355223
"SSA_00212",3.23664972091461,0.0280395288012482,0.139848351823685,0.0161898406254432,0.266525940432177,0.0201469958411049,4.60447434818984,0.488137507566553,0.0522213793932878,0.50918230252977,0.217884183915093,0.113029883604363,0.0918158999353236,6.25492465390236,0.743482138147969,0.0375868324862048,0.0407631949446916,0.206089833122366,0.0881013617165775,0.0916425544878651,0.0719271446157921,0.0577619857620637,0.094778924204644,0.639389016671211,0.108337776054869,0.704062731497801,0.210569486207321,0.0940212809343408,11.6507470900832,261.261022652767,0.108312672110002,3.08270441209274,2.93236216084309,1.64441331134353,0.106936274094052,0.0951919040088055,0.103180577979994,0.0590033232824059,0.0614068501586436,0.408790528775956,0.114521922163255,0.568215189782657,0.158883900442201,0.0845214892053457
"SSA_00213",2.90251253523533,0.0316343569875741,0.133462775683932,0.0163616236061259,0.291239159037015,0.0229679016524913,4.10893478523258,0.451493230859523,0.0502948465306174,0.700128266177387,0.215990891671129,0.112014026726799,0.0837111632078961,7.65822829807633,0.758266864107325,0.0326209094340268,0.0386017526297385,0.140442938412586,0.121256674058576,0.0872056253985638,0.053215309341098,0.0764783660153138,0.0988636328064144,0.445325141064572,0.110274462428794,0.779859929311982,0.267743562557432,0.0909347893851543,11.5743343879124,230.724089751011,0.159268516598715,3.45481996265975,3.10800032090935,1.64009486976322,0.120629503379408,0.110557094882811,0.0761167395429661,0.0641873645956724,0.0610733636235642,0.427459732892332,0.11860526179736,0.565655454513362,0.260437194212318,0.0824881137479515
"SSA_00215",3.38166741132104,0.0358001883162542,0.131149180825821,0.0133576453382629,0.263146610840773,0.0235478737196047,4.51622001347653,0.616534361934622,0.0490905342534407,0.532067860940101,0.208066829278046,0.13735378491822,0.116952685193689,6.55664584458494,0.719770213045668,0.0409689031124714,0.0492336435052684,0.17542181042203,0.117011851927407,0.0989198174519682,0.0699615957916038,0.0734092163449695,0.0785651795860113,0.600684167708085,0.112952489739241,0.698281501566134,0.283769866773657,0.0921827423186475,15.5189620716781,204.776733773032,0.083562877895717,4.0415630779572,3.03190892352465,1.56887417311153,0.130320707770858,0.0930723132339338,0.0922426961869198,0.0632014582851848,0.0600224170015719,0.551102746704578,0.0931926668446623,0.590052464111408,0.292192228724533,0.10178037901264
"SSA_00217",3.04240813490746,0.0268946200317213,0.138823293420852,0.0184531772737113,0.222151114534273,0.0194868404255082,3.45136884124884,0.59758744902405,0.0456317099645211,0.488054597253472,0.177336842118447,0.0920271537375957,0.076102410633663,6.2630620430833,0.667348065671218,0.051784250195794,0.0412742541424405,0.182859165334696,0.123968619201231,0.0916604302230623,0.0808758855580862,0.0695094353798821,0.104886627432901,0.532656534647103,0.113683598417794,0.834804134338889,0.204867990200724,0.0963129269009455,12.3375669385543,219.617957218857,0.11642196248806,2.68597470461371,2.91546930290381,1.83528206251501,0.196044289519365,0.113625007268407,0.101375491323625,0.065784394710032,0.0629782587998959,0.40383736160951,0.0996248442234763,0.469664566197948,0.235022070149974,0.0929816690574379
"SSA_00218",3.02391201086197,0.0264138823145602,0.134118140880588,0.0190756671527682,0.21693932475206,0.0185768414714683,3.54791101263516,0.624083914295472,0.0434103087560582,0.486811678708151,0.182233777856428,0.0905817730590622,0.0697742551651438,6.26909436936967,0.638644229937482,0.0509436462587364,0.0413904482549594,0.174902993201852,0.124413845125343,0.0933100276770475,0.0803027880498278,0.0695456470694762,0.099597448495682,0.538873722467828,0.112129071996235,0.783319917067124,0.208841022056772,0.0938101800275985,11.6595019094142,216.327592256626,0.105525410660174,2.82336558651399,2.94693513781993,1.83393063696199,0.19312653544146,0.114154017275619,0.0994159466015608,0.0673520252643608,0.0594004853199932,0.40862461915945,0.088573059383439,0.439368995131119,0.244324313363311,0.0915206179942017
"SSA_00219",3.13786362300551,0.0310084278164363,0.121805246016753,0.014540204535546,0.25156491059628,0.0195507931548315,4.95625245648071,0.710088522034997,0.0655962786183441,0.428274030073846,0.184575490516103,0.131053654806583,0.0951279874419749,5.9632577594539,0.785639572666765,0.0490419645078876,0.0521896600851184,0.135910677293562,0.129762089735504,0.0786956505875596,0.0769243035801256,0.0752909529997325,0.111227193062042,0.532559848980132,0.0890896712249521,0.825579666701712,0.212444712247165,0.10513085652341,15.0015964472051,246.03968424874,0.11290103000228,2.05304364389438,3.21554889225133,1.475993099762,0.152519030914267,0.107127609422173,0.0761017501833289,0.0666278766018614,0.0651696158981188,0.392129837719773,0.0977979780276672,0.496205395333717,0.158146113062319,0.11354253920969
"SSA_00220",3.1897299881395,0.0283457537514981,0.134182263944409,0.0169037150498327,0.258222622333567,0.0225250371862578,3.83107829819084,0.680704287693199,0.0467953691542784,0.468319013692375,0.262888451917763,0.13417724825961,0.0812247046290185,6.8608982260698,0.731045041846222,0.0358782091891698,0.0416618294893823,0.145440820951883,0.129230723226504,0.0811979487632791,0.0623988415864363,0.0914497322193275,0.0945077271965241,0.612648308498066,0.0992156019331,0.76055903947503,0.231723958043875,0.099917205596801,9.93458018810474,203.616855610278,0.106794875399415,3.75309955369364,3.01476724419917,1.67337224836343,0.115985376046466,0.106643326919575,0.0897217422518616,0.0816395974369762,0.0465443434346858,0.427424315486134,0.1030210291139,0.392328932943323,0.168789454630511,0.0869421629441735
"SSA_00221",3.23176234024288,0.0292955440220637,0.124799330890942,0.0181503049845862,0.298795109127436,0.0186211270967615,4.56851027704248,0.440602222511001,0.0666372760857877,0.718093388332009,0.15740630383559,0.103250763054368,0.105953155616385,4.90521164208769,0.676356147227702,0.0426247437401189,0.0409332181656602,0.196784004974143,0.119540818194639,0.0772512309770263,0.0731694414395943,0.0542687970299214,0.105392031697996,0.500123719472929,0.101319944244001,0.827704628055192,0.305138841174546,0.0911189089433872,13.1044408830965,246.334997091442,0.142653966579216,3.02313277148847,3.0380480507872,1.60450748906842,0.15509805642456,0.0829762794880829,0.0993883571731083,0.063608194164406,0.057794464310156,0.44015217946497,0.106401340937042,0.633618320438925,0.177397442434972,0.102079172877992
"SSA_00223",3.3049480869259,0.0316718824063332,0.134962502321456,0.0159171080081118,0.236122757075894,0.0206889716617333,3.83724634439665,0.612066900473938,0.0545088450351308,0.448867968439519,0.229068777030134,0.123562862584393,0.0920331624212114,7.15374231499997,0.633379692893641,0.050193509660711,0.0374800698969449,0.170342658250298,0.112619923171551,0.085307964274501,0.0688283262338691,0.0747610173619399,0.0842532448543612,0.638977865301458,0.115501566572372,0.695712349872933,0.197861365967172,0.0838037927273336,12.4998800037029,166.247172267539,0.138790611598214,3.02606271718424,2.9291350423165,1.89163521438814,0.133104855753371,0.108187577338355,0.08110976363322,0.0809829593963302,0.0569722692308688,0.420291076119625,0.0949079991259351,0.353018480811662,0.180897172923556,0.100986840649314
"SSA_00224",4.07178964402113,0.0279795760250421,0.123855184872897,0.0129809046641384,0.271654382803692,0.035251549381621,4.4976171782644,0.491853500209506,0.050133057502804,0.544036243584843,0.167237796499946,0.0984774865348624,0.132120659779249,5.73344211485833,0.730088373786496,0.0434007817269639,0.0455690902060286,0.192847300639973,0.102230578194492,0.0740837799625791,0.0975018534425562,0.0851226704413728,0.0849239118979601,0.873489458224196,0.119332863793751,0.703327534022591,0.276817691267375,0.0956212835352543,14.1110879084642,277.273747269179,0.121795487631793,4.02348438581809,3.08869618978471,1.3485283371444,0.108511752120432,0.114981740913509,0.099408671905143,0.0631323093062803,0.0652839461484867,0.433402413451917,0.100032146583073,0.622071462183391,0.25979057962672,0.0972589858143794
"SSA_00226",3.8341945342319,0.0313247576197922,0.102776585226159,0.0143736466097123,0.301809778783504,0.0217842247302114,5.19778642336935,0.666962404071086,0.0478707402084183,0.518140723522558,0.177340606492216,0.105088897781087,0.091924474375197,4.54196191614015,0.772663273448123,0.0415005870970865,0.0462685970507074,0.117029565717939,0.106840662708071,0.0845396470773324,0.0831774513181245,0.0889890151653479,0.0672590469444345,0.619044813487102,0.0962336239135778,0.806886971859017,0.2321302633846,0.0987682519259766,12.7306174460967,266.165660444366,0.075897290508105,2.14382775146318,3.34446555684613,1.27429313317617,0.140962752737091,0.0989854703041165,0.0768139777547005,0.0500174488135283,0.0621771898786542,0.429392240980586,0.0786188600263613,0.620074800456894,0.17667154147806,0.120483658855868
"SSA_00228",3.13119032906554,0.0378502145153509,0.112674112160148,0.0151642026827006,0.229843533874506,0.0222468449562605,4.2148789258491,0.553845847602315,0.0574820406955609,0.562179329467426,0.213961029464403,0.102822900815249,0.0903916652696058,5.80555936802304,0.687845004451967,0.0413518455715987,0.042777912033761,0.163422117527263,0.152201419607337,0.0863832740280122,0.0669945636134719,0.0659630192019847,0.0990619108899825,0.613562170182166,0.100917462386153,0.971854612114306,0.247485342822008,0.103799196778366,14.1574541299582,261.451111994277,0.110157335964456,3.36549353536011,3.00725986849106,1.41482723003168,0.137515819517918,0.0924313454144939,0.091182218448757,0.0574568640099401,0.0632946552977722,0.43505472511077,0.114189184894548,0.558917154277146,0.168033517897824,0.0946077260445609
"SSA_00230",3.34780041276148,0.0332233315727572,0.124815863030865,0.0156016559389988,0.257661278975965,0.0215789441835797,4.63941684459844,0.712676786186441,0.0436610791042361,0.495059073250836,0.224908600090253,0.111341792328729,0.0945887821824728,6.69788224721592,0.722687828324175,0.0398381244347974,0.0438659015882541,0.169126857209452,0.136967074412874,0.0895770380833301,0.0760151804230558,0.0832785566102517,0.0976545041387003,0.68912950793406,0.109968217273883,0.805171867655697,0.253509907759141,0.0864383172265154,13.2801675340252,236.673189493085,0.113052071521773,3.23963643904272,3.0792549205685,1.56000302254505,0.147942072923466,0.108412763145868,0.0898923272071594,0.0661839311492341,0.0638102260312837,0.468700194304289,0.097644306051641,0.5661403215103,0.203697579378734,0.0896719041162193
"SSA_00231",2.55984382719525,0.0313437790631025,0.134773839108781,0.0142190814014712,0.275288652597761,0.0223773522020478,4.8700378696208,0.540674828912732,0.05916944039461,0.567830613980563,0.207946469773939,0.130135215870063,0.110906140817372,5.75520999761499,0.76819749101205,0.0444349113952735,0.0424570337715037,0.179464274658357,0.127442538398105,0.0923116490171919,0.0729028097710367,0.0702299327135638,0.0919643263756596,0.630225829826468,0.099016929837292,0.769958026538712,0.239415797744509,0.0900175898150569,14.3341328987517,230.927436150164,0.124012230136541,3.1720510020436,3.08048463710841,1.62683462659912,0.135575960874096,0.108550760555716,0.0827036967974777,0.0670211051961754,0.067653155403799,0.446797471105981,0.1064004834962,0.562971981957692,0.190797001910466,0.105519329718045
"SSA_00232",2.82246152048215,0.0357349862289082,0.139628100745103,0.0180162281376882,0.257922552828818,0.0214633443576845,3.60162150283496,0.688757820873152,0.0536149765136042,0.48723767839286,0.200994499517031,0.120598592580813,0.0968600121463801,5.10620959765505,0.600948776129073,0.0409749008346666,0.0457541925737611,0.183838354477739,0.131998727514726,0.0947318701766455,0.0647322805509485,0.0614323963342785,0.0987804767142912,0.566435377159259,0.105801013651295,0.914026393809482,0.258832287925471,0.0771806967261045,13.3507111179354,215.517333190423,0.0965082229008483,3.33852784653672,2.92875505421041,1.67341869527532,0.160581559271858,0.0978402580618143,0.0959293166874648,0.0682222732666254,0.0543736427187073,0.488123042404272,0.0894920092111422,0.460426049744798,0.21025062303484,0.0912478254161202
"SSA_00233",3.22068743505046,0.0324424244512017,0.125676779301753,0.0174058834535708,0.237116747109724,0.0176731005813671,5.0792390964396,0.815291890152848,0.058346064651156,0.55400995638404,0.148195436960894,0.0986030854965668,0.070690376121908,4.26127717804396,0.744873808970829,0.0473140673253953,0.046145378458931,0.14653680451543,0.0989167736720353,0.0713715894314469,0.0769029070135472,0.0609900186644589,0.102188395280912,0.551141058914697,0.0891911368400847,0.767636614628971,0.209543880390756,0.11688894683289,12.5514928128513,245.339355221817,0.0851944126853163,2.43112517117426,3.23850352517817,1.59973403600795,0.1623358137233,0.0823758725636773,0.0882795320206461,0.0561099918390654,0.0471238717646421,0.465415063764524,0.102558506617501,0.542714744369388,0.174183929700658,0.0911248066323785
"SSA_00234",2.96183452202349,0.0307098219874177,0.123044569156721,0.0142400655659378,0.23079785036575,0.0208948868896483,4.05168408311782,0.633993915948026,0.0439627865115302,0.539496155509023,0.212958051191405,0.113235514072071,0.0870571833368016,6.14605586610511,0.658051318222651,0.0379463979084209,0.0407685457217911,0.154844094558567,0.128344704330122,0.0993736894879656,0.0637555177149518,0.0768286019689251,0.083715746116152,0.577196532471078,0.102272353884865,0.819107412115652,0.26017307833755,0.0684020632019949,13.1377702681419,205.745552033287,0.0777255182209535,3.16736880841883,3.05603448540233,1.68851992813755,0.133005202828113,0.0961961978789604,0.0866311610286445,0.0707607753723816,0.0557273739035816,0.407405623820677,0.100816907133203,0.48366599112683,0.184647893740271,0.0987319452388852
"SSA_00236",3.62128739004213,0.0270809886856049,0.155205880581356,0.0147546451835276,0.24497619825383,0.0229421799824033,4.98299210365417,0.512486544668621,0.0410353415577436,0.501022974048657,0.203636330775366,0.0961471662704005,0.0661478934099408,5.4686039960473,0.629135589061514,0.0394901737417565,0.0414946553007456,0.1604556309271,0.111868939537315,0.0687054493992587,0.0495346895742451,0.0634085052278892,0.106423819529503,0.393736036494631,0.105481080783391,0.751254109600755,0.224849952906246,0.109246767714171,10.0143005873241,282.260075290945,0.110648931307901,2.24655213458635,3.05477552317072,1.48664855282796,0.105865231284421,0.112966885591988,0.0909563558602868,0.066121594463781,0.0594958539466687,0.441688210043299,0.10764617475822,0.517434095581523,0.166232655374152,0.0775560022645064
"SSA_00237",3.34148390075586,0.0344205114611293,0.132212365593645,0.0159101075275014,0.23909273973305,0.020348121696142,4.11648780415531,0.568634288671399,0.061970392031852,0.584861576355458,0.18136840514679,0.118761780734673,0.0917032076166146,4.93044586947571,0.81445906567423,0.0441357507676224,0.0467108464801325,0.159068556720237,0.108264910572675,0.0845027755565256,0.0683024753590064,0.0708083869884347,0.0984670980844897,0.665945719508267,0.101717062621637,0.8435687250841,0.237696103181555,0.0883127854318956,12.2575020967016,240.037797654248,0.0973251666763925,3.69608501426388,3.09490094239045,1.57247098536332,0.172355126329005,0.086917080050019,0.0977688026858107,0.0632518307038476,0.0574386760809354,0.393013881007558,0.106096754252416,0.543371572838076,0.206976884762611,0.0943818652395026
"SSA_00242",2.91559774475122,0.0303220892574245,0.119596283704784,0.0157047528040482,0.297762885882613,0.0257475421609594,4.86174011538224,0.586511376025686,0.042500394057729,0.375624100571552,0.217396062940226,0.117096874262398,0.0973783818675334,6.12647272076436,0.785377619955008,0.0371588218031263,0.0434106853780242,0.170725872374638,0.0728240370627085,0.0737216211166029,0.0707684391572565,0.0795656399265776,0.0675617781122179,0.697423056003664,0.086363873772663,0.923304700411863,0.276787320217915,0.104582852451954,11.3558219134051,201.635611353235,0.116508689862466,3.03911530888824,3.17587304735628,1.53176913345228,0.12266842370435,0.109822622122806,0.0975500910948599,0.0644848185959948,0.0622806439145222,0.395127739309732,0.0868681041763953,0.450036064826062,0.215892335303932,0.0887530771710088
"SSA_00243",3.77602847587787,0.0316916973457925,0.153432036351287,0.0171419367365765,0.238447725198545,0.0214372053015508,4.12450343304739,0.582702772819748,0.045327165435286,0.518173589944269,0.22652280579163,0.123785677058737,0.102774532945085,6.33353636032309,0.733297245164957,0.0329007368181207,0.0376604047969184,0.160772595575806,0.116699227055815,0.0581907016083572,0.080179236383036,0.0732487582741244,0.106487142476345,0.676339919120416,0.107212355329728,0.771930802490868,0.205148818313981,0.105396156890681,11.0538474296417,224.383518506913,0.131943353877287,2.7946287879938,2.98670878360661,1.75101237338456,0.167617927572247,0.0928896773199119,0.0808155556586024,0.0641709557919645,0.0592801898958734,0.410812155459119,0.114190656389816,0.448601811207886,0.217056169191929,0.0795955063799553
"SSA_00244",3.64304683548209,0.0271279398936804,0.12030696889037,0.0150216514983182,0.260103788551753,0.0209479361472478,4.90596945547194,0.559994178866338,0.0609161602473094,0.481201124400001,0.17925997110725,0.117438721128425,0.0819316388052942,7.21949137367918,0.669562750886416,0.0546485131691066,0.037464246359507,0.130912349247,0.0845440938140677,0.073122109565132,0.0700139548254351,0.0742411523015551,0.100022678039641,0.624249125275581,0.0950412931071099,0.752564557203456,0.234752680892133,0.125188937591064,9.60060311253467,241.744578322521,0.108390267770167,3.43063149690941,3.15277623237238,1.79265192975083,0.143330054164764,0.10913069269391,0.0920637509007153,0.0667332737753582,0.0528241870490594,0.385175975228042,0.103652311397127,0.462094343062435,0.225139018819439,0.114493112488789
"SSA_00245",3.24820112975357,0.0312825454673296,0.140921299555999,0.0135511421001315,0.278114416637947,0.0190216106530872,5.2508032883727,0.676099064458047,0.0637139858399605,0.303697214006409,0.247176436996432,0.104999848078576,0.112446778205315,5.98584180707156,0.809840139510754,0.0540345894980366,0.0472618203513928,0.166564045619113,0.104640040592405,0.0947664300370702,0.088600789923954,0.0587405678102294,0.120933872958168,0.689085376982413,0.125717271769128,0.703197290012594,0.240779651966154,0.0790474809663602,13.2736384397339,237.244125902487,0.181471874023603,3.84096552449372,3.0096761194796,1.62613557954982,0.136620790598739,0.104019632479803,0.101438433034877,0.0737361673808196,0.0712103880970247,0.3894061164349,0.10276020751998,0.526744353749269,0.213903607303503,0.0925514588207924
"SSA_00246",2.89219753834747,0.0302227635517067,0.127811848365948,0.0125227409375764,0.291917598950703,0.0264157667224461,4.49944786684911,0.593004771672821,0.0519145897281951,0.473154766006879,0.231663774385005,0.113975763676005,0.0692947612559252,6.8447932454956,0.683401701121446,0.0416335668749548,0.0427538689431348,0.148626606174799,0.108013929593668,0.068964385009165,0.0631209095323655,0.0841685221953287,0.0892489970887729,0.618427989779602,0.110326424561213,0.966284092055279,0.258199282795615,0.106461094124216,13.0645386853985,236.391830330503,0.134431066044783,3.28169583955682,3.2158268064532,1.56906163114092,0.123015775696408,0.102527758824797,0.0851191938381487,0.0685978305271192,0.0646741626615499,0.4147303132672,0.0984104669800627,0.427494022594693,0.205918955091741,0.0955908620972632
"SSA_00247",3.79031779438215,0.0298341645553611,0.111231953198418,0.0129998128292946,0.233605344245352,0.0211372786688819,4.84464453580705,0.54886356592202,0.0503946814095104,0.507832048511333,0.193437192934543,0.107749454411101,0.0813526731431961,7.54923096358836,0.660972391172086,0.0446112869476158,0.0396932230300791,0.144432037186208,0.121020238224279,0.0729358278707519,0.0710718848612873,0.0749753188939976,0.110074033872096,0.577778089573528,0.101438760891189,0.85491799560561,0.241653868408463,0.108961339772515,10.1939602989767,238.171508150759,0.120512005870688,3.19546952112665,3.25219353986473,1.64062671595667,0.114516869709081,0.117615931721508,0.0873021019718908,0.0648390891728056,0.0561690459320738,0.39477059649129,0.106207653659005,0.432254270377818,0.239592915044346,0.0970156805801565
"SSA_00248",3.71446517566143,0.0324615056311111,0.117635014798417,0.0160872149044693,0.268193269146725,0.0202645690114267,4.18204176542914,0.715732085158466,0.041125192899382,0.45259045811454,0.22731717091853,0.103195699648822,0.0779269503423345,7.71880731695202,0.592849844630646,0.0487647090976671,0.0362040907778772,0.180473539467491,0.11382965440074,0.0963638097703442,0.0755826877650252,0.0916109648170946,0.0767423268513162,0.742018892124536,0.126439858079119,0.635207197757672,0.224218463191577,0.0908540529330603,9.68255606763505,196.119400464679,0.127983052814178,2.95349800192302,3.07828713452761,1.80948116825589,0.12682116315275,0.128338933959476,0.0870111735294274,0.076335715880204,0.0612563594431237,0.472383522629944,0.0733041731835301,0.446456505795669,0.193652907981684,0.0883328693417462
"SSA_00249",3.86466090845835,0.0278007027538873,0.119640195043101,0.0163031295252053,0.28098353256062,0.021491360487934,4.95611652550121,0.575734279968326,0.0625059161602941,0.490769744229519,0.190946860009724,0.11273752220578,0.0596204421161573,7.86432177482634,0.504071033771804,0.0538528923628477,0.0390451882509477,0.113895872022957,0.0946615051794434,0.0613175319494041,0.063122374606768,0.0781308678094278,0.107936168620197,0.504334280801364,0.103931202216575,0.77519547863899,0.242315138362588,0.114774683639987,6.762577117506,215.8206283815,0.113839583137688,3.37387322787525,3.16846002048822,1.86333325438517,0.124804343245787,0.111939504668757,0.0924528782663189,0.0681873194122281,0.0473155323657088,0.38356227476165,0.119915867385493,0.315083121679482,0.241849127573942,0.112050768580181
"SSA_00250",3.52264144249638,0.0261688048283084,0.159349426835497,0.0161948943146749,0.230193047947811,0.0202939798106286,5.06296470664098,0.735467671477425,0.0556778612904554,0.427283361119148,0.255064324456507,0.120576959833022,0.077913067712458,8.49176786934125,0.642157456500902,0.0473423164754268,0.0437554827498556,0.149730047535765,0.105728478556948,0.0782333128342369,0.0701005489566846,0.0744952409573947,0.123565768891571,0.632142713732937,0.120091283919154,0.801356437279393,0.233246561985346,0.105013794053438,12.1084969703403,248.291404932975,0.094276751773314,3.27935611089921,2.85579089911965,1.74119030462305,0.162194185892781,0.101326663203013,0.0924745500007403,0.0745106199481849,0.0645897993923644,0.357854353273312,0.114516546277712,0.485318880337746,0.193463010540734,0.106981328539814
"SSA_00252",3.49382616441618,0.0289974740202691,0.122583487806097,0.0147701916227023,0.235914453365051,0.020102750856275,5.24783837537464,0.757970281982,0.0445844978519216,0.518824324540867,0.160182092902891,0.106460272177416,0.0737641439315637,6.4562801377123,0.691255331024728,0.0403542604985621,0.0429139979997584,0.171450140365625,0.101257152131777,0.0671182917962335,0.0892451967684834,0.0729055568552257,0.100147720634771,0.624082139778999,0.10301860817168,0.840092417105085,0.21664027433804,0.119842936723283,9.8377433924814,238.003056874019,0.0956898741091415,2.15858021080291,3.09812667056629,1.62856345889914,0.143609971833784,0.107630782703298,0.0768668266668371,0.0666877784650201,0.0490395388555241,0.407370862959155,0.0827584196394172,0.504522321958103,0.245823994273668,0.0944724768294338
"SSA_00253",3.56786434310366,0.0329250664951653,0.136121550796117,0.0138538228555938,0.281223743676091,0.0231094007390004,4.43034827836636,0.637698100740279,0.0496555421405945,0.516312093214315,0.242755033633358,0.0964675686298649,0.0899684913114028,6.89239657431117,0.743572322072807,0.0440359036684796,0.04187387466127,0.165534488721648,0.121097578782267,0.0852275000129893,0.071136544177296,0.0756738668305487,0.0925102054632302,0.720246537279745,0.11396832689796,0.819555515140691,0.221821551822364,0.0981986086466468,9.09508769687509,214.058925977298,0.123716633309404,3.46925030432176,3.06114531169481,1.60493258347809,0.114460512552689,0.108001968079833,0.0830647875391502,0.0695527444138391,0.0578487431758019,0.393045108975607,0.09616867770669,0.489872868279781,0.207350247736085,0.0857326191182601
"SSA_00255",4.26466823769848,0.0337018711645092,0.124666781484405,0.0133021324360955,0.234205872901992,0.0249351339044387,4.39720426872983,0.667929992076279,0.0651974795767732,0.652810487707272,0.199393611939037,0.122962028003278,0.121643192809294,4.39315072301171,0.767403280447881,0.0400893577071575,0.0433798674875986,0.168390986179668,0.127174912215016,0.0796077442799201,0.0874664645792262,0.0715987139262516,0.121077332888819,0.750499035246858,0.102107900358049,0.970861578783622,0.264080101959253,0.0826668140281056,12.075150394476,243.395737124675,0.104422112604982,4.03617792654492,3.22067675910687,1.39325975455797,0.116315142256493,0.0949251359604575,0.0737448952792845,0.072408166580191,0.0482917970851354,0.427267869085059,0.0816751183025274,0.511065472443787,0.222964405768181,0.106352288337738
"SSA_00256",2.67744984467807,0.0313125711208315,0.129452382857749,0.0164217581754269,0.282721140798545,0.0216715371461968,4.59109113488277,0.730341480670985,0.0490228500359113,0.420975179495571,0.199787182631388,0.122848015935023,0.0766816838815275,6.4580366244106,0.664150536198279,0.0427866940029873,0.046013520783807,0.176117739943403,0.105624864774724,0.0993553940716722,0.0749168231066054,0.0747053391893987,0.076616325352788,0.580348503535786,0.124103868792436,0.83143464999126,0.227147934066435,0.10107275330954,11.32162009179,235.198024932042,0.127969150593119,2.72510248513123,3.1851825124657,1.58410208921747,0.1280319429451,0.114423346662301,0.0957264689467364,0.0655340909892654,0.0617741066138891,0.481861034069392,0.101629113173602,0.49539013567552,0.219555637591636,0.0909073532441288
"SSA_00257",2.89955652118734,0.0354904885823067,0.128410442950849,0.0147920203278836,0.317716183941045,0.0218482573246241,5.04626173730764,0.531731154910215,0.0603893681251531,0.547688513366729,0.201831961796556,0.121032998220004,0.0939790443182701,4.16878101300663,0.705286111139854,0.0368633446089055,0.0416806858241677,0.144138801369276,0.138780618251425,0.0818015794544247,0.0727180299537534,0.0868401571805914,0.0743460495466678,0.610609372420918,0.0963955543050826,0.799012440674551,0.250748742060848,0.0908234292592846,14.9900894095046,264.623688276609,0.123613463198179,2.37733801904572,3.20939556550103,1.54032257998876,0.144893012202586,0.0884829932761415,0.0913143793076426,0.0649927300095629,0.0624329772784691,0.494838633343402,0.0821687471974622,0.65695280931826,0.191380823024679,0.0955538298231857
"SSA_00258",3.08721510202918,0.0272461616623992,0.128271907714481,0.0105944147025414,0.271218660132271,0.0232880116845043,5.49227404964857,0.643432860071877,0.0379837327574335,0.456234305904808,0.210544133340809,0.118963044995308,0.0741968704182998,5.41424226303197,0.856278617627656,0.0396874891539866,0.044780255084661,0.153187324032695,0.106255284191066,0.0912543258803418,0.0646782468345362,0.0925971527145816,0.087755263395756,0.543119213128914,0.114899890687706,0.792955423085241,0.240238132135577,0.107157391729417,11.7316729171634,312.876533397575,0.124168679149934,2.71952128501919,3.09861546390882,1.53409356047946,0.117520759681443,0.0983614553571598,0.0917895921985211,0.0656209269086513,0.0665200953175514,0.45362184742114,0.103419754453332,0.627244257627205,0.1722541946784,0.0851279758498775
"SSA_00259",2.86022442332498,0.036712393267648,0.133199794306747,0.0213954980385776,0.237186546234534,0.0234872512290217,3.92775212425472,0.889757386150131,0.0552987049601565,0.446983404170649,0.223428361158014,0.126026079335347,0.0896060280625349,7.01885844118336,0.70302566279635,0.0407620136036797,0.0416823870365508,0.175275985267101,0.144895886228644,0.0637198969940703,0.0858842687776201,0.0629893487105468,0.103459983050729,0.63104959272794,0.0994594933041807,0.968895299834629,0.265362532610901,0.0952941284669626,14.8591887344657,173.695491982767,0.102582336973732,3.34544632788997,3.02910337046783,1.494585119859,0.176349651908347,0.0999612868705877,0.0844625090858833,0.0652181504744768,0.0574655897749803,0.431180392687249,0.12155004620198,0.381979193699611,0.166817880506849,0.103318378716975
"SSA_00261",3.46051189338961,0.0350457606887127,0.113392575033744,0.0153779352747359,0.279901394084971,0.0238051162411008,5.5417433761158,0.595424023639676,0.0453702622462185,0.530441890267991,0.196056797589964,0.109667304695929,0.103193482280447,6.05418754014514,0.729730099165601,0.0480220604799185,0.0355926403166702,0.157058555362771,0.124266505545937,0.0697918923259143,0.0904261295410905,0.0789091994908305,0.090533758299069,0.676095446649079,0.0894235677913452,0.9381871399674,0.294083675539582,0.091381792657964,16.1530356461205,250.787840414793,0.0944506374690173,2.98251599518086,3.27158693886676,1.31704922012845,0.155770617567307,0.108556661652989,0.0778498582692234,0.0568262855105253,0.0673304912965654,0.398391928917693,0.085606136526365,0.600392611747394,0.220220342585102,0.0987363927822371
"SSA_00263",3.07235208271584,0.0340114291909627,0.105258806338629,0.0142351499626923,0.239998651016765,0.0221523893803626,4.55588176784893,0.739129138146814,0.0498739088528176,0.507219405567255,0.225625076590669,0.114156411381982,0.0912382028195321,6.55255811522812,0.735333024286612,0.038889532814693,0.0454597835087201,0.166900986076472,0.121887760601872,0.0873067413136678,0.0748145731120509,0.072109047021616,0.0840458576698984,0.617211505799239,0.108262629192956,0.833581637048307,0.252109439882987,0.0984066809012484,13.7855926159366,217.721774732092,0.0977155612143676,2.89272178227898,3.16989752172563,1.45155635004472,0.121651232813489,0.105510098631145,0.0839174070228153,0.0645003672104873,0.0608093675883136,0.419867293191308,0.107408543152587,0.451839707790385,0.165299363423501,0.105328758674283
"SSA_00264",4.1889387989547,0.0217394582184347,0.111113857610046,0.0161883546293654,0.256670235526003,0.0229016468893562,4.16350170848576,0.653447631041893,0.0398252261311382,0.408803208422841,0.159630487530448,0.125146696356484,0.0703711035835669,6.31570256741678,0.569703858021794,0.0450254028882707,0.0513701484458461,0.132272093889753,0.0945163429227841,0.0735074979695633,0.0750020520442684,0.0765586930697986,0.0944612804195348,0.470854544808391,0.0953371222951622,0.715356312250823,0.174974894023064,0.108896188522367,10.2457542936791,312.348686704839,0.0424949432483159,2.02829316807126,3.2267126663331,1.51628385209208,0.145819226835591,0.0866644987384223,0.0890831640828144,0.0671784251094411,0.0540331547439702,0.39559279588728,0.115687430974158,0.583614428569774,0.211531336974091,0.124534767937308
"SSA_00265",2.63936223098161,0.0291323944234372,0.139061462099844,0.0182033395822288,0.293305337530934,0.0201918330642882,5.26003518505276,0.822369395779741,0.0593641169654625,0.411951685087667,0.269849211678152,0.126037544913795,0.106547620807774,5.683746928887,0.833662914904487,0.0526628893198044,0.0461901978650135,0.143255198788652,0.121260783974367,0.0791394091516884,0.0954648615542043,0.0574517364990057,0.111798796756062,0.611112147440625,0.128425170407447,0.747084275590068,0.280052629225095,0.0684340184567047,16.2861786334059,264.627543688278,0.158682588183521,3.84155532881862,2.85378745780339,1.79594788735694,0.161796048314477,0.102599445371853,0.089293551400948,0.0723254812929333,0.0768967983762887,0.413366513354571,0.106769170311239,0.70450225081229,0.13918534202157,0.08242377735447
"SSA_00266",3.5365115793319,0.0313768766677497,0.110390901994604,0.0126043294698864,0.244234321375076,0.0223468889991254,4.57809369572906,0.640822736963307,0.0545859277261205,0.510410544031604,0.188157368310103,0.112651863198245,0.105997129126409,5.58299433871767,0.772920104707885,0.0456519973148971,0.0443702893418588,0.150835742947141,0.116009299793153,0.0897303017331358,0.0779771426617967,0.0680639128672659,0.0958330713645339,0.68875255751999,0.0980476340277999,0.815716563637433,0.223633045445626,0.092347713440727,12.8148237103203,244.632804781262,0.105619618981774,3.20817304015605,3.2158610237585,1.48736346246351,0.138353295077042,0.108714732415879,0.0858494382357013,0.061016691389326,0.0615675866331429,0.375800676723068,0.0931987651390732,0.450092064802288,0.192089018540731,0.103514721634943
"SSA_00267",3.18256630940959,0.0355379021194298,0.138562865400069,0.0145854265435114,0.274655765940413,0.0251858358180671,4.7869170426498,0.689327874893168,0.0623206494920568,0.566844850328198,0.278552458814521,0.111187214335587,0.110058892237659,6.7084159547279,0.716157839543365,0.0430223313415185,0.0448774607974626,0.157064188518729,0.156671243534545,0.084370864871352,0.089607366383634,0.0816138013758164,0.109122355805072,0.704396352903036,0.102283054345167,0.959435664142385,0.22650962317978,0.0849175306234056,13.8751964125972,186.409279791919,0.121532658898893,3.84799379358376,2.97814670511984,1.54762625300502,0.172644212244031,0.0985838741058898,0.0825424102324412,0.0680713395997178,0.0541515283967408,0.368930448314476,0.0901671121127729,0.330412354808278,0.170243444366092,0.112970478035484
"SSA_00268",3.2856486590582,0.0301764964332205,0.131210369768642,0.0152064798958486,0.248171781536102,0.0190959817501229,4.50729932790638,0.500918696499587,0.0501217461395063,0.541290290813113,0.183684430015011,0.102258047941143,0.0919321088936783,5.36498059053134,0.759467665244403,0.0472743658112072,0.0427273006693088,0.156717045496759,0.0920966703538755,0.0956851563132095,0.0611212521494345,0.0714050096169795,0.0983005822492245,0.519850405845764,0.103989201888086,0.763212253785398,0.23843220667387,0.082251790015607,10.9593329312482,272.623945579182,0.122590025190036,3.14199174898327,3.05662736105151,1.66296822481959,0.116748866520725,0.0998606273997858,0.0916399210952352,0.0703222756601911,0.061696087416254,0.44981101646201,0.0939369551094525,0.613661826778496,0.211235210988528,0.0926164080336609
"SSA_00269",3.13460222719651,0.0256799648270468,0.144257044075004,0.0150254966146662,0.278696106681462,0.0185826594198524,4.7194492667833,0.549437682658392,0.0704826585825284,0.51499075836032,0.182842257958885,0.134905669841085,0.111665410119551,6.6905955647548,0.644819454759996,0.050465837829451,0.0377025150128063,0.199241817189438,0.136024846059852,0.0897471948067473,0.0738852907586022,0.0608475680795538,0.114473574478965,0.60324094625765,0.101809902385685,0.735096010643531,0.190004545608804,0.0750692183978078,14.9869817713141,234.443968403073,0.120467153314884,3.15316838678678,2.73693031178411,1.78806185859479,0.157974858231152,0.105191249621042,0.0797109111775679,0.0686674317580398,0.0641630542327454,0.36311171448593,0.12101218359229,0.41999508757361,0.192680645903044,0.109263163353868
"SSA_00272",3.36417041547601,0.0324549761750088,0.118913035666907,0.013522324281258,0.220466369571735,0.0225907983924851,3.95343854775865,0.671593582939687,0.0535702214029799,0.442882892221534,0.19848094572699,0.108471378561806,0.0617401512876052,6.42405190648305,0.60430914632715,0.0562129064126001,0.0452923406217627,0.141953079168456,0.101990155146393,0.0726644325869981,0.0574419091425572,0.0622373007268412,0.10060681483556,0.460645941006,0.114750898541303,0.778017237588351,0.230726561458141,0.103643796912364,7.96691529071595,253.004870164304,0.105187958698696,3.45218076028117,3.06338525686446,1.58002668840799,0.109044456978062,0.0904707581899544,0.0817278879359928,0.0538560292131388,0.0462001252605582,0.443460998443022,0.127203855925728,0.370622619631923,0.182536248762223,0.098500078266871
"SSA_00273",3.65150081133026,0.0296315914116392,0.138295429827686,0.0155126495862786,0.265943611669472,0.0205167329950354,4.27864647333078,0.742560475342943,0.0463220062054211,0.453900785595203,0.243762635607352,0.124836733852501,0.104295121463746,5.96520504376775,0.711952679399112,0.0455249015989569,0.0405855639691416,0.159188075131732,0.114549286225003,0.064450379703374,0.0768043617120171,0.080227398605153,0.1028098528189,0.654219749814363,0.0833711744624667,0.769867532233359,0.233221405315611,0.0983483905399686,12.8749307061864,273.134114089533,0.104124370597419,2.66921632950043,2.77205702483629,1.52043605832759,0.142854016890466,0.0906438643128169,0.0819822916977308,0.0692550523038728,0.055761105155955,0.374351830594189,0.0994764589861711,0.562307171890905,0.144574403697333,0.0935472451726335
"SSA_00274",3.67913887205984,0.0318571710810251,0.121633265506093,0.0166773235902362,0.257890198871331,0.0188685870729562,4.61676035765927,0.765924754213135,0.0581705659140386,0.628967746423589,0.18876489034058,0.107410644300015,0.10397887639795,5.79468982637812,0.720271264557935,0.0492066386905393,0.0423234059565383,0.165476367330512,0.133849208436316,0.0805572807635008,0.0800175543093039,0.0838455282071631,0.115968398741411,0.588864003365675,0.104183820418249,0.872906513888315,0.283148760530014,0.0843491234668572,16.9083997517598,272.014486839593,0.0688378428021813,3.79556385310288,3.16187439719293,1.44632766931019,0.167808213716401,0.100305748596425,0.0882658448009192,0.0629792584434226,0.0608385328477416,0.450382977254024,0.089235228819403,0.707538371239843,0.209012359035937,0.101560353299241
"SSA_00276",3.89882790003515,0.0295059395208755,0.118552673008793,0.0179165455748928,0.207374937530942,0.0211954788570806,3.81825634476208,0.763315070661575,0.0536351147139083,0.556782703842502,0.196362078525141,0.134886094015695,0.0798591484061194,7.77512332277865,0.650234348173237,0.0393354250700193,0.044056382789048,0.173191650540073,0.106858648307466,0.0613614978716088,0.0843287969023735,0.0876318586143058,0.104244966156979,0.734268196041665,0.106374721686921,0.857312329659615,0.21492451335203,0.0936342452701495,10.6204837093934,221.330047330949,0.0950459505236702,2.59176101595165,3.06982700496166,1.7677853636728,0.139723052848155,0.116307733152808,0.0842042306857493,0.0653673319637317,0.0606025619484592,0.352329733227978,0.128954769101288,0.359999191368155,0.209168068199309,0.0909138656280253
"SSA_00277",3.34352290808375,0.0256877167395353,0.130699214410043,0.0155263392681516,0.257194230748619,0.0208782251632376,4.85221473163256,0.69148595334439,0.0455194747729933,0.485558145553466,0.235229327943987,0.102958389523119,0.0812556597090642,6.19579308522952,0.740862049361249,0.0458329871820116,0.0458742440498794,0.161876922181037,0.111745278648425,0.0968573988539555,0.0842714079390213,0.0671025036822875,0.112144690276622,0.582200948523287,0.121851574627665,0.746934394510173,0.225812344778851,0.0955014847436725,9.97253366235308,271.097274324827,0.122401491612992,3.00466474231339,2.9293548028681,1.57723733269712,0.120130779350413,0.110954736514412,0.0915740051079878,0.0677858443108878,0.0628095913553026,0.404083029120883,0.11256734558264,0.527720173514083,0.193290827839183,0.0834815691541717
"SSA_00278",3.01931627243513,0.0299143821310023,0.130761681079798,0.0164245265217573,0.240984952110103,0.017768119954244,4.50528665613126,0.643040830366202,0.0608424962093688,0.469237365927016,0.20404108813857,0.137346731213748,0.107725426461456,6.29644239799782,0.731789267078582,0.0455951056164162,0.0485688119682681,0.180081845996448,0.118671018910988,0.0784806380660512,0.0773391645313511,0.0570794996846905,0.106407871100979,0.629197409735602,0.100640857814018,0.730482565116179,0.259928043880508,0.0820831563694531,15.4197432238733,227.893489658677,0.136896975425414,3.38352867689535,2.79972271558499,1.83247972829008,0.169483538333875,0.0810785777638206,0.0933183414257654,0.0693213373425737,0.0636359423901654,0.429030771409626,0.124502267529809,0.504981995052426,0.244598660790047,0.0905816533267327
"SSA_00280",3.56494533010627,0.0394552328712354,0.157538507380311,0.0168244707234252,0.264154285182195,0.0209358732856949,3.96582267743672,0.499745238301674,0.0659082317513915,0.652721343871825,0.195470638263175,0.111607913876038,0.0913105889212917,5.06588859904881,0.750517214241303,0.0395082416472582,0.042680174607658,0.141019245558059,0.172213211643374,0.0903206247084126,0.0814622050982972,0.0725693232125101,0.113115577468431,0.661871394008388,0.0992709423904978,1.01261996687141,0.212913507988469,0.0813128092346739,14.4748446759057,213.346876152989,0.113061172836835,3.32546293433223,3.18992044713258,1.45221640017124,0.200419381213317,0.107594922015322,0.0829281450429424,0.0638286844183285,0.0633730849475705,0.362713775210128,0.109716869592902,0.392131837434799,0.226235132425975,0.0770989829895753
"SSA_00281",3.37960644939316,0.034146769535138,0.122938322796786,0.0113775042034516,0.243055488232085,0.0228532476200945,4.79901644148259,0.64055658072164,0.0498130043412275,0.609456394696457,0.221376832734796,0.0953916507045295,0.0928270419265236,5.89899792591462,0.696798417599958,0.0445930921157124,0.0435809237986226,0.175671979925322,0.145344072881809,0.0902581207057953,0.0673146624292382,0.0696960548773192,0.0989757440988198,0.60917381728873,0.109549339690551,0.85761288293477,0.222948642721792,0.0932937581042213,13.2996369967019,249.608473755344,0.111997340442678,3.28447823122956,3.1362270994376,1.53803102611932,0.118031979297413,0.0971505235805212,0.0850145931916272,0.0610056294433752,0.0568655669174246,0.435564215351506,0.11790159799339,0.517605038118548,0.179234430509342,0.0955810170060862
"SSA_00282",3.1475954321953,0.0358982744136254,0.152137268665594,0.0158748442231607,0.242703957498611,0.0207710807602529,5.07048292282839,0.645050860928488,0.0698624097897939,0.458072100020819,0.243278051182978,0.112661220064359,0.101605103062526,6.33749292172651,0.67996488641017,0.0457597922609809,0.0439626662718149,0.151890709345612,0.154830535847137,0.0758243319589491,0.0662531757048868,0.0704303754977987,0.112709437395705,0.461565303647582,0.104801153901018,0.92018760883407,0.260833697634622,0.0561900679453919,13.1407450343512,174.299256937255,0.108737381517849,3.26146780509883,3.04478946205328,1.79068916090643,0.177705781949365,0.0998381293245263,0.0740324118076126,0.0801482504608575,0.0503133016833137,0.441628212438064,0.102325058839014,0.297585018658572,0.236223215792318,0.112059346467454
"SSA_00283",3.02147030063737,0.0284107642920112,0.110487604520933,0.0134161891446509,0.257104231616634,0.0206588967187248,4.72800646648614,0.620523016251571,0.0453418914019203,0.488964015578956,0.230410844626516,0.0955947359447829,0.0827131145365175,6.15294245082565,0.729360076452105,0.038000735407014,0.0477440934824773,0.160096341933581,0.106946292195442,0.0833164114671258,0.0643822356910927,0.076688044814264,0.0861047992808331,0.536482225527752,0.105407824944917,0.866192301742145,0.253928595040436,0.106238698520251,10.7188678062196,261.645656420385,0.107248905815818,2.59467751427497,3.11083989246415,1.58104844515239,0.0979826371080017,0.106943538551552,0.101563911662544,0.0616744407834764,0.0577454731102312,0.414952814223811,0.104066264664551,0.556973596932996,0.204523929458023,0.0951387887726212
"SSA_00284",3.78705508137824,0.0311114258462639,0.138614461286166,0.00855837162524285,0.241419942706154,0.0233253149210828,5.34090230181319,0.390427861928211,0.0543087567350794,0.671618914411157,0.242335407841464,0.0995538044750833,0.100079572045394,7.69559728835207,0.652901819430472,0.0397811451121242,0.0396426371496301,0.198032662867184,0.169564578183635,0.0947658407989855,0.0692962204598102,0.0741518340330389,0.115336899492213,0.613599871914895,0.143641729015433,0.825823450913705,0.217564335652482,0.0716187057630065,12.4397984769828,275.483592592757,0.178050166853797,2.75612396223123,2.88806882581154,1.70094357805409,0.136575300016076,0.113479849469915,0.0774819279352773,0.0751960512549761,0.0687904203950007,0.441510115341755,0.11791631909119,0.576635437869976,0.191995149065902,0.0827256837068272
"SSA_00285",2.96295427323518,0.0301416515418283,0.119329487162957,0.0137173958368983,0.256664072125519,0.0195959182580194,4.35870029602002,0.668256226147429,0.047166842236553,0.460880066679072,0.179477019776595,0.114815613464689,0.0922835276648711,6.6747799573503,0.737857029228893,0.0468699065554599,0.0457950580886348,0.180185907856389,0.116201139278562,0.0893277414171031,0.0764387858657455,0.0781395836403762,0.0971789988966893,0.615861869100213,0.114501777425286,0.825587789183282,0.236600556774449,0.0966343847744157,12.005020102039,255.402945089786,0.125370315297592,2.48948975043661,3.10735570247679,1.57348931907611,0.142868297159797,0.121863816382792,0.0898909780923511,0.0633893327761353,0.0639717734769729,0.421786811997638,0.107437208752456,0.45729600217019,0.202516970070166,0.0969483860447231
"SSA_00287",3.52230660510844,0.0318761539724546,0.146304593712103,0.0154515339422409,0.256118201426611,0.0215724522513889,5.01210616943164,0.627758852043931,0.0439318674143005,0.485636510160766,0.215418768749421,0.121404549712671,0.086600740106348,6.48643724664828,0.763539894512472,0.0397196866377586,0.0384252589357496,0.195820485507232,0.117294087597103,0.0877607857531804,0.0628566103124554,0.0870543330858455,0.0831058441265595,0.606314149815127,0.107723205370226,0.755352144779188,0.236378480412931,0.0966190069384202,13.0295464853596,207.759860282656,0.106989817378276,3.28750204308324,2.94078286630396,1.6321953619249,0.129086870756421,0.120557145458246,0.0804150540960486,0.0725610719821665,0.0546780106880045,0.519885366525893,0.0783832271161115,0.506627403565785,0.246461686926819,0.0938591922056895
"SSA_00288",2.93979438156395,0.0274518833066682,0.109492747854965,0.0140519308509457,0.272720608790447,0.0222410669959582,4.98588870491599,0.518612023022608,0.0662172524288026,0.518079317344855,0.203228657792455,0.0989313697102413,0.0888525188500061,5.99255259498113,0.744002940966706,0.0503275518761366,0.043315965227515,0.161121944764346,0.125100501047391,0.0783495094224195,0.0818817756329208,0.058988322789743,0.111342160490048,0.496063279450627,0.125264775223312,0.738789195294329,0.269725735376144,0.0953500702036838,15.2645599159021,226.212498587818,0.155669777249319,3.0545020078832,3.07894557172417,1.83041312841228,0.13625315113455,0.0979294916090392,0.0848753739911522,0.0708568357085479,0.0725060851580521,0.392480846050046,0.125331687018022,0.498328046507075,0.250432996010699,0.0909834637357054
"SSA_00289",3.14986621389908,0.0308737042480489,0.167448092412563,0.0154728522399072,0.210882540104504,0.0224238996614262,6.54742429954736,0.742968803954651,0.0598323624846618,0.385121851975785,0.185709559904299,0.126180689124986,0.0842695483119034,6.83429973270105,0.765938665187346,0.0468311686451971,0.0419806925467562,0.205049169158739,0.137552711413026,0.0669552475074187,0.0787686752730198,0.0814733410924394,0.118999770320277,0.663595623155087,0.0990483730331646,0.990272393241303,0.169887684779302,0.0956967177399566,12.3688916280181,229.031285323929,0.133967375679813,2.14681709609849,2.79041470490604,1.63294642044647,0.141002119170808,0.134288849309866,0.0725067645409838,0.0693677015293145,0.0655889152488859,0.432101600385836,0.123952961786947,0.382104323492212,0.18783404195173,0.0997291446027911
"SSA_00290",2.84995674561762,0.0393041034309408,0.115100041585689,0.0157604536640083,0.273042163542515,0.0199664068123632,5.13961162524529,0.370921707161803,0.058826168244687,0.448580063242515,0.201860113869979,0.138336821702834,0.0986317520760822,6.62279406266051,0.851646781311159,0.0463167277196575,0.0413574132150612,0.212806680058879,0.112183897140599,0.068249056033815,0.0810019390152954,0.0650740223830414,0.09970587896595,0.551510000505829,0.111964388258774,0.809421317265952,0.248221693932198,0.0981694739040175,16.5757020426504,160.535033725833,0.107557360662927,3.40854993658709,3.14605462568271,1.72156270526852,0.16495809585156,0.105891400572522,0.0890966767252881,0.07083828816793,0.0627613640210246,0.401525689867259,0.0878471279530681,0.433389229741373,0.210732520283156,0.0895935041474377
"SSA_00291",3.27798041320509,0.0291022060944475,0.111219884308314,0.0111357471465963,0.238699060499005,0.0201309289343183,5.15912013888354,0.707997403987049,0.043721543573081,0.422465855977208,0.152137693653627,0.115951371897644,0.0866820329990842,4.6694366412134,0.851437067726627,0.0577244596969988,0.0465234632720891,0.133291726958915,0.0879028765020473,0.102532974370726,0.0735908091253632,0.0698506453186185,0.0957054257910015,0.591499468646148,0.108982235351021,0.823678779640899,0.203683433408217,0.102157373766499,10.1935043524957,301.0081010487,0.111961636065472,3.16889421151508,3.22684905255458,1.42811728172328,0.104966086965324,0.0998489364347221,0.0777786311631165,0.0618749875342074,0.0564958669521974,0.429804316693483,0.081541057720391,0.468934620990955,0.177585873013213,0.107596521959162
"SSA_00292",2.88687632751348,0.032393049254793,0.143533690499935,0.0143953796186594,0.283788890037443,0.021314916888647,5.17687806676231,0.71392912588447,0.0629488107111212,0.630465900918615,0.17970555536953,0.0992218745358059,0.100584672348975,6.27750582650976,0.762150290082345,0.0577505316331106,0.0465748935788221,0.173604092221086,0.154672201139601,0.08421553286229,0.0795285300670479,0.0713959941962283,0.109707853748632,0.532551852880605,0.123915411137485,0.890723903283327,0.226606246908727,0.0949099335449194,13.5818586388342,195.328756386751,0.0955120438988067,3.29478819513361,3.02864991601945,1.48802077038672,0.170863840407585,0.104724180602021,0.0978048708620133,0.066591995442035,0.0589911391816912,0.421923003943224,0.094547183226827,0.449735120974569,0.247502727315055,0.129096283593584
"SSA_00293",3.49645514427539,0.0311818575808474,0.145697488479778,0.0144211457661822,0.268974560103847,0.0213072701379011,4.34534588173133,0.682167176913019,0.041668997983003,0.510188239415776,0.269159611907457,0.11333468974285,0.0722312763404213,7.50090424631712,0.722441270850295,0.0495552898652257,0.0440771141072891,0.178363304352559,0.0886252451612667,0.0691552071715656,0.0643891964353176,0.0765531921627271,0.110392332041248,0.559999736522476,0.120488009923974,0.870519845251599,0.248789074904353,0.121573062830501,7.36317505344237,263.528764051115,0.0973308092420949,3.50324370528875,3.080153796189,1.60753351337457,0.130810037551325,0.0945770113933878,0.0972323606377598,0.0684395167907909,0.0465977952497866,0.443475558274453,0.0919736076275037,0.488740868203302,0.179750633875748,0.0979751866270804
"SSA_00294",3.10461090390826,0.0305635716188308,0.146294150718633,0.0148395219021713,0.311806961151628,0.0236664299600014,4.8194572760097,0.792357014162397,0.0379446935820777,0.478647500631452,0.2242912063662,0.115298949233611,0.0879988899128572,6.11821250818646,0.665501338617542,0.0439795805118112,0.0475384427579109,0.191309041480972,0.0971171411786581,0.0842191787356218,0.0763264014398018,0.0688709881493386,0.0786222300434164,0.682368510022549,0.113728342054708,0.843186589341213,0.269488991640868,0.0977545910686825,12.506903160384,262.80486311107,0.092954536941264,3.89135796180491,2.94961505838552,1.45538611643079,0.112429720174425,0.0985648551857671,0.0849227935415433,0.0649398687310032,0.0511529502225299,0.466047484961182,0.0916577255615016,0.493676603090779,0.16390494994194,0.0901747117950203
"SSA_00295",3.87799460986906,0.0309803046618069,0.133849740058906,0.0152622122693299,0.285333327606077,0.0218243273947447,4.38204330065578,0.648811216980931,0.0409874259094262,0.510983863250629,0.224819447532075,0.108257517947384,0.0916184575699658,8.10515004199579,0.709588571399925,0.0446315326382815,0.0419337721834576,0.168627162085044,0.146756160082408,0.0812068095632576,0.0736659959775522,0.0834348476223896,0.0992368214776869,0.682561736020015,0.107145746554507,0.794108624539569,0.274413944426796,0.0963662984744046,12.8612451293478,246.743553314975,0.122795001983033,3.63221222619853,3.06855359633163,1.61957599654462,0.126603552506077,0.114161270836432,0.101213335351637,0.0663588445670995,0.0636534705204082,0.432377894101269,0.106674045122978,0.580726638584529,0.218171490124845,0.0847751480394866
"SSA_00296",3.00175384643518,0.0318644787686672,0.12627303773629,0.0148916069470863,0.264935580463603,0.0210974704763196,4.21079214996654,0.581828120981005,0.0445156517484616,0.545307051903464,0.211295118469828,0.098910664196526,0.0896320291642916,6.69950788443186,0.744602494670329,0.0458767018639066,0.0445320351563811,0.166525648827468,0.125763768788349,0.0884212250805652,0.0726026167237,0.0719656124065519,0.100000245061663,0.62758296716753,0.115497940057042,0.885225197846529,0.239002990747242,0.0950379444359933,12.4060929323257,235.699083990226,0.123758530750831,2.98590426700726,3.09080062381764,1.49313258356225,0.12570399392443,0.112543025413302,0.097186790987263,0.0666034348490115,0.0638023993206143,0.414748434453757,0.0999614642064608,0.558580137424661,0.22308990817173,0.102938404242629
"SSA_00297",3.10325869975953,0.0290984987420684,0.156179575467518,0.0136052869243781,0.268978970952264,0.0232971071911574,5.29758818455042,0.574296678798236,0.0469074927518198,0.492942775290339,0.211465221937149,0.112526599726885,0.0731762575679566,7.12798797150061,0.661266111198353,0.0515008161191451,0.0453720280163247,0.169272563258346,0.144715892683925,0.077602640268175,0.0727764337343506,0.0596664558537677,0.114190132098274,0.581324764122555,0.0925536463017463,1.08465341409143,0.241391763035793,0.103019007199334,11.1204739722223,285.012208695801,0.0992731070374056,4.22090951210162,3.09439264691485,1.38369563671684,0.157668356767435,0.0954677964300695,0.0990018795667456,0.0541022336501185,0.0517931362070471,0.410030313637032,0.129921583073102,0.410092832569644,0.191352151787517,0.0897205581415906
"SSA_00298",2.4609908016772,0.0307280718198637,0.13704688766571,0.016511359318111,0.279222577752533,0.0194019450833779,3.60406641907951,0.540898386927266,0.0533785625756766,0.601642235898739,0.209428946035229,0.0763525693304936,0.0848023237092587,5.28070078400329,1.11619911708764,0.047516465821231,0.0467098594624994,0.151583362966526,0.128668807788425,0.104265066667992,0.0698727119262649,0.0587242432700718,0.110865959330414,0.491305626067877,0.123323287537937,0.967554999553505,0.186563774300684,0.0969122393180633,11.4794022651858,240.150516945474,0.15116429124492,3.45342980634377,3.07427250100081,1.34350115205714,0.143074615589731,0.0916121851304173,0.0860270931068285,0.0592403649497497,0.0542134263431232,0.336952186396586,0.104158741203176,0.613516423633055,0.168933232857441,0.0888005800501813
"SSA_00300",3.22378424857291,0.0333836822143882,0.126709766112197,0.0170339198177877,0.265491647293436,0.019615223529626,3.96215068282714,0.752122693283129,0.0430222468007156,0.603495456478271,0.211195527304166,0.0887802436889437,0.067827108776089,6.17422530726573,0.721577783547907,0.0580953570748777,0.0399038419211681,0.170841072553012,0.12275961593559,0.0762102867945521,0.0774224514714108,0.0696891498851937,0.098578619764121,0.533971185147634,0.104790248783517,0.764115578233661,0.22792776993679,0.0850870120427073,12.0574965867797,246.632497966292,0.0837845452995728,4.24832869676364,3.06703161307596,1.39899266317158,0.139396290381615,0.0982743101740702,0.0986435511492009,0.0533041581239445,0.0586966384548169,0.401250137038709,0.10574363773432,0.651041111490425,0.175160738060023,0.0882942337955694
"SSA_00301",3.03365878274304,0.0293227424990669,0.128358750298901,0.0167121688994621,0.298063802182308,0.0249865226037109,4.39771270744297,0.617096978435602,0.0438110688796614,0.452768964838448,0.234713565891922,0.0948414310579195,0.0849631724816155,5.49779506814831,0.738239054021198,0.0346138017303866,0.0452499898344218,0.182648750049648,0.115222510428962,0.0889497029598307,0.0906382570927103,0.074487465488169,0.0797289951802647,0.640154681691253,0.106472543339534,0.848415188367163,0.230254161907139,0.101037875628758,12.0258917620322,213.194764614324,0.15201866827503,2.33635834632067,3.0471083479249,1.51564524269113,0.140892873753892,0.102275691903479,0.0875098188306141,0.0709315304327488,0.0624804700726927,0.488596183477178,0.111955769784641,0.523936592809496,0.197925052930107,0.0795203074330399
"SSA_00302",3.12889636252667,0.0288025040141706,0.134121445276431,0.0145105096034803,0.292302674073262,0.0171857183203034,4.59868735314523,0.820307828534278,0.0463600060039599,0.552317529234797,0.227753622767591,0.096323144704752,0.0772746424795309,7.5372654694215,0.824510801584146,0.06086941824397,0.0391111896893756,0.143715967910166,0.102632784110046,0.082024295553128,0.07783099221076,0.0751523687981119,0.121086199139475,0.607368199150806,0.120875105205849,0.713881346349436,0.195406031322647,0.0982614228507631,9.48814750086816,277.597735878368,0.149591435778202,3.55222874529787,2.86759661135702,1.59353482964373,0.111520821426506,0.111004660380554,0.0980323200828844,0.0572376535546098,0.0659302011095042,0.373251061895067,0.108363521123585,0.67637808670425,0.173614503948676,0.0892903222526161
"SSA_00303",3.06239079968853,0.033640771354542,0.133688167789171,0.0146710467989639,0.235066004336009,0.0188597052458898,4.54746017592376,0.64933194111885,0.0430560458835421,0.557000876687354,0.233971032549345,0.105639774655892,0.0855815169754027,6.18302151166831,0.74470800370923,0.0404650186031819,0.0419926907560641,0.157430576323115,0.146368035356113,0.092137533365955,0.0717980231543931,0.0672994765027246,0.109433725673567,0.589546965201464,0.115913178366253,0.85580839959365,0.228091260908297,0.0899832489964442,12.8910571753685,244.818608917653,0.116989569273863,3.02245136446673,3.03260914639132,1.58125470211124,0.148205050570195,0.110642117994132,0.0867577930012136,0.0687084242250211,0.05822420289556,0.422046285045504,0.10303256079573,0.567987053504951,0.179487547591487,0.0977332477811754
"SSA_00305",3.76602316675305,0.0324257095458695,0.137082576384287,0.0116286356018052,0.25457139083629,0.0207048878366799,5.13918280488298,0.415599733547815,0.052738949042298,0.687308806279748,0.198678255697682,0.10077739611947,0.105410800428527,4.79100925178266,0.738108881093926,0.0435318228573671,0.041314867645295,0.204161097416356,0.124529705888789,0.0933132092447295,0.0614773533647792,0.0503676196993505,0.10557781526528,0.584366085010327,0.109010528223348,0.677589634563734,0.27305218805784,0.0712191421610132,14.0664825941379,275.762226367811,0.135876950919835,4.34633327422294,2.74824747574363,1.61913398081409,0.0973972275119291,0.0907021903947922,0.0809917338653624,0.0660246427603096,0.0672317081625541,0.41995831918892,0.103493705241254,0.650623760047021,0.182444114529306,0.0867265222814033
"SSA_00306",2.98873779460727,0.0327845400680587,0.118885675435704,0.016102735920524,0.258053120284762,0.0221701138605228,4.31004835961902,0.604707567888437,0.0469866310416106,0.608104493281766,0.191902464945562,0.0889580763101348,0.0858570353977835,4.63389496771698,0.661511728799576,0.0509280615392232,0.0440101679160031,0.217118183602855,0.129255059565002,0.0804765013722787,0.0687881847309082,0.0568631468912842,0.104181342288864,0.538989988598467,0.12289880313955,0.792289935288297,0.253904674607376,0.0857928214922682,13.7246935013155,255.250786649772,0.117748590906979,3.86716159802752,2.7822372302585,1.7007781409506,0.140930420197277,0.108039221493253,0.108906203547311,0.0645442451958955,0.0625014548477488,0.451266244300547,0.106252716573069,0.577362118548482,0.190391848491137,0.0865622382076023
"SSA_00307",3.48644377521687,0.0306487520463498,0.129116217642067,0.0136965637164994,0.254750155756285,0.0196675138719775,4.50133633575423,0.682605286663302,0.0515260217054953,0.349470125135221,0.204297113790863,0.123822903634217,0.100661374567797,6.00392274627628,0.902267744281524,0.0431752017712223,0.0497032328906007,0.160917880750424,0.0937354949546798,0.0650813078468245,0.0803601143021568,0.0705470278831876,0.106623452979766,0.719798066386421,0.122130828295078,0.731480875015422,0.272280842071588,0.119741429254026,9.89676430491496,243.274590468845,0.147396489913493,2.9638976029883,2.95753471066102,1.62735788309447,0.137091981646287,0.0962458346996086,0.103162142767578,0.0686861036302202,0.0629512582812724,0.486947522474931,0.0988299007085695,0.5752103372927,0.175500689934267,0.084607176440427
"SSA_00308",3.00913746103827,0.030304609688921,0.132793086213089,0.0191866498050269,0.304527145927351,0.024279197642911,3.55341825241039,0.620927814698535,0.0655419556547623,0.448944974258997,0.223315403660058,0.107526988651641,0.0859326977908266,6.95981770399247,0.649194226993192,0.0528136514411668,0.0469499409558077,0.2385876072783,0.125171726509609,0.08164792749541,0.0737738433909667,0.0664522246569975,0.125979575003858,0.476831930127714,0.126927610789971,0.750229895052375,0.242100761538585,0.0716750363513095,12.4609717223724,230.157797633499,0.107494816838561,4.25633253993575,2.85283255613802,1.64112878900431,0.144735538827367,0.104167406477014,0.0939458027058507,0.0655921683055601,0.047783711722514,0.411834033951987,0.103334313126023,0.461133872471349,0.152962317979501,0.078608569515272
"SSA_00309",2.85180199243547,0.0225821335406503,0.146804194541288,0.014303915738729,0.347978971172343,0.0255538212481146,5.3403396804341,0.482597476055388,0.0400774845525501,0.31640922215145,0.223392414913189,0.148531560197901,0.0996446041510678,5.65680270180922,0.653803264660021,0.0416494196536136,0.0498778860658268,0.171059290648075,0.0827384416098966,0.0698033872388292,0.0616945163762672,0.0804234620650703,0.0720986594753876,0.520588173769784,0.0958646807378959,0.742209792562917,0.255732038076732,0.0785971449396015,11.005681705242,264.95748936051,0.127926241736876,2.99145132974343,3.00320989169617,1.66773361355788,0.0859265713395148,0.107238783464168,0.0871517379694465,0.0829297508867281,0.0571839228437967,0.401449902214531,0.105394915625782,0.524478277992331,0.19369761364535,0.0924414391954977
"SSA_00310",2.90846319020728,0.0274063506636829,0.140148274974774,0.0136330637005987,0.290773126494697,0.0232917732814427,5.40336121134426,0.562515828695614,0.0518031456530871,0.303653065402513,0.194313374587846,0.120720657142479,0.0958642087291134,5.02219327052197,0.831992395121791,0.0467122845610659,0.0498020352353284,0.158145645963658,0.108519181785794,0.0769991216666953,0.0733789003538169,0.0757480782668161,0.083669555848749,0.572909091637677,0.110794784444137,0.895156956522546,0.284485532482893,0.0777203394956975,13.2780207123551,270.935379832353,0.109635956956597,3.13906258912406,3.13991086489948,1.4020529601474,0.105396874254797,0.11409368431913,0.0799203435059885,0.0687356230909467,0.0613069813983924,0.437869672598179,0.0990419425381608,0.488224025320077,0.17755668668598,0.110067153603828
"SSA_00311",3.4371683076738,0.0282922250523502,0.143045946315899,0.0160907696533524,0.267963770045955,0.0231812312018486,5.01894246528219,0.691098450806046,0.061850893904216,0.393607095818668,0.258973807233894,0.132013940457193,0.11061199359495,6.1979175530632,0.666998967608211,0.0455272603134161,0.0483206953739633,0.163368252762953,0.107079576546018,0.0653697113678408,0.0645393468840081,0.0837523409012497,0.097422230827206,0.719148255878879,0.102745748926357,0.727619278840451,0.2594361939672,0.0874767641636933,10.5897869705415,240.068189969653,0.093713643526552,3.56282401790706,2.79223293447773,1.64913370679364,0.126956297118925,0.0778834840346821,0.0870810810307864,0.0700286583078324,0.0495709962602837,0.350335466939702,0.123679145309664,0.445586585090235,0.153303648502651,0.131845157085701
"SSA_00313",3.42827442669775,0.0302291708936344,0.127561255819131,0.0167152264940196,0.272817496072833,0.0171357647969493,4.37134435216129,0.660384471062455,0.0434870425967522,0.513732548074433,0.20917801070469,0.105701812832035,0.0961271847684853,6.59980711571884,0.832354220041541,0.0444295786995786,0.0466563118318782,0.132071663571993,0.105185336552133,0.0811183628339978,0.0831874237766124,0.0745608558219853,0.11075171437858,0.566096862074868,0.0949670602048028,0.764663489267315,0.24391402840314,0.0880169434940474,13.6438926781855,275.13728088986,0.11899894115397,2.34478038714677,3.07791417213202,1.6512155404425,0.119258878271396,0.108577743850413,0.0686923315761483,0.0576822987416587,0.067047541057445,0.419422053158495,0.10024344485366,0.564228923194064,0.202428765062531,0.0865796836775363
"SSA_00314",3.24512975345012,0.0337188670544443,0.140508697259465,0.0142392036379816,0.279097345815864,0.0239781026701232,4.56578281398604,0.511359520947238,0.0447519897261027,0.527401768289336,0.237491099629392,0.117409698809913,0.0767944371221853,8.81076001020024,0.674329317449883,0.040337088420695,0.0415439326827904,0.164544222690097,0.143708908935635,0.0846254544833096,0.0471224211813925,0.0944557622904222,0.0930377584792726,0.63686625736859,0.123480960268615,0.781352012206708,0.220397767708915,0.0901274668403537,12.0684244104241,248.309691951392,0.136972341880261,3.8393143147851,2.92911686764166,1.62860659827049,0.148482958063629,0.122883545169735,0.0716892527966939,0.0773780139455963,0.069688760515959,0.439053496998503,0.104284421111479,0.500837555473171,0.203443682523063,0.101377794703539
"SSA_00316",3.36584063986268,0.0300675430818511,0.105352721409179,0.0131221808284712,0.298967964290392,0.0230969115129403,5.47244007089676,0.718505948041675,0.0521155940787416,0.500782166515786,0.216921585515907,0.128565597504555,0.0925501451812799,6.57698671545714,0.661846083749701,0.0507471361299997,0.0452382007645153,0.166878228987158,0.102530312778643,0.0707409524595056,0.0743708113041304,0.0842220229805818,0.0938283489065948,0.606287929182672,0.106810545722806,0.742520687683144,0.294272090199712,0.0979599596001472,13.4796630956955,284.971351133519,0.104235843705771,3.23310779056026,3.1683316596837,1.55475733742583,0.0979893372998012,0.111348970645025,0.0806456433402708,0.0676991241817964,0.0597263325922532,0.515310525469841,0.0952036663986385,0.507323863428121,0.212847231696917,0.110430986427566
"SSA_00317",3.0492452170164,0.0321623851563424,0.127306782088416,0.0146336519132094,0.280130548017123,0.0240240659032761,4.42702775495091,0.5515616697589,0.0644094769613544,0.649118281667614,0.186611689388019,0.127159146866924,0.112594802937563,5.15972888668317,0.70498392420516,0.04567847504108,0.0415342999636428,0.158246487347046,0.125259308285618,0.0803370738615874,0.0747309685430495,0.0755944252151805,0.0958770594488827,0.643598180256391,0.107848206583074,0.824466494740495,0.246257138243583,0.0755457440739022,14.6155099564048,244.765608344887,0.0800292834924286,3.67504607928917,3.18054385620565,1.36372875714763,0.164555401227789,0.090675306508799,0.09212498876301,0.0672706627671417,0.0594856021125492,0.413935264984619,0.0856500601956725,0.640723394050845,0.202099740405892,0.124397036229028
"SSA_00318",3.54342617833799,0.0341266788654266,0.135246064703763,0.0175172709650695,0.216566819918641,0.0205982231070093,3.52605469699793,0.741121419601972,0.0419032123944385,0.436228812025621,0.23920859620447,0.123945713678281,0.102806427381404,6.39614489495779,0.610858458035503,0.0443680632416626,0.0451259383904299,0.185537400534045,0.132451478382078,0.0720557182733857,0.0651062799185815,0.0705142213946188,0.0959385534747189,0.665081209064668,0.110025593940412,0.662807523198949,0.240440539698254,0.105638264285114,10.1901435588251,220.84682946068,0.088807163940149,2.74294662195622,2.7785348613409,1.61530462498348,0.170581260685666,0.0986557864262636,0.0896354726102649,0.0641241601482909,0.0557252734852462,0.447160348157304,0.122753878751086,0.479177475985587,0.190503432454945,0.115388383686918
"SSA_00337",3.05429406652936,0.0331302654296802,0.116494131967264,0.0164586034069797,0.270485517889213,0.0226555692536834,4.50277004404491,0.772003075852585,0.0517087467736035,0.407349821030768,0.246245352554977,0.116229049187906,0.0831989452647513,5.40377615830397,0.706483549421438,0.0367114389836299,0.0447475419733524,0.127151485309119,0.115479139355362,0.0859146593911894,0.0635146960561884,0.0720585367975144,0.0723278713621271,0.541446418373098,0.0992836158104578,0.826102041299072,0.280106582150735,0.0904256789171524,12.8326117662841,218.759305261213,0.0896411504255992,3.31593452672887,3.07253693768236,1.51158566830455,0.135646079078451,0.0866897392342687,0.104934943981727,0.0719325144003838,0.0525608084953998,0.568858017019623,0.10745051609233,0.559918840893352,0.225530173317632,0.119895490468035
"SSA_00339",3.38657070952408,0.0327731356587413,0.155596502630788,0.0155087830459022,0.272553788746264,0.0242804959522042,4.06037049122171,0.735018939757731,0.0540734623441108,0.523591259207407,0.260989827054868,0.0941148393343374,0.085936963787703,6.35818977602813,0.625376570871371,0.0455554566661563,0.0428457290338292,0.163889137820445,0.124886695470102,0.101165779087212,0.0683343211706429,0.0742794404042795,0.0985612972923167,0.552708620431736,0.120270430704841,0.851057814702086,0.235733085485351,0.083210587865713,12.8088569112229,225.020259397285,0.116423665339171,3.49251103178434,3.05545373379108,1.51099160248559,0.175995402602042,0.090346017863634,0.0823564331140933,0.0610433907102706,0.0559403673466538,0.42247850158856,0.100911922368342,0.450146009794525,0.207890143598378,0.106115839239163
"SSA_00341",3.0734599403915,0.0334826846986112,0.127789905211901,0.011519372265655,0.301384620369949,0.0227684914917079,5.44698534412132,0.572456577814483,0.049504436806563,0.577376719739871,0.219886766994147,0.109107091440266,0.0913270922302793,5.95836475200803,0.732524139609372,0.037969449723619,0.0493906840317978,0.132440886743598,0.137214819951189,0.0825933953273858,0.0679052991038124,0.0817896285932453,0.0811309001769843,0.609119221647756,0.0799935272428956,0.856047453559592,0.244046304496267,0.10914046083285,13.1574620287448,253.226148838427,0.0984611392246208,2.06561696100682,3.28523799504165,1.38644643454787,0.0869866325419209,0.0939566258228354,0.0913227530865977,0.0580879772990136,0.0569098340161814,0.505078413163484,0.089309872697953,0.544292187737534,0.18276471862172,0.111336127714523
"SSA_00343",3.53999021302542,0.0285248023506437,0.143913721237106,0.016514214762092,0.267184235244286,0.024687481682464,4.09463460482582,0.603065362564104,0.0412883607184392,0.471678933356033,0.228840825434674,0.123736369232989,0.0952792295036104,6.63186325829492,0.743642047915875,0.0377356444068655,0.0377138706508686,0.178618399502942,0.106458753323486,0.0801260960757539,0.0746913243039955,0.0740089859569776,0.0836919464299054,0.629487530899203,0.10229229279876,0.791922644084751,0.261430590363942,0.0978272915167715,13.1634629472093,268.048492277267,0.107781164587257,3.13880150921929,2.98343890105398,1.52694539728753,0.131125018994732,0.0971202433219798,0.0805332263884715,0.0676855134599791,0.0634783438587811,0.372636781810634,0.0899150418134155,0.586444352936994,0.146627779015332,0.0921855568574484
"SSA_00346",3.48836666996447,0.030668044538359,0.1333682063151,0.012168359622139,0.292712691228909,0.0240118387885274,5.56152508800641,0.481676761789876,0.0526360510803183,0.532281594122877,0.189504538060987,0.103361455758486,0.0796052271874674,4.57425952427518,0.717458161266388,0.0364799146127284,0.0417814420822125,0.144048985153261,0.119493947233986,0.098378707653047,0.073140515030863,0.0794642339044817,0.0748221330528417,0.574499128725194,0.106890110784161,0.845455275526108,0.213190758876756,0.0805580987312008,13.9735284577672,311.500314660447,0.146161085475226,2.32360707929243,3.20894506058659,1.32243559993549,0.117149942433037,0.0790123723611688,0.0802740394843863,0.0558950907288227,0.0664166111109299,0.51388098572612,0.108467685449647,0.63166783309074,0.167880533402197,0.0844992101215326
"SSA_00353",2.37881867121555,0.0406156140756229,0.130841803803648,0.014503730213772,0.268864135856433,0.0216868909254504,4.34335964153575,0.737557078527343,0.058182059071798,0.534455911990029,0.24209882206315,0.111735823377455,0.102236287999567,5.25701215760529,0.624497761634625,0.0465490308452691,0.0422740823477701,0.167001758108285,0.143317921626184,0.0661904554933076,0.0555558830635524,0.0799442999805177,0.0907536848248471,0.58768970861058,0.0907493492165799,0.826265408360467,0.237010662054265,0.0900807137127204,13.4482828235477,220.898915072919,0.143688474396172,3.98838691350272,2.79453121155123,1.49875508579903,0.107451941955784,0.0797820879080237,0.0848358643181494,0.0664764212379178,0.0595424688187494,0.412486051338606,0.107212475594087,0.443372003705783,0.18701536669236,0.104229321414764
"SSA_00354",3.14172610461883,0.0312267301924865,0.114622703195646,0.013141231663315,0.244165067993713,0.0209669041614562,4.60966419172968,0.672948378331133,0.0575150360489827,0.499684776255978,0.155806004515469,0.110582577934129,0.104080803316651,5.19034539252813,0.699845424064397,0.0514845981891805,0.0458027584390936,0.149627812833653,0.0817547468925649,0.075920034466969,0.0685124037680304,0.0692406385428495,0.0984514600749417,0.60518524804118,0.0892649639769045,0.787352173891324,0.222862809136322,0.0924663479662948,11.3557678284162,254.946977960003,0.0772136278570184,3.26297495362783,2.92959722564699,1.59738163339324,0.13214877117604,0.0737347842002776,0.0965959880323303,0.0627115231082497,0.0479749519911471,0.438026250395747,0.108683184060522,0.478114264539626,0.22430723366821,0.118361008364353
"SSA_00366",3.43482037439509,0.0320971035650258,0.126855610576801,0.01457722291009,0.240985257131956,0.0205150352148184,4.77124613247672,0.644493329527933,0.0421822864072007,0.566981893776805,0.20971741837803,0.115040763467155,0.0691901230323303,5.8218074638976,0.710894470040643,0.039852217410756,0.0368813945916303,0.140839934874362,0.130353457674756,0.0734544378340729,0.0648439526017237,0.0814595030226013,0.109960404544862,0.56148621655762,0.106638109214917,0.707584569945928,0.234650342768594,0.121452740890887,11.4265632353752,263.353903754755,0.09322666805284,2.93489123139742,3.12695960847501,1.67532013865597,0.137790684429429,0.0901420956084974,0.110483532065915,0.0727729679900978,0.0617251889870525,0.508114175981045,0.0981971565812594,0.574094774569285,0.182373512142505,0.0940739170657475
"SSA_00369",3.69232604291746,0.035386797261953,0.143112582320897,0.0145861241275305,0.258594867945949,0.0276398353961439,4.63035918261594,0.599424871757837,0.0533256050362921,0.672180624228145,0.235021573339573,0.125056306018813,0.104633192203772,6.12687253480846,0.646549222071015,0.0359030158573165,0.0411702164383205,0.194567711422832,0.126315303742254,0.0750239810426261,0.0799043691007144,0.070840025956417,0.108171850537176,0.797449019990625,0.116976738892869,0.788955484193977,0.228350370014182,0.086392393481249,13.6162927062354,275.191818000363,0.134087150236266,3.5699397785244,2.75549577016453,1.55213470648743,0.149415277534082,0.102685324909801,0.0894702136814853,0.0653647595432111,0.0648085661557195,0.485663301525597,0.104239216846441,0.620403645142214,0.224753839887432,0.0829281038601934
"SSA_00376",NA,NA,NA,NA,NA,NA,NA,NA,NA,NA,NA,NA,NA,NA,NA,NA,NA,NA,NA,NA,NA,NA,NA,NA,NA,NA,NA,NA,NA,NA,NA,NA,NA,NA,NA,NA,NA,NA,NA,NA,NA,NA,NA,NA
"SSA_00380",2.74258707159182,0.0307901118508463,0.132473062869409,0.0154346940985453,0.237012459392045,0.0215292811950322,5.55474999210993,0.511930709396576,0.0502801268224487,0.44414224302151,0.186445476548093,0.118714831224302,0.0854053008812032,6.22075712260081,0.702591532008598,0.0378418859690852,0.0442884953569684,0.19109034296492,0.102414500070987,0.0903865546614837,0.0658413205867275,0.0732927197957908,0.0835520051515723,0.55109891653098,0.103341267395531,0.867070345902755,0.211808991222421,0.0946522156514765,12.27812929263,215.451509200951,0.11358420897503,2.32749612827033,3.01675531942272,1.6463821973172,0.158211472056577,0.123428875256707,0.0922332467526428,0.0650720318814201,0.0621601461822842,0.421165868154976,0.105617943680449,0.388686104872894,0.204280068864816,0.101422014548014
"SSA_00386",3.16754984850107,0.0341473579922218,0.104013204369186,0.0122640962608438,0.2834059456581,0.0219914279867596,4.65581604673417,0.592789302229073,0.0512630714093661,0.57371925702081,0.225833449821356,0.128372615782056,0.0963153240727054,5.91029630071618,0.828191241411358,0.025072634918767,0.0453650557379626,0.132350617089369,0.127106201738211,0.105686956517665,0.0660604556513497,0.0768851021259365,0.0913482605770345,0.582813580270136,0.116545065910565,0.747417130429362,0.216488474953747,0.0873437244495452,12.8578988368023,264.827838668217,0.135561298365469,2.404067152536,3.20683552616776,1.48604280764087,0.158137290737526,0.104863648117228,0.072725487852382,0.0590182549603895,0.0629603420326768,0.427639884618456,0.108393086358701,0.505231055259029,0.17942956138795,0.0959518044607714
"SSA_00395",3.47583583442354,0.0317998354713964,0.111095244647749,0.0131541261883724,0.232622108613326,0.0189773089329909,4.05050442410989,0.583019883287926,0.0505144697400235,0.478084586251738,0.192397152275866,0.107494800315807,0.084471024165125,5.66743091366128,0.686075173955338,0.0403135903060086,0.04935891063506,0.141437622321106,0.101105850834655,0.111751801052352,0.063456883426192,0.0625395552791204,0.09525236820949,0.529978715360183,0.119265064722632,0.590769890837588,0.227540913306188,0.0829740604299037,12.9072554744798,243.82581843237,0.0989274516089863,2.42625136055013,3.14295717375039,1.70779980273165,0.124459923595835,0.0895830949185289,0.0918223668684165,0.0613760044057692,0.0620470465856941,0.457455060362673,0.112846123479817,0.445443999191471,0.183415231090739,0.0913380778786634
"SSA_00403",2.33136234996877,0.0313601823249768,0.127147587049629,0.015982057395062,0.30410307403526,0.0195015570301879,3.95463661972543,0.706669989456304,0.0518837749312351,0.580921151581657,0.214549526375336,0.0994904371017891,0.0790559442817964,6.41536184228047,0.633685269177167,0.0560575677263232,0.0411832620235034,0.144321418721162,0.138133080872095,0.0887124826295188,0.0635154118390598,0.0807230672837288,0.101674111272321,0.422771657873312,0.104676315953573,0.85417453594346,0.229706352529087,0.0835435381867055,10.3761929621799,212.769891620875,0.124470469708784,3.49715963699536,3.23501410809512,1.68932242592657,0.143505112071544,0.108547107141428,0.0890453563656833,0.0721755345065127,0.0480800683349489,0.427921722779035,0.10531309420928,0.43032331133897,0.21007080713471,0.110635197323709
"SSA_00032",2.61972713808758,0.0289211435395913,0.122464036462653,0.0137757374578587,0.283860312287775,0.0200642083271516,4.9281062858683,0.682619915665599,0.0444859406008546,0.468139909238111,0.18903722111477,0.112550301496392,0.0946990269953108,3.5455259922323,0.758409277798895,0.0461635292314566,0.0471734860546871,0.146607453411044,0.115097767759143,0.093511193403727,0.0706639691010408,0.0681330977058943,0.0732396582308388,0.633895939036885,0.110272004480801,0.707907120591709,0.274202158056255,0.0957916421473648,14.5426179909229,349.389600660173,0.122359513594384,3.13202784804365,3.13049701942511,1.39584829774856,0.112179681244196,0.0881791595693994,0.0925156031153801,0.0507078381397944,0.0734029508130954,0.440488011400612,0.106425796818974,0.764613723849983,0.143309613659066,0.0933498269344648
"SSA_00069",3.66514567448114,0.0291873956566896,0.132854572237406,0.0154063999530291,0.259581200341324,0.020772133385693,5.16087705171759,0.681305908728464,0.0462019194739402,0.537056814093413,0.204488702594209,0.103679921230853,0.0931792378097931,6.62726542411101,0.840111030379369,0.0409320814669279,0.0422208909997139,0.155473705840066,0.106427972907215,0.0802927131158525,0.0900681565137162,0.0742115714604875,0.0950678632286325,0.673376906553616,0.0995694885920331,0.79938056807275,0.247001265458594,0.0971432271158779,12.4864072313906,237.121326401378,0.101655619642078,2.98498556769458,3.06540587696693,1.52663008331581,0.144840426992754,0.103934993065762,0.0906549326687371,0.0623802011390418,0.060310757542805,0.439236444626823,0.111860395168978,0.551513151983188,0.195054497428102,0.0867870700248418
"SSA_00117",3.05354241709226,0.0328016055570169,0.115689484519371,0.0147442498295039,0.283682285986972,0.0217726286926793,4.84664177330669,0.682270102655714,0.0569848531479059,0.604448874254574,0.187237891632866,0.12288797869046,0.0861535421571638,5.19092649486564,0.678898099690555,0.0370722527157132,0.043118224429621,0.17679857688006,0.095040619262444,0.0866392153917006,0.0738950084747732,0.0804960812118981,0.0917591267441732,0.598162023984479,0.129332107329414,0.663401297090092,0.240823626694017,0.0885207478357898,14.4680823490747,287.544256053089,0.157415084586464,3.54590545516388,2.87108404124099,1.72138476746225,0.120047000183893,0.103990985634734,0.0949149775016371,0.0658060134093602,0.0699032266267186,0.457345520532702,0.0980224802399669,0.672892697289473,0.224542249749708,0.09925320112355
"SSA_00225",3.2799371197994,0.0299301819291804,0.121869241326604,0.0174618585384025,0.247002168257111,0.0171257140220058,4.13478537898128,0.799832557060337,0.0478602942530648,0.561552976714758,0.188854327839949,0.0802374273032151,0.0729969283191929,5.53263071366528,0.742454387600482,0.0494355047845515,0.0405424547989103,0.129985241734689,0.111845048360101,0.104851817591304,0.0783966966743567,0.0554938638082938,0.10860771449661,0.538183138570254,0.116260089658816,0.793758904358292,0.239092347678003,0.0942233165498998,13.9871687016699,321.822519500743,0.130533623854424,3.61666329470242,3.18038029362858,1.58687710915565,0.164412609570581,0.103668289604619,0.109863177081807,0.0661274687723345,0.067307773870814,0.402931188652417,0.0914512491480105,0.674741954572441,0.183317173761648,0.109934593609119
"SSA_00315",3.04974541844737,0.0280596240673328,0.117315712703833,0.0143258748735404,0.26550043673869,0.0214262649518566,4.7535018872679,0.613847888039657,0.0444498119941678,0.383094604813513,0.234594235889042,0.144204400375856,0.100755527422958,5.74510311890482,0.642523223339505,0.0384578219284626,0.0415918743263552,0.154939410088443,0.0868712283912237,0.0834442280299464,0.0768726764014812,0.0779854536964599,0.0930380942452642,0.544903287821244,0.101092062731491,0.662390613741158,0.282986736099788,0.100533412117839,14.5157026405919,210.078948572039,0.0959952387069232,2.47244777563405,3.03592925745044,1.64415762575739,0.126112096716599,0.103639268392922,0.0785312349581047,0.074185496495683,0.0629972764077163,0.44823220107175,0.102066949477935,0.483643934476586,0.220199849370137,0.0961793273130218
"SSA_00338",3.47911858351836,0.0335339210570744,0.131001346884038,0.0132075793352198,0.234702784859078,0.0210889711648581,4.56056262390731,0.685662615239467,0.0489401611651275,0.590303261895667,0.202183429905996,0.116930112628772,0.0863746862622076,6.57799952218188,0.71734103318371,0.046282911889773,0.0444934194491047,0.133761295874319,0.123136309465239,0.0955940087578745,0.0656631549501092,0.078946785292027,0.0983337359870044,0.620186822029611,0.101666354060627,0.852282929812632,0.207958178000445,0.0934120630066077,11.1190354264224,259.408141228163,0.0920050990638446,2.69839038146724,3.18776749837711,1.50715741241172,0.158003745473487,0.104235989972413,0.0908711047220042,0.0623671786755371,0.05681046334916,0.528541814105924,0.108415942469507,0.471118237248038,0.201849187316098,0.117591725149946
"SSA_00344",2.9395606405175,0.0242246911087928,0.130160668456993,0.0159190418118702,0.265608285055252,0.0255381898374813,4.0852413789099,0.472844808376574,0.0618732443017587,0.477812821495458,0.163095350484678,0.129315938877236,0.0820881201798464,5.07480123257402,0.691582199639148,0.0450903321304888,0.0470973927126317,0.162237695600881,0.0925928955908019,0.0775994485853755,0.0703729435923373,0.0719450781536345,0.0993092899316437,0.539794089918005,0.117524674260653,0.758207818147904,0.290166445404735,0.0939149333938376,12.9305778172651,292.420130048888,0.146929070117909,2.445395508534,3.24306495027032,1.62336189083876,0.11501329085419,0.10215147447812,0.0958409564350072,0.071576262095029,0.0645572465458492,0.450880682922362,0.130400444853201,0.478238291724237,0.21241806600309,0.0853522947303307
