"","Km1_CO2","Km2_HCO3","Km2_PEP","Km6_CO2","Km6_O2","Km7_PGA","Km10_GAP","Km12_DHAP","Km12_E4P","Km14_GAP","Ki18_Pi","Km18_ATP","Km18_Ru5P","Km33_NADP","Ki57","Vm2y22","Vm3y22","Vm4y22","Vm5y22","Vm6y22","Vm7_8y22","Jmaxy22","KaRac","tao_ActRubisco","Perm_CO2","BBslope","MRd","Vm2y23","Vm3y23","Vm4y23","Vm5y23","Vm6y23","Vm7_8y23","Jmaxy23"
"SSA_00002",4.82473290235047,0.0280911032292355,0.0838835769048698,0.0110934091685181,0.226917921725459,6.48146072545912,0.059345297354591,0.479433708599077,0.160191068109389,0.171804516559377,5.67374300872674,0.767964042647168,0.0505183830565428,0.0248572784659832,0.119976525256213,0.113320261287115,0.138235974938724,0.0919123275785928,0.0794432750449494,0.0881039042170576,0.679376467745202,0.561414760153384,13.5015086352628,241.556974847509,0.169025850526612,3.02448930510981,1.75266520538391,0.140367728346013,0.0968071257946265,0.0640224508734121,0.0605161363586391,0.0853959219957354,0.53715342292653,0.579997966034083
"SSA_00011",4.56246545382043,0.0280895509816286,0.121768281834699,0.00979942352436591,0.221417486573709,6.48143598671689,0.0593451356542947,0.479443501486005,0.153438399770313,0.160400074942217,7.05453069453073,0.767946158132994,0.0505131661373246,0.0324179543059038,0.167269149906351,0.119305035682263,0.0996346141663099,0.0932706038940765,0.0794438600858465,0.0881001747624223,0.679402840373231,0.561412479236955,13.5020056797718,241.549738189794,0.169024550104324,2.98838856995124,1.69858775733731,0.138521008635715,0.096801134349005,0.0640209484260425,0.0605133473538896,0.0853955132280733,0.537137249970662,0.503446601001043
"SSA_00012",4.56180027675642,0.02809003108123,0.0989393247188788,0.0146090146562273,0.226402249738801,6.48131170539497,0.0593439348319085,0.47943972440778,0.158974995544249,0.168335170591694,5.61134370922359,0.767935410664927,0.0505535992744756,0.0385309022208124,0.149088500422889,0.125361892834112,0.0915706698439003,0.0910870265781268,0.0794408554127441,0.0881021248800379,0.679404967485938,0.561415230322556,13.501991380816,241.547764481948,0.169026342275026,3.00470096791575,1.72860903805638,0.138759045997102,0.0968002072104272,0.0640208860476773,0.0605134454140614,0.0853938798783567,0.537141575126319,0.522010300127212
"SSA_00014",4.62548791478913,0.0280900504608042,0.10682450936505,0.016553317330079,0.226071018843338,6.4813572430242,0.0593446137667858,0.47944410009519,0.146481211462071,0.170453506300154,5.35377231922561,0.767949860120552,0.0505021355516479,0.0233970447516213,0.147606848967444,0.109117435621355,0.0988515060211057,0.0934166364875243,0.079440826998159,0.0881019673024907,0.679402063676662,0.561415706387556,13.5020727549486,241.548134007963,0.169025417848086,3.00398254307276,1.72659816998565,0.140582287023135,0.0968025109671321,0.0640215985602915,0.0605140902505856,0.0853937938450951,0.537141568709345,0.446123184750651
"SSA_00015",NA,NA,NA,NA,NA,NA,NA,NA,NA,NA,NA,NA,NA,NA,NA,NA,NA,NA,NA,NA,NA,NA,NA,NA,NA,NA,NA,NA,NA,NA,NA,NA,NA,NA
"SSA_00016",4.44503901850195,0.0280900304872223,0.10694651870311,0.0190118692964038,0.226312763003714,6.4812852905284,0.0593450228010838,0.479435641094094,0.176911716023301,0.160222609911645,5.88321102261475,0.76795425783305,0.0503643750539293,0.0364831983171599,0.143334648117682,0.133756490159918,0.0813321277742833,0.0941343157870658,0.0794422325722627,0.0881010200499654,0.679398068862083,0.56142014094881,13.5019688099083,241.551705858169,0.169027194383833,2.99408684145355,1.72061482345416,0.142612974727413,0.0968018997301848,0.0640209366862212,0.0605125999106979,0.0853943197685248,0.537131666074394,0.471972443281871
"SSA_00017",4.47811185688362,0.0280902076793763,0.073659813642125,0.0141796953032575,0.224413550803561,6.48132563431944,0.059345651993439,0.47943348261813,0.128315281614379,0.162303071290686,6.80439050205861,0.767957843916727,0.0503742602029259,0.0451661881396793,0.177513509135371,0.109005364275374,0.0801172022408689,0.0945103123730865,0.0794417584808094,0.0881018089085499,0.679403865310741,0.561425512412463,13.5017143094616,241.552985951366,0.169025902078208,2.99934318402452,1.70098073276488,0.139812761385809,0.0968002102255151,0.0640212759727198,0.0605143607098993,0.0853948684133802,0.5371325949869,0.499777495576147
"SSA_00019",4.22771202587095,0.0280895638079883,0.0860237814185068,0.0159220212099139,0.228847222281384,6.48132523541305,0.0593448898901901,0.479437840798777,0.183741374144094,0.141973880172702,5.73264831732417,0.767939681453815,0.0504480279046979,0.0224893721253107,0.156720946597902,0.090893873100241,0.0977486614739296,0.0922061368338238,0.0794425269395283,0.0881008570134331,0.679412712528435,0.561412851813211,13.5016228057881,241.552990507985,0.169025157303508,2.98981204561408,1.74449114432438,0.142508597131689,0.0968045942640176,0.0640195855561109,0.0605147987194044,0.0853966420284593,0.537142257977669,0.715488601780459
"SSA_00020",4.50373862434377,0.0280901845023325,0.0889394646722103,0.0170241349222626,0.224553320606641,6.4813504290361,0.0593459709401149,0.479431819849996,0.133442182684989,0.166487198534164,6.4449053844166,0.767971028185737,0.050629270235584,0.0341524156138941,0.153170769753899,0.107883254911245,0.108780352874016,0.0919662984324496,0.0794423393808332,0.0881027489429387,0.679398897607539,0.561428949630966,13.5018706724958,241.550568753536,0.169024400898675,2.99695710994943,1.72452142730122,0.139669720073318,0.0968046048448517,0.064020959158566,0.0605128134627932,0.0853932867287019,0.537131873685703,0.470409846282807
"SSA_00021",4.55498979831329,0.0280897437040277,0.111060053454723,0.0126635075547452,0.223007639329457,6.48139560301228,0.059345403620523,0.479438208786743,0.157704288736416,0.153458039552902,6.3767827269934,0.767952368652114,0.0504934820789129,0.0403907017814669,0.16919400617,0.104179040395478,0.0978118820595232,0.0934445856166884,0.0794417254088009,0.0881009342843999,0.679411252697982,0.561414653078818,13.5017913580079,241.552402572976,0.169024059624835,3.00026903095857,1.70305321978863,0.141658192406385,0.0968015757092883,0.0640225857288853,0.060513385978675,0.0853958126015399,0.537137584260907,0.448037199517602
"SSA_00022",4.39737470921115,0.0280902041280277,0.0854526425818441,0.0178468906666975,0.22464392304904,6.48135864123538,0.0593448794628239,0.479438940425486,0.176303883226592,0.140069672062259,5.75039633279953,0.76794319198769,0.0505544534870463,0.0312494036150549,0.159106504527612,0.117827684331734,0.100560333050434,0.0927166075556554,0.0794424626723594,0.088102321845401,0.679409107484382,0.561420198329804,13.5016637149112,241.550229334761,0.169026524816956,2.99376883306605,1.70906805653488,0.140488743815129,0.0968024027725862,0.064021063849486,0.0605134719178711,0.085395375513902,0.537138801945634,0.517081844343877
"SSA_00023",4.65195226403968,0.0280898132095254,0.137206673321429,0.0136895896119677,0.225113031674667,6.48153943062891,0.0593453323099473,0.479432987278628,0.18956099455021,0.203410095382748,6.63456578563517,0.767939312610201,0.0504669560831606,0.0361232919780974,0.164404645709581,0.12734722072907,0.087097082667626,0.092570683351114,0.0794432035089689,0.0881010508409085,0.679406581071343,0.561411964777785,13.5022857893625,241.55342444174,0.169025356414064,2.99280138069176,1.73738920283524,0.141782051712113,0.0967994661739686,0.0640211580864931,0.0605126127022195,0.0853944081007047,0.537141701753539,0.50097132004861
"SSA_00025",4.53178198144585,0.0280902889510696,0.0898122888071562,0.0160883530811645,0.22371129753527,6.48136118727372,0.059345321007533,0.479434635621865,0.167021044917717,0.160508883385276,6.10390234883482,0.767954405907004,0.0506026105852693,0.0339527136439436,0.167586142735082,0.114189921155927,0.101949393062718,0.0928537356162396,0.0794423451688084,0.0881026823636879,0.679404910703617,0.561421065368101,13.5018312813208,241.551578394973,0.169026424621773,2.99790310048537,1.7041075437473,0.13852870658417,0.0968033336280012,0.0640216481350867,0.0605132786764957,0.0853947303726209,0.537137387777613,0.454819491593415
"SSA_00026",4.42509765395658,0.0280898401898023,0.102495649409444,0.0150210294596925,0.224754959924727,6.48141790557691,0.0593453109505688,0.47943315307344,0.181679503150985,0.198980985709156,6.38074063281049,0.767949595804867,0.0505601942557145,0.0372523129744939,0.171237080081955,0.11466002230354,0.103616899616137,0.0915035896416343,0.0794413512936795,0.0881026440464421,0.679401981790093,0.561418295868726,13.5019097763626,241.550258843267,0.169024862673718,2.98689105618136,1.72140756141187,0.139907364828773,0.096802414696905,0.0640212291841653,0.0605130198300538,0.085393898018113,0.53713658742937,0.513380843452884
"SSA_00027",4.53639741677312,0.0280903947197126,0.112657976276437,0.0140873479130431,0.223962734154308,6.4813431224538,0.0593448469472656,0.479439317891544,0.136104583511307,0.213461615447164,6.04608173458039,0.767949306874876,0.050492654489911,0.0440345553795468,0.16666960202857,0.137395414382155,0.114477080990796,0.0920331267896022,0.0794423378586417,0.0881024451653672,0.679405215683865,0.561426319152291,13.5018459706995,241.546601015122,0.169026187582816,2.99310687381814,1.72011827840247,0.141167720833964,0.0968028691229784,0.0640209236811049,0.0605123372215248,0.0853948451780246,0.537129198102101,0.55425348762103
"SSA_00028",4.49177543361539,0.0280896418961619,0.126970764031206,0.0156044453112224,0.224351663529918,6.48132529653159,0.0593454153949965,0.479438418518476,0.167878136129219,0.199713680661916,6.02884675741328,0.767949088501508,0.0504990354688506,0.0365833134729559,0.170658441823805,0.112834123595065,0.0949529904579168,0.0928861880331253,0.0794408393075328,0.088102047575017,0.679402474254724,0.56141221354025,13.5019507119166,241.54897656173,0.169023772854112,2.99193968449382,1.71765350851733,0.140102151106765,0.096800849684795,0.064021461386973,0.0605126967660751,0.0853941592195518,0.537127986929348,0.508456208630016
"SSA_00029",4.60413806910775,0.0280901437850741,0.0990113402541765,0.00967991596134271,0.22266322209587,6.48142671912177,0.0593454443160125,0.479439543565591,0.181572902248935,0.145101426070086,5.98823441423909,0.767955277567048,0.0503798744923135,0.0368336008246122,0.169278261523438,0.127491727200392,0.0924327289898449,0.0922971238886447,0.0794418447679116,0.088101695331975,0.679396715980438,0.561413652324015,13.5016943239251,241.553303811601,0.169025766527941,2.99749687616548,1.69869727695651,0.141660807507732,0.0968026224850658,0.064020262726087,0.0605133708410095,0.0853945135988136,0.537139881046689,0.51289710016238
"SSA_00030",4.60293039004966,0.0280905365931639,0.0976939403192436,0.0121191355015712,0.223076016161261,6.48138792285654,0.0593447609363247,0.479433254692443,0.198554093781892,0.190486406698395,6.25344731744069,0.767961899754393,0.0504734975828121,0.0434713362607956,0.175115926703493,0.106582053512435,0.119435819867508,0.0925584653490509,0.0794412366084922,0.0881037645805118,0.679398354836308,0.561423944788207,13.5018220533191,241.549834759714,0.169027472503939,3.00305302438857,1.71204074209952,0.140927486630899,0.0968022567781394,0.064022129536266,0.0605131015564337,0.0853944428642848,0.537137735137659,0.544326882794649
"SSA_00031",4.32750583807058,0.0280903295288174,0.0911473110275751,0.0119085157141202,0.224989437850067,6.48134867084596,0.0593450266599124,0.479432762801646,0.171700757239681,0.171839743849661,6.2424827824028,0.767943274696158,0.0505728967290223,0.0396908897121453,0.171441432241664,0.101185428310148,0.0951321724353179,0.0909967720035706,0.079441974516957,0.0881014731166457,0.679407036716049,0.561419682487065,13.5016655137659,241.552036263532,0.169024393371024,2.99799788414634,1.7028252486321,0.138534673695628,0.0968021998500809,0.0640205300927747,0.0605126933493992,0.0853941100440707,0.537133335257652,0.568172466978694
"SSA_00034",4.61035846554183,0.0280901490855959,0.100016521605088,0.0132014348189919,0.224452052177484,6.48132316418833,0.0593462960153886,0.47943593091125,0.151104572510928,0.160867238383801,5.9680998493469,0.767953037712408,0.0504065934669682,0.0345580436914743,0.16312297954819,0.0981159043882221,0.0883852968456905,0.0944932312564323,0.0794424096075483,0.0881014019319584,0.67939984813686,0.561420089349768,13.5017367427141,241.548358897341,0.169025777527141,2.99529621167737,1.72387080337307,0.139477300447209,0.0968021479981977,0.064020646484218,0.0605131803478742,0.085395104874079,0.537132415797547,0.495300777504065
"SSA_00035",4.57830843536182,0.0280898833588392,0.124131792447861,0.0190071219603974,0.229058737824648,6.48126866295509,0.0593447921925069,0.479442446502256,0.118397773633609,0.185473049411217,5.85002143721241,0.767949652793107,0.0505397259235735,0.0443212369962842,0.151806801328314,0.0828956892683294,0.0991307353962696,0.093377804250762,0.0794415805578093,0.088102115882552,0.679397612952051,0.561414422507453,13.5020389802279,241.546651009149,0.169024511219149,3.00738182404269,1.70662770247013,0.136248848801946,0.096802082264717,0.0640214376492619,0.0605129968802182,0.0853927826225378,0.537130880348405,0.413922256884497
"SSA_00036",4.60791236210824,0.0280897322091827,0.108566002337222,0.0124730805732908,0.224848115517975,6.48153209629749,0.059346064980176,0.479438542768262,0.183040265475527,0.10518452977206,5.62369297175735,0.767930896127873,0.0504972065257601,0.0370057302128585,0.14194851778754,0.135074083965023,0.0935117417066843,0.0925851401246415,0.0794415456739179,0.0881006812544167,0.679407761763925,0.561411010843258,13.5019277388401,241.547024183137,0.169026295131836,2.99355205065828,1.74091151805246,0.146770687375369,0.0968004632536655,0.0640199483415078,0.0605126877324709,0.0853934717836642,0.537150100246082,0.513207546007513
"SSA_00037",4.54201628485378,0.0280902026286291,0.097917759154507,0.0096586726307832,0.223908486081132,6.48132228857402,0.0593455793595338,0.479435764544492,0.163735519091872,0.14910781025214,5.63084872145057,0.76794499208997,0.0503787716861066,0.0352875588421626,0.182641054226247,0.104612295391873,0.0935368079648211,0.0937360234775552,0.0794404234611481,0.0881022940077625,0.679403772233146,0.561417572962887,13.5015444071289,241.551361150963,0.169026066935968,3.00202143432288,1.6962457399866,0.138805173648576,0.0968023245299818,0.0640218901172517,0.060514374252346,0.0853952018208626,0.537135702710379,0.523640800146367
"SSA_00039",4.55014746333514,0.0280904164294292,0.102159958817324,0.0113186829869657,0.222079474467119,6.48138033334172,0.0593451721032876,0.479439335061124,0.153713706812987,0.169904705556471,5.07542841120495,0.767946124590153,0.0505346646621267,0.0351953577915924,0.154165407530598,0.0939460322130279,0.100848012933187,0.0920802728164722,0.0794413478531769,0.0881027521811908,0.67940396203232,0.561421145136372,13.501451231273,241.550669653532,0.169026669968716,3.00825741870528,1.69877982338463,0.138857802199849,0.0968033629727524,0.0640213942249675,0.060513120011632,0.0853957058134714,0.537142272196755,0.539297101979921
"SSA_00040",4.66462452208925,0.02809051979039,0.046990849465755,0.0108523579042297,0.224457988117859,6.48137582559527,0.0593455909203975,0.479442955833372,0.121967703361197,0.113859507880379,5.16695504610191,0.767944855211768,0.0505699187905363,0.0375265088114396,0.152051879306747,0.081198266098101,0.100792478491323,0.0922665341428,0.0794437261680322,0.0881011026494759,0.679419630600696,0.561426259511994,13.5015028948186,241.547778506758,0.169026706955588,3.00359200750925,1.6808578248706,0.138396929021925,0.0968007817090727,0.064020530527601,0.0605149525688448,0.085395435103103,0.53713649253842,0.447034284642619
"SSA_00042",4.5107676382221,0.0280898578908827,0.110337026840089,0.0176077376007514,0.226315646811446,6.48131264136315,0.0593456488330224,0.479438556133376,0.18067492700779,0.184684662183234,6.06709228952923,0.767940841829799,0.0507793252422921,0.0419033436720143,0.183264053674742,0.117637284422085,0.120924188315259,0.0931586431825974,0.0794405374397434,0.0881023994634025,0.67941261616052,0.56142151860859,13.5020725390088,241.545954444631,0.169023962556513,2.99827837730494,1.71532071703487,0.140480399946599,0.0968025787958476,0.0640218845751082,0.0605132753801682,0.0853937427138836,0.537138844439775,0.519895419766278
"SSA_00043",4.65013496334032,0.0280901430976955,0.111927263375403,0.0140152942410887,0.225750539668417,6.48142174505571,0.0593449513735738,0.479437049854476,0.188427788173057,0.170530380941843,4.94660029598033,0.76794106888071,0.0504152867936253,0.029012435063037,0.153610252239728,0.103448901240203,0.0976857493884359,0.0943005901980455,0.0794426127995393,0.0881016666292482,0.679404029414345,0.561415461777565,13.5016623061386,241.550480365291,0.169028527058454,2.99744105017898,1.70812077765,0.142041460870583,0.096802080371946,0.0640208456692133,0.0605139423892986,0.0853954536367309,0.537141327391391,0.517601838817609
"SSA_00044",4.51514702951449,0.0280902654191798,0.0888554564324868,0.0114581268096335,0.225120412865883,6.48133341993574,0.0593448567509445,0.479435376365917,0.167895309209442,0.136202115381148,6.46057910486014,0.767962746464455,0.0505692698552234,0.0431884650242322,0.163985382147774,0.114576519296506,0.114506134423696,0.0914767748225644,0.0794413597255605,0.0881025259316243,0.679408009135959,0.561419570361869,13.5017951775991,241.549440197686,0.169025957896566,2.99685784593725,1.70799394771997,0.14063304482168,0.0968001874819647,0.0640214194350571,0.060514207155017,0.0853951022711511,0.537139594976901,0.522260306037825
"SSA_00045",4.56309397858347,0.0280902134305684,0.115848861106494,0.0166115735978504,0.22457865712287,6.48144040764533,0.0593456780109292,0.479441600316136,0.197371340229915,0.151795427509801,5.55954994605295,0.767945262586493,0.050363680998377,0.0239823188548417,0.152384784685064,0.125672747682645,0.0842768086015536,0.0939356652924149,0.0794414494155564,0.0881015950490344,0.679399265513113,0.561417467011093,13.5017583797905,241.5508719551,0.169028258777262,2.99884464270843,1.71966794191224,0.143071714629917,0.0968008450667329,0.0640210945585937,0.0605132892708549,0.0853954710243588,0.537138483402354,0.45381545457993
"SSA_00046",4.5248426297859,0.0280902432024391,0.0931213404869576,0.0139760738950803,0.226887945487838,6.48126552672044,0.0593448724320538,0.479441145026594,0.157444170942348,0.153399126341922,5.41000878973463,0.767954237683084,0.0504233568210311,0.0272724665311101,0.153928347822217,0.121197444151676,0.104619979946862,0.0931676365049746,0.0794423410869412,0.0881020872366398,0.679396685810528,0.561418055759477,13.5016556903574,241.553019232382,0.169025742927404,2.9987204603556,1.73463240869395,0.141983979986308,0.0968038387949841,0.0640218989894481,0.0605148397854931,0.0853962228973856,0.537136057169745,0.52884844723769
"SSA_00047",4.57235132148253,0.0280899689484375,0.087678548878977,0.0146677132980281,0.222886837397702,6.48141968755073,0.0593447304617088,0.479442082423235,0.13193900462069,0.156197998859927,5.77590466139934,0.76795832015118,0.0504101048869529,0.0370801312441606,0.157925241485997,0.102947384428177,0.108401577354094,0.0916916787767805,0.0794420343322535,0.0881010120271547,0.679410506753735,0.561415414347356,13.5018628582199,241.550450757642,0.169024235259239,2.99808786960313,1.69485142965756,0.140375866733025,0.096802187694763,0.0640206076914316,0.0605140670922507,0.0853940704286223,0.537131816940258,0.529040834298951
"SSA_00048",4.714708415988,0.0280901781355889,0.0909696817475297,0.0165999186659864,0.224821346060932,6.48135448206574,0.0593444512301868,0.479443333122297,0.125924386028753,0.153286429429883,5.19761513301561,0.767944722910146,0.050335538382405,0.0357604001372821,0.16524743336972,0.100844711701633,0.0931350094420925,0.093758525216943,0.0794416044097787,0.0881019481261948,0.679411725886033,0.561415700858183,13.5018921145886,241.548179105206,0.169026242264325,3.00244480933878,1.69018341680359,0.139456360856757,0.0968006599935884,0.06401989601122,0.0605141566056094,0.0853945267766238,0.537132788921458,0.456720898910618
"SSA_00049",4.38119638476044,0.028090365679701,0.095500070112249,0.0139434715609015,0.223569850254326,6.48127005328915,0.059344795489357,0.479440082900008,0.129434848538585,0.145327499858959,4.53134076798116,0.767937957224412,0.0504138808364358,0.0304091233342728,0.151396818335445,0.0973832932361622,0.0819796148028763,0.0919901118487211,0.0794425353937776,0.0881009957224017,0.679405347183494,0.561419563209547,13.5014871390828,241.554618750438,0.169024265685824,3.00005362958098,1.69432948370486,0.140392318608532,0.0968003510282579,0.0640193687155118,0.0605132259272965,0.0853946543570502,0.537131561764962,0.577415682528793
"SSA_00051",4.56425059993045,0.0280899250932976,0.101045399475114,0.0162483846877544,0.224926436192063,6.481417284354,0.0593450315525707,0.479436636244709,0.183547419422825,0.172220850885535,5.79755005925312,0.767944635958053,0.0503499054579016,0.0377266331870629,0.171215533549757,0.112005090904617,0.0942373359172978,0.0951750048979965,0.0794412506862016,0.0881000265493368,0.679406230908902,0.56141657046087,13.5017637257816,241.553556229669,0.169027035861813,2.99603093485393,1.71516332558504,0.143322061747623,0.0968029320705933,0.0640210615288176,0.0605127851909406,0.0853946266321945,0.537142760176765,0.532673279505456
"SSA_00052",4.45881936513542,0.0280903370826772,0.0969275784912288,0.00997200424185833,0.223147211773031,6.48139174650724,0.0593458838732175,0.479439308542824,0.170414561501718,0.147889597999143,5.56461242085637,0.767935883583436,0.0504603107338773,0.0401057010039432,0.168295310682141,0.0980273188260633,0.0968647824748215,0.0933219668920976,0.0794420727519864,0.0881009095058785,0.679413579493336,0.56141845422352,13.5015023173664,241.550062835189,0.169025022628773,2.99766968865819,1.69948874751153,0.141004410202731,0.0968018496588863,0.0640217686324042,0.0605141306778148,0.085395657358955,0.537138499692667,0.47965267869849
"SSA_00053",4.49429388779008,0.0280902834840449,0.0888381685682749,0.0160960824121286,0.226952032025554,6.48136945503423,0.059344866296125,0.479443087131371,0.15447715217935,0.148057973130137,5.53741912322134,0.767940796290877,0.0504751845321,0.0330818576905616,0.159422523683087,0.119409429571493,0.0966938349638672,0.0922761338817989,0.0794420082487084,0.0881020310418253,0.679402429174516,0.561417776434294,13.5017311678632,241.550084450558,0.169026200739759,2.99837780665925,1.71855176497986,0.141627775811179,0.0968019550822383,0.0640204371588127,0.0605140665177192,0.0853946171158518,0.537139475995139,0.523030620768849
"SSA_00054",4.56038013473336,0.0280900725174405,0.0907223207842705,0.0166832396175213,0.225389367940274,6.48135718485464,0.0593446541426546,0.479435132134006,0.183048988530425,0.138160855063365,6.45419357891347,0.767957651290001,0.0506382808283404,0.0371186505442323,0.152556909500566,0.127278092678651,0.107853420958475,0.0921137447026975,0.0794417794264733,0.0881018643581823,0.679399510292408,0.561418162481672,13.5019941317645,241.550229556969,0.169026194617076,3.0005627253824,1.714454608538,0.141023511651999,0.0968025563216269,0.0640214524578929,0.0605130734575159,0.0853942971143858,0.537136886873432,0.557096770641606
"SSA_00055",4.53383878189151,0.028089795149393,0.105516463615128,0.0154132599187375,0.222906752308458,6.48134158388098,0.0593449563542679,0.479435564258048,0.190951184679172,0.131988722164117,5.98954536757943,0.767925928471764,0.0506024293930524,0.0479262008232265,0.161796516379834,0.121304406456775,0.115780930691188,0.0914684138912075,0.0794414538525631,0.0881003251092018,0.679413003262681,0.561416728711024,13.5018403731164,241.549386275423,0.16902321758418,2.99846792856341,1.70882578757776,0.140147960282708,0.0968029974651848,0.0640205274464235,0.0605121020810916,0.0853947473190458,0.53713888144934,0.587706041150194
"SSA_00056",4.38092353704124,0.0280903952449309,0.0670174102693848,0.0193342076316521,0.226469211397683,6.48142210023691,0.0593448183789326,0.479432426175932,0.16164053545891,0.134948947499165,7.16054774751414,0.767967008090436,0.0508374604831307,0.0264906533300882,0.164708837356198,0.0848520942902634,0.117714697955455,0.0926840956013598,0.0794438003073704,0.0881033451158274,0.679416808547598,0.561423636680892,13.501617279453,241.547031201722,0.169027530434383,2.99524109847715,1.70447038625174,0.138607658840182,0.0968032453278065,0.0640213119193786,0.0605146308406244,0.0853946742524679,0.53713892404379,0.573452732047943
"SSA_00057",4.2928979639853,0.0280897638734307,0.10000532847383,0.0141630588672537,0.228507238447175,6.48126258074971,0.0593443695836704,0.479440866776775,0.177500298130029,0.170198512010126,6.64875100433223,0.7679352973764,0.0505419522568772,0.0445199900666798,0.172809823951864,0.100429620994079,0.0820572948204973,0.091222410115876,0.0794417102083495,0.0881015316928214,0.679415929844123,0.561418172404866,13.5019380538243,241.549682120913,0.169022695031259,2.99361220499207,1.70888119165058,0.137881129930165,0.0968008892174507,0.0640208094966091,0.0605140274542383,0.0853937921573305,0.537140018685602,0.530635470924518
"SSA_00058",4.63291145301275,0.0280898491727484,0.103010486020238,0.0182574389333537,0.224173576926574,6.48115810143559,0.0593461813713795,0.479434980055131,0.0927738849151692,0.208983047974334,6.70936373617009,0.76795472287547,0.0507852985097357,0.0462365220978811,0.165187439227951,0.0742786245184037,0.109548032595662,0.091853215803685,0.0794420654289806,0.0881040406689542,0.679392478717155,0.561421705504862,13.5018085918791,241.547606107581,0.169025433218086,3.0022376398926,1.70952623405485,0.134957740661593,0.0968000905582981,0.0640231821816544,0.0605134886467288,0.0853940037457889,0.537135611768077,0.460247669628184
"SSA_00059",4.65549763757137,0.0280904027913709,0.111699721037296,0.0149079945553194,0.227621085386005,6.4813548446139,0.0593442992904979,0.479443831294835,0.204928975107528,0.17650632084388,5.13399322541605,0.767946756817568,0.0505352684474968,0.0367733952470314,0.144408586785826,0.112999835662593,0.0997573635608751,0.0929243328798807,0.0794411604787143,0.0881013598491253,0.679398730771705,0.561417878117844,13.5017836359586,241.548984362427,0.169026215614876,3.0083700753194,1.72439520696853,0.144243098163651,0.0968014771533708,0.064020842139937,0.0605129615147514,0.0853943557358528,0.537143356651852,0.483302666064684
"SSA_00060",4.86416567493997,0.0280896807738734,0.0888935255406093,0.0108736422531441,0.224792175295768,6.48116600584592,0.0593467538808828,0.479431229755611,0.0920024741505204,0.163724709725721,6.35577816119194,0.767939375010669,0.0507643108001458,0.0565950487753405,0.17989913715014,0.0836578573520675,0.107072654826973,0.0931742276300389,0.0794412525279463,0.0881034992650931,0.679394769738336,0.561414558597612,13.5017506158292,241.5473456974,0.169024798075161,3.00586493875127,1.71158795511061,0.138493489200353,0.0968016115393326,0.0640202881779407,0.0605140343394671,0.0853921482934833,0.537139205696569,0.49922406328572
"SSA_00061",4.3651688144486,0.0280900975370312,0.102145298926813,0.0106125269392203,0.224131994738164,6.48130683643404,0.0593454929840069,0.479437351239052,0.17487974399839,0.141592200940831,6.21249312812345,0.767955381028268,0.050437945078106,0.0425078263785918,0.164869942709948,0.121727085526874,0.0980866790704467,0.091653584806042,0.0794416630467789,0.0881019858600852,0.679395080179203,0.561411658958786,13.5017496476801,241.551267764687,0.169025141679821,2.99289222599657,1.70272411205732,0.139216917374186,0.0968017723025634,0.0640213072643133,0.0605144442371213,0.0853938969561122,0.537134876212958,0.524229833010083
"SSA_00063",4.55814786032891,0.0280902059411389,0.0822964327410833,0.0135295239555247,0.22582204806721,6.48139771569827,0.0593453823671498,0.479442036949164,0.163214997267013,0.160135568746267,5.78478437621825,0.767957660576899,0.0505195237553257,0.0356323471333847,0.160176935452964,0.110151855006393,0.113870690085271,0.0916518521552737,0.0794415426046518,0.0881024111700287,0.679404649387611,0.561421727750966,13.5016752905349,241.550660477573,0.169025449546741,2.99691683706928,1.71607557876169,0.141068449475164,0.0968024295346816,0.0640210698704387,0.0605146957074397,0.0853956952707838,0.537138840570127,0.527579270437974
"SSA_00064",4.48639415606588,0.0280901197322892,0.113641927258404,0.0150608158869508,0.225057877409287,6.48136144104678,0.0593446032193846,0.479441961134177,0.164515077381605,0.15903498934825,6.04029704989794,0.767944645514409,0.0502939150761698,0.038776320175291,0.15558178641449,0.102345078673665,0.0875578844058891,0.0943386194147216,0.0794430463890748,0.0881013504793232,0.679395022036881,0.56140974521581,13.5020405804037,241.55186664036,0.169027144395163,3.0002880168244,1.72609426042004,0.140441232612115,0.0968013694249073,0.0640205417560945,0.0605133975639985,0.0853951974250539,0.537139884136211,0.549756291352154
"SSA_00065",4.33431827460998,0.0280903333034064,0.119785694734474,0.0124452736739537,0.225589104420635,6.48140520268791,0.0593445075225017,0.479436341962763,0.153040402658476,0.146355447084287,5.70285974632936,0.767937834067993,0.0503539471205608,0.0308604573002689,0.131167019802289,0.112884950121698,0.0955381220159816,0.0914699501655787,0.0794415944642423,0.0881021753469445,0.679387920516618,0.561410687952525,13.5016915250531,241.552834816178,0.169024614458949,3.00089660257754,1.73242527261365,0.143234621133868,0.0968043696904997,0.0640207585659068,0.0605133514501204,0.0853935743645812,0.53713704548704,0.484876417538667
"SSA_00066",4.54356908673846,0.0280900005413703,0.106716239641195,0.0122517918587242,0.224119760023389,6.48158451284939,0.0593445728888963,0.479440713999088,0.189188827057752,0.200780714345298,5.75241053824724,0.767950997023527,0.0504705397735141,0.0249282539300831,0.152848745240731,0.124943713409045,0.0958222379616724,0.0936198133025548,0.0794420207355396,0.0881012870733535,0.679419139339986,0.5614285430668,13.5017186948634,241.549904376982,0.169026110548194,2.99067886262755,1.70292239683151,0.145163378933504,0.0968034776098739,0.0640198483864355,0.060513258364987,0.0853959644646518,0.537139667812061,0.553986465479012
"SSA_00071",4.47611599747782,0.0280904788953976,0.0805440244116823,0.0103655851314802,0.221473031453464,6.48133770541438,0.0593453634003542,0.479434637137954,0.18539383007959,0.200107689365607,6.6919351590568,0.767962196783896,0.0506264938936087,0.03792226697285,0.17166249268407,0.111397156963417,0.112571440066821,0.0939395456811773,0.079442448456586,0.0881035493207411,0.679384230052974,0.561416719875645,13.5016520612632,241.550407605226,0.169025592800471,2.99649780325311,1.70613712704859,0.14030132092897,0.0968034266815142,0.0640222379450454,0.0605131815252895,0.0853950078482158,0.537135042963971,0.589112784454305
"SSA_00072",4.24262224961373,0.028089857729732,0.0479611385301635,0.0120905361221754,0.225679809550204,6.48124752389072,0.0593444491494306,0.479427849726465,0.120056002250754,0.17676739285766,6.88393867491599,0.767958478387668,0.0504996008732543,0.0206918307359253,0.181015437409726,0.102205708451553,0.0805882447118046,0.0914180524802249,0.079441485752619,0.0881015387422759,0.67943032967924,0.561418174431503,13.5018286583503,241.552109097585,0.169025396955794,2.99124172052619,1.71106122128058,0.137852023693594,0.0968022365454625,0.064020645250351,0.0605134629394684,0.0853946806705991,0.537136242353355,0.678169571602206
"SSA_00073",4.38755742917533,0.0280897367683849,0.114743027374922,0.0154696113313907,0.225587333325697,6.4813148574292,0.0593450303248403,0.479440085101228,0.160833170434938,0.182915401738221,6.63841549633353,0.767956387276226,0.0504589627465846,0.0489797102452044,0.162118745268121,0.128610315304901,0.0984768438761876,0.093490340343475,0.0794414183746164,0.0881008899428337,0.679395953551826,0.561422137302461,13.501966325749,241.54875807665,0.169025324014337,2.98650807325593,1.73351009133533,0.141390873025733,0.0968022853081781,0.0640209481875157,0.0605137645848767,0.0853940591182946,0.537136526541162,0.530717681881333
"SSA_00076",4.31572524088648,0.0280895355655529,0.114159381692485,0.0140867590785371,0.223849872365536,6.48138400588144,0.0593458240679735,0.479437628541373,0.176140426473256,0.166865386697011,5.484894240226,0.767945837309271,0.0504366940640663,0.0372367755026971,0.171633155034383,0.106864170083823,0.092584365252421,0.0942279999714962,0.0794393806795911,0.0881011081254809,0.679406136384556,0.561418930835479,13.5015107871238,241.549733605464,0.169023084116124,2.99606741819264,1.70676496491091,0.141033995909224,0.096802167995227,0.0640214264240607,0.0605132596302263,0.0853951682291898,0.537137657269015,0.586050752362571
"SSA_00077",4.64290217268877,0.0280900663151222,0.100846313243033,0.0115652351087558,0.226232254574223,6.48141298273171,0.0593453850210852,0.479432840889172,0.201259175187912,0.169237021537545,6.20243500187099,0.767954035863896,0.0505354201456966,0.0382736596376379,0.157514908399228,0.122309521191245,0.0941163190245487,0.0924361731938041,0.0794417081415889,0.088101954750466,0.679398939741237,0.561421285149268,13.5019210611447,241.552847160629,0.169027244438979,2.99639817465321,1.72374828468258,0.14329551407957,0.0968021586198695,0.0640211378970062,0.060513468345638,0.0853944391603632,0.537143600808128,0.450081423498833
"SSA_00078",4.33003664913674,0.0280897961767911,0.100183390298419,0.021548887395332,0.224601394687548,6.48137274308779,0.0593440926381743,0.479444469367798,0.190101283159812,0.137800785673196,6.43199167003467,0.767942643473101,0.0504076770620719,0.0398655822116815,0.169617774726143,0.130848197450542,0.096573184986636,0.0929886415504702,0.0794417440482163,0.0881008822475422,0.679417797365422,0.561417880211146,13.5017820718877,241.547154761621,0.169026429647221,2.98642750349022,1.70337876738368,0.141272556173434,0.0968015503958158,0.0640210821783375,0.0605124688405808,0.0853941901449357,0.537133927822395,0.536099639271646
"SSA_00081",4.58348520131279,0.0280896102888016,0.10749590652958,0.0100077935695114,0.223925881459189,6.48132483271242,0.0593455696328836,0.479431804124367,0.16657210223895,0.199802138000909,6.33448253166866,0.767951953908115,0.0505793583811253,0.0378859613790964,0.170666212987455,0.10704226455033,0.098586410034586,0.0913806835434072,0.0794410485557523,0.0881012359643933,0.679404201679436,0.561422480585345,13.5018470582583,241.55045971642,0.16902614965646,2.99730672486239,1.72658275112368,0.140621253789495,0.0968019375483659,0.0640222736862669,0.0605138432789466,0.0853952193545637,0.537137583820673,0.530435507405312
"SSA_00082",4.72682372367515,0.0280897465362221,0.0830078864236961,0.0156280720536259,0.226863778857266,6.48138025453814,0.0593448093867805,0.479441549446245,0.119688181592259,0.133937433676819,7.12047011533718,0.767944976554353,0.0505261871129296,0.0302146291674611,0.170418237637088,0.108004691093772,0.102176572957353,0.0947046909655444,0.0794415789935196,0.0881012954045182,0.67940950269795,0.561408902004534,13.5018554952113,241.548001949032,0.169025201163341,3.00431411882967,1.7143674731927,0.142354077449639,0.096802361399489,0.0640211956750137,0.0605141951118185,0.0853938308377441,0.537146755908845,0.574975554995932
"SSA_00083",4.43246027780485,0.0280898180065133,0.083996591768674,0.0165797675880477,0.222850193008673,6.48141367712805,0.0593449769345115,0.479445905753508,0.181063403476437,0.149719406137033,6.33595857668591,0.767950777329481,0.0505880103214598,0.0259246617040822,0.161106925564502,0.112979656587898,0.104553125536346,0.093969751934571,0.0794425726314961,0.0881003511545894,0.679421230882488,0.561414616490498,13.5017607426583,241.547414135332,0.169023200737739,2.99949069471749,1.7080118525825,0.140232920945691,0.0968021718869208,0.0640206038409151,0.0605133862153417,0.0853944014549906,0.537139602556301,0.527066366315555
"SSA_00084",4.36565683272177,0.0280896798294934,0.0820781222818286,0.0143213924492334,0.226395873516225,6.4814132547652,0.0593440211877943,0.479435816777853,0.209509660063227,0.142348711832591,5.64102214004825,0.767925973191956,0.0504909091349986,0.0329066530481708,0.156617679924029,0.112934410489859,0.0752365533468763,0.0935355676717246,0.0794415459805117,0.0881020880087681,0.679414903254671,0.56141746544137,13.5015440861462,241.551453821361,0.169026642595355,2.99331228407124,1.70588356055104,0.143274964893892,0.0968022365232979,0.0640204534385581,0.0605141141634304,0.0853950786218791,0.537150912434165,0.56197209937177
"SSA_00085",4.56846635195111,0.0280905213396338,0.107615129972669,0.0152990410289177,0.22480790601713,6.48139000329394,0.059344691193906,0.479436366785998,0.134248934900153,0.184574112221376,6.27943575082729,0.767952635472498,0.0503987579128661,0.0301075887362021,0.150402464380743,0.112091374402069,0.0944686962115774,0.0932199586218639,0.0794432223319699,0.0881028429263405,0.679383932462174,0.561417004782146,13.5018406060573,241.553705239665,0.169026643655574,3.00798580558215,1.71841307160647,0.13840859179282,0.0968041863780555,0.0640213906351327,0.0605137360393263,0.0853942324813677,0.537142130495653,0.527738650721132
"SSA_00086",4.4333263340714,0.0280903462497193,0.101971979689876,0.017108522637146,0.227212354486262,6.48137393244525,0.0593452077612995,0.479442187197486,0.1404127288193,0.139817572992437,6.33349974423531,0.767952749495088,0.050434187327522,0.0353094661941853,0.169584555813936,0.10878721340159,0.103727144029266,0.0944390893239763,0.079442257136193,0.0881010352875824,0.679418046897994,0.561419091359891,13.5018830441387,241.547886603617,0.169025885379914,3.00089008237071,1.70972732129379,0.141218922676813,0.0968008563730704,0.0640204164538533,0.0605155983151546,0.0853946455480827,0.537140575274563,0.524270232639012
"SSA_00087",4.63378806627672,0.0280900951708157,0.08081973003682,0.0156794345387633,0.227534457104928,6.48134705074484,0.0593449754983995,0.479432613735564,0.132683254434809,0.154275215917991,5.32902773041682,0.767948383703162,0.0502505939953357,0.0342546361813582,0.169602094350934,0.106070076126635,0.0907129918892624,0.0922065149825813,0.0794417098550485,0.0881009484686033,0.679414154247016,0.561422052812113,13.5017020642244,241.55140051961,0.169029532883162,2.99471551424864,1.70500376597922,0.140802147754122,0.0968023830496266,0.0640208188730603,0.0605152319955298,0.0853938923902888,0.537140641018053,0.613206557999165
"SSA_00088",4.48980240844958,0.0280900499034912,0.115786188806544,0.0132001634962484,0.222563952825263,6.48138323816167,0.0593454124647455,0.479431481520514,0.191195082086862,0.158923444029735,6.02657703749987,0.767951381600306,0.0505636310530261,0.0402473748208198,0.178517623926249,0.0990681790347435,0.0913961279706715,0.0932958074316098,0.0794423782361765,0.0881003345449,0.679420095271308,0.561427213400473,13.5016469226579,241.549942757719,0.169027743743686,2.99548525697368,1.67949738425662,0.140731247633568,0.0967992663538593,0.0640221626372584,0.0605120040547446,0.085394552207002,0.537138137591514,0.431612694454577
"SSA_00089",4.38035094986261,0.0280898203563591,0.0692710733062312,0.0136154043046251,0.224825815695387,6.48133544897919,0.0593447823380988,0.479435156984313,0.162570116846377,0.149928724732831,7.01201064208944,0.767940342898468,0.050378291650454,0.0387161012607559,0.166501439199308,0.120103372194445,0.0923676755392476,0.0925867703760763,0.0794423043184228,0.0881008139783873,0.679406789210471,0.561416937090712,13.5016742647816,241.550297590083,0.169024924718545,2.9877476161885,1.72727678095001,0.140978394654375,0.0968050974841675,0.0640202014025225,0.0605137819251263,0.0853928925634907,0.537139815358148,0.527725364193558
"SSA_00090",4.45736345332859,0.028090650827822,0.0999337088366872,0.0142165912304057,0.226457308329721,6.48144182353955,0.0593445739216744,0.479439953103525,0.157273764229642,0.177982476942658,6.14752739806545,0.767950492507069,0.0504041786746095,0.031383446911243,0.155074193550869,0.111614286709868,0.105056154438128,0.092361280146757,0.0794427921679362,0.0881024763757797,0.679393719098402,0.561415879849049,13.5018158759228,241.55153841461,0.169026294427051,3.00091503049123,1.73221898283736,0.140511562779482,0.0968037440819181,0.0640207030750867,0.0605145644448106,0.0853941767749972,0.537145133905335,0.559768243940373
"SSA_00092",4.49517939439759,0.0280899572701693,0.0951819521167125,0.0162970168374636,0.226724565128025,6.48136281532725,0.0593449939304656,0.479429270970524,0.150755227359985,0.149980788485256,6.31838382370083,0.767952967162201,0.0503301585051051,0.0260914467599016,0.173266657154533,0.127408806987357,0.0879510048525387,0.0918862208720034,0.0794420093579371,0.0881030730362065,0.679412635297867,0.561417193050087,13.5021285563963,241.550849711787,0.16902882204129,2.9920781208501,1.73103626069006,0.137623329498736,0.0968007419388698,0.0640211654755006,0.0605144303676387,0.0853941741370888,0.53714193602737,0.575088991328049
"SSA_00093",4.55895168860517,0.0280900253648014,0.107197468880154,0.0127412477001461,0.226047656068855,6.48117644400967,0.0593455025547,0.47943689212346,0.106827336708787,0.172794600783913,6.68269223508483,0.767962185714053,0.0506026560214017,0.0441163361708177,0.173616524735623,0.109098513476066,0.111588234922079,0.0922936701289782,0.079442573305917,0.0881024680036563,0.679393399941643,0.5614247407146,13.5018986279259,241.548446264,0.169026441991237,2.98737560806333,1.72205244741365,0.139408869809479,0.0968007797892393,0.0640210853834982,0.0605142777624603,0.0853941765774111,0.537127880142239,0.569635783887003
"SSA_00094",4.41708487312131,0.0280900246419228,0.126866929618089,0.0171421865551724,0.227085541275548,6.48129570348134,0.0593458490528873,0.479442940691449,0.152181694350057,0.164462742334798,6.44427886254446,0.76794719510803,0.0505457525679747,0.0301586973196164,0.178213155473675,0.106327729060697,0.105297966432144,0.093113253547078,0.0794413008668036,0.0881018107081876,0.679395729110078,0.561415615413044,13.501875636901,241.548706638818,0.169022531153958,2.9986305015329,1.72670952447939,0.141087010828007,0.0968024959166052,0.0640221780124504,0.060513715704431,0.0853943850370861,0.537137686892655,0.56387186660922
"SSA_00095",4.84468195171158,0.0280905378883056,0.0612185658879387,0.0146576674207627,0.225725168853133,6.4814776063811,0.0593448945891731,0.479438100544236,0.169415497345508,0.152757501861248,5.29879127343043,0.767956528134037,0.0505204282792753,0.0273066195766387,0.148049100588938,0.0995607563452121,0.114071688234298,0.0921118766895248,0.079443069363303,0.0881036777415403,0.679394565617718,0.561419142991431,13.5015879199969,241.554164888425,0.169026929122653,3.00694719836559,1.71124608105633,0.141407985891547,0.0968041555606114,0.0640215138488464,0.0605143615673845,0.0853958147001786,0.537145251436459,0.499908634065906
"SSA_00098",4.61627993078931,0.028089920359172,0.112008951139619,0.0108160285935145,0.225015295765092,6.48154531178625,0.0593453449229673,0.479444851490345,0.192772059263058,0.14232851573663,6.62610189756295,0.767946465164656,0.0504009553094707,0.0356295099220169,0.172498667915102,0.109576172326125,0.0890948892143868,0.0943320865245653,0.0794421455415158,0.0880993258051945,0.679423761940825,0.561409598763481,13.5019678080698,241.547690914788,0.169025068263857,2.99917882453293,1.68968380127144,0.141513617383153,0.0967995665792163,0.0640202225421559,0.0605139637411017,0.0853940465739263,0.537144058928873,0.451980039599346
"SSA_00099",4.26501757208941,0.0280896038169158,0.145026663632224,0.0168630205625188,0.224817418313768,6.48149782913627,0.0593445678555053,0.479449365645439,0.14750114044445,0.158499043074125,7.04016844579087,0.767961211029721,0.0502307706721808,0.0312002669758242,0.174627712150243,0.111993148042858,0.0743921739272634,0.0940892857114608,0.0794424757641392,0.0881006785598307,0.679411490077667,0.561407347983307,13.502025167912,241.548091015391,0.169025907946965,2.98135002981725,1.71395154484672,0.141310508370862,0.0967999411935972,0.0640210602809791,0.0605139381624649,0.0853933211301268,0.537136348100205,0.424913167136055
"SSA_00100",4.60583278162247,0.0280900853716945,0.112413070835649,0.0144321474265917,0.225956787014417,6.48145125938983,0.0593455068366815,0.479442462010629,0.185032693969318,0.150104306791152,6.30346377959922,0.767951231467753,0.0504210949834193,0.0319978381222175,0.154342346604768,0.118565816271874,0.098473187577727,0.0930263173628256,0.0794417931203276,0.0881015082353677,0.679401261658325,0.561411916183382,13.5019473681842,241.549848193698,0.169025497905245,2.99968200330265,1.72184709043014,0.141502392557941,0.0968019961965545,0.0640212202838367,0.0605137119642471,0.0853943602000005,0.537141209555754,0.456661269533099
"SSA_00101",4.4373813341327,0.0280899001185784,0.126680906089098,0.0189369793455492,0.227313364412024,6.481307735254,0.0593452721869218,0.479439196264565,0.123443215749445,0.198197981608248,6.62339598283733,0.7679433850448,0.050648699483255,0.0457819334317943,0.166901244823935,0.096619548242805,0.110214519533947,0.0929661558168935,0.0794424913635233,0.0881025466620092,0.679394318728663,0.561419266099771,13.5019416214792,241.544920105205,0.16902501799038,2.99694911412414,1.72303536496847,0.139169556163169,0.0968022767821846,0.0640210979571722,0.0605132978572437,0.0853932288946383,0.537136363204555,0.571226678256809
"SSA_00102",4.46105551818033,0.0280901809476609,0.103371478640386,0.0144286331193561,0.221123741835988,6.48139574155582,0.0593448063141873,0.479437591129844,0.161950405958555,0.190244729425855,7.05557071693953,0.767952844490384,0.0504301627332535,0.0410017887309313,0.167879660697905,0.103392292722497,0.110438045421072,0.0930642194001718,0.0794415101005943,0.0881000605632782,0.679417657696977,0.561423348776706,13.5015546067498,241.549383402623,0.1690265318562,3.00250804905214,1.69537911974196,0.137540281922039,0.0968010906880185,0.0640219600877267,0.0605134044988505,0.0853948288392913,0.537141942979028,0.57621758613678
"SSA_00103",4.29870921036041,0.0280903346315352,0.107769388262081,0.0150607790107785,0.224414641550007,6.48142922656682,0.0593448426552882,0.479439790717254,0.181698253033946,0.143295064364824,6.32519967009504,0.767938311438957,0.0506335485718607,0.0409090693801738,0.166221566251748,0.101581345458374,0.102356588326931,0.0936325383236027,0.0794434605910486,0.0881023012693768,0.67939836183614,0.561413028194574,13.5014073239205,241.552429941252,0.169024921603714,2.99581094339106,1.68964798451743,0.139951689029995,0.0968004364053443,0.0640204250806661,0.060513697255639,0.0853956304717925,0.537140931040673,0.608552323193084
"SSA_00104",4.66737667101454,0.0280904901839189,0.0901536736440064,0.00959377575124217,0.223934098512632,6.48142125036053,0.0593450436427138,0.479446331936248,0.166472355526964,0.131307789907125,5.48550369655923,0.767936941054979,0.050530369467504,0.0344163993932556,0.149655468638323,0.119013302924731,0.0978904486795563,0.0926956436669019,0.0794422362763376,0.0880998665294468,0.679399990041654,0.561415473310596,13.5017600609587,241.547820764905,0.169026682926804,3.00067334260028,1.7125498442151,0.144697541537761,0.0968009748093305,0.0640190858232068,0.0605136727379463,0.0853938943306664,0.537141999600698,0.526947902736362
"SSA_00106",4.47367019565521,0.0280903955222294,0.0896230628701225,0.0144484273923303,0.224590375490003,6.48135996233885,0.0593447530626,0.479435743672731,0.186430797180888,0.163472939299829,5.75629087529053,0.76794574305606,0.0505127678753056,0.0359773809712393,0.15514178734905,0.12233404057769,0.104877075070938,0.0917978918642498,0.0794419115551398,0.0881025870880214,0.67939655230877,0.561419115125067,13.5017554487854,241.551911524449,0.16902598021146,3.00061175709265,1.71323277983673,0.140062197673673,0.0968033786474438,0.06402154033516,0.0605136331488173,0.0853943195642717,0.537144420113057,0.557575734103787
"SSA_00107",4.66765834299623,0.0280901585715453,0.0973457774578504,0.0122231843686562,0.224606893330262,6.48138374435318,0.0593450060384171,0.479444122270961,0.155524812465406,0.157257444265316,6.34980681193488,0.767956666469879,0.0504396293325177,0.0311389223115677,0.150215858121294,0.11657972557643,0.102961867721142,0.093879986578233,0.0794414875640141,0.0881012158260409,0.679404334126348,0.561412633442315,13.5017662036145,241.550017040668,0.169026733987514,3.00676998193965,1.71529218468617,0.141578525701535,0.0968011139505964,0.0640224775252879,0.0605144657042134,0.085395383915749,0.537147695855445,0.542607300547908
"SSA_00109",4.3452495875087,0.0280900608349279,0.109978963882104,0.016187695001166,0.22453542243907,6.48134211956163,0.0593445695333635,0.479451918126442,0.181148287974174,0.170405774823268,6.00148000257078,0.767940461107759,0.0504078157044263,0.0340419453906186,0.148782256745503,0.127012142183623,0.0863594202927508,0.0940415554270822,0.0794425918081636,0.0881016008838678,0.679393845326774,0.561415998840439,13.5018189654916,241.549295995792,0.169026038507789,2.99766218690891,1.72977755027469,0.141389622897875,0.0968008261403102,0.0640210460153635,0.0605139822558067,0.0853953941347943,0.537142563462163,0.432905708244117
"SSA_00111",4.77762913559707,0.0280900161166869,0.0752564729294204,0.0151461585473316,0.223631533336939,6.48134633665009,0.0593452684545841,0.479438849494081,0.142771787315168,0.130199155206239,5.83884404604215,0.767944035900238,0.0506344931500431,0.0311637392702378,0.151199440613565,0.0902224005138802,0.104506442832086,0.0930565070092549,0.0794427657304994,0.0881016724315764,0.67939781037389,0.561414255800787,13.5017320878059,241.548920384651,0.169027045929351,3.00425906348473,1.72268762677853,0.139330603378958,0.0968011862514433,0.0640205513753849,0.0605134526605113,0.0853953875592628,0.537142163889778,0.490796555330584
"SSA_00112",4.55310734096597,0.0280904198486529,0.109914298059933,0.0114690032273722,0.223131879321468,6.48142553120183,0.0593446281712503,0.479442255946626,0.195299343926725,0.165001605540228,6.39196612431492,0.767947098725078,0.0504125331694859,0.0295178696445767,0.162404368408881,0.121809913705728,0.0942865926436989,0.0937666841430063,0.0794423215516912,0.088101034729781,0.679405773172805,0.56141697607615,13.5018087980274,241.550706197274,0.169027183683253,2.99846699617258,1.70874821800673,0.141424208010864,0.0968009118655204,0.0640212975727081,0.0605137702403817,0.085394973658932,0.537143839234265,0.496331325989594
"SSA_00114",4.38832603279522,0.0280897219469014,0.111396771334627,0.0108197959791828,0.222076651099501,6.48148334208055,0.0593452059452542,0.479436415880848,0.210150670138984,0.16996437738776,6.79154758611788,0.767940053179126,0.0506237504126973,0.0350842255183019,0.180416839724561,0.10774807013002,0.0852518111963032,0.0940294178800321,0.0794416598078938,0.0880996363356611,0.679415972906919,0.561421949029714,13.5018639957641,241.550367784485,0.169025487759454,2.986995424876,1.71890735587244,0.1432741471928,0.0968008242813769,0.0640208382487073,0.060513177404172,0.0853946585404161,0.537145087186614,0.556257110784452
"SSA_00115",4.47581680700814,0.0280902092162216,0.102488080011055,0.0209903571017359,0.226719036433474,6.48134221706558,0.0593455718792448,0.479438648446181,0.162531971130727,0.141641139175451,6.26501860084775,0.767940273512238,0.0507579170989592,0.0327117732457477,0.167908994140454,0.114677901729323,0.107356479863124,0.0932432522720256,0.0794432137344665,0.0881027754450697,0.679402229721598,0.561420576213076,13.5017403387777,241.546144296362,0.169027068157427,2.99602160076159,1.7103995481878,0.140062078409031,0.0968019060622246,0.0640198405416105,0.0605131859717044,0.0853943346077585,0.537136592419795,0.568532680021723
"SSA_00116",4.40468375690392,0.0280903664299237,0.111024892786395,0.0145863588375364,0.226227386552242,6.48146880253022,0.0593450668016113,0.479439016094285,0.21755158064395,0.176570448540248,5.97859749480754,0.76795949579227,0.0504904154831376,0.0331138220260052,0.164376059608918,0.118641396199402,0.0854680006354392,0.0932368449215004,0.0794429450532638,0.088101628969999,0.679414826165548,0.561426350505167,13.5018982830217,241.549719115412,0.16902867455533,2.98980653576532,1.69756382502258,0.141794001549486,0.0968009573894935,0.0640211854962585,0.0605137686129255,0.0853947389488219,0.537142193125584,0.461201067436712
"SSA_00118",4.53215852289293,0.0280899101204578,0.0991439419898324,0.011771638220053,0.221872630640776,6.48136633771452,0.0593455182514096,0.479441995240833,0.140476636642296,0.151453576486011,6.49013232933385,0.767959315573746,0.0503297552957146,0.0408038401381285,0.170708948752484,0.111859165903085,0.107469046405446,0.0927098697673198,0.0794424549121202,0.0881007004763179,0.679393906117039,0.561413250886388,13.5018052346716,241.55063324822,0.169023876502909,2.99068692047965,1.72743439662073,0.142347080871562,0.0968011760825838,0.0640196340362016,0.0605125964367132,0.0853942371539635,0.537130351871637,0.464987538064684
"SSA_00120",4.29955361213479,0.0280900171493406,0.0707901879461665,0.0106578947451141,0.224130389645076,6.48130736338542,0.0593448739271095,0.479437225675934,0.139764466431108,0.174404185372677,6.29729337728682,0.767943952150874,0.0506429104369087,0.042445623106108,0.148857212718704,0.113392378248945,0.112416539186642,0.0901966402416499,0.0794416035122263,0.0881012072326389,0.679397609562772,0.561417860039078,13.5014942488111,241.552837127716,0.169024169270547,2.9958613578168,1.72673705397805,0.139823361218479,0.0968040281575689,0.064021440853818,0.0605145411365257,0.0853949848216175,0.537147772453884,0.718141206775967
"SSA_00122",4.58688250891659,0.028090225000325,0.0887596562439426,0.0119556488387249,0.22328775770683,6.4813058774936,0.0593458939165351,0.479441670993943,0.116814998363881,0.135126310130669,5.68560381476507,0.767948814392306,0.050425875236538,0.035475400838903,0.15358940893229,0.112329325293691,0.0943167197341463,0.093261221801011,0.0794420671644129,0.0881013481631387,0.679390723936917,0.561419302976118,13.5015998669413,241.549144273976,0.169028148472513,3.00345479967398,1.70841841036631,0.139873774067094,0.0968028993200936,0.0640210320768791,0.0605133812645647,0.0853948751075898,0.537134633697336,0.478513282218752
"SSA_00124",4.20494519722039,0.028089620995944,0.0948518151170972,0.0171930646967626,0.22186097183148,6.48124777315063,0.059346479662853,0.479430494378331,0.155197199009228,0.166797723104664,10.841840194574,0.767964496968236,0.050673399834567,0.0425546152211878,0.246729344207567,0.11438802865276,0.0811771250490742,0.0975948001268352,0.0794427794308921,0.0881009001069423,0.679409968910722,0.561423359800131,13.5016770643809,241.550025214128,0.169021350934524,2.97426431844726,1.69182373764105,0.137454712173435,0.0968001479668287,0.0640206321608126,0.060512389638339,0.085393474922894,0.537118287143532,0.445491537692298
"SSA_00125",4.32076143639928,0.0280903330315969,0.0977678211872713,0.0169598019772803,0.224659372691866,6.48133439543426,0.0593448998534304,0.479444288866741,0.156870697061782,0.145105704780046,6.71723796000974,0.76795230060669,0.0505273961034006,0.0378029144323547,0.144052052095282,0.113831785428673,0.107904135871651,0.0926541222941601,0.0794435838532854,0.0881026161898402,0.679395614547208,0.561420617825101,13.5015727582889,241.548947016866,0.169028072883355,2.99326388415284,1.71701883302066,0.139339662793546,0.0968014838239465,0.0640211364317309,0.0605140262028618,0.0853959352496328,0.537140787387394,0.564034833106466
"SSA_00127",4.42569274838676,0.0280898190698413,0.0690796826317871,0.0148325349914855,0.226941070157136,6.48123776879892,0.0593433984122201,0.479439504865879,0.161235629874969,0.165098188180405,7.24273730122918,0.767955094153586,0.0504685268334191,0.0306227098039345,0.165160967891159,0.118739066755388,0.108117357906106,0.0937309300017008,0.0794416795409986,0.088100810356702,0.679412245268781,0.56140927303158,13.5020885621546,241.55181770474,0.169022492725382,2.98303358260226,1.72608008624241,0.142622764360386,0.0968033031465181,0.0640207516171914,0.0605148612843025,0.0853952899989092,0.537143302424635,0.647781481682931
"SSA_00129",4.30896786934196,0.0280905363253401,0.102160024722266,0.0173097942405912,0.224454658845395,6.48144244914347,0.0593442633406397,0.479439715240753,0.195660679325507,0.158612097096923,6.74795243875704,0.767949189962348,0.050422584515522,0.0345683618103991,0.168978536002778,0.132426871374435,0.0869601594981169,0.0930285119274247,0.0794436519302562,0.0881006580133121,0.679406259742152,0.561419353054615,13.5016921379324,241.552814127195,0.169027082005783,2.99141956944078,1.69058484253176,0.141588713667978,0.0968041009912483,0.0640206489532398,0.0605128013363687,0.0853938166873973,0.537139662588121,0.442247263939462
"SSA_00130",4.47059484511721,0.0280900472190798,0.0810356261882856,0.0158855684232743,0.223262273894435,6.48140287021681,0.0593445377109827,0.479433235267185,0.178748906899967,0.191269852854208,7.21996858730911,0.767954857322524,0.0504343238693232,0.043097245763491,0.170244804933045,0.120972263508944,0.0949828419607127,0.0928231532087972,0.0794424747595984,0.0881009816758375,0.679411340847902,0.561421977767086,13.5017800223097,241.552298164299,0.169026664221256,2.98403101579143,1.69887689910474,0.141189333676779,0.096801223429535,0.0640216745982289,0.0605133241548411,0.0853945948661243,0.537133276083356,0.477805837201642
"SSA_00131",4.47034843594729,0.0280902728836244,0.110611852930227,0.0101418880038703,0.220815543196879,6.4814711428725,0.0593451625291797,0.479440277480416,0.156631431418524,0.156819460948987,6.0809154705758,0.767954064546023,0.0504561962514483,0.0398741487909159,0.182495467579128,0.105507994680737,0.0967524570393247,0.0915706323320696,0.0794422421607377,0.0881020817089351,0.679413204483584,0.561414656048112,13.501800305665,241.548443054897,0.169025763855275,2.99304171602144,1.69562165576508,0.139805704800681,0.0968005658353122,0.0640205593109158,0.0605123755846011,0.0853945867276713,0.537131546822013,0.466842509542734
"SSA_00132",4.72813287240043,0.0280898677375655,0.116034361526297,0.015768081496446,0.226078141147987,6.48134916593586,0.059344308518802,0.479441640348131,0.170454412025043,0.174237864984944,6.15520669513576,0.767942854256176,0.0502383179274903,0.0368856803484294,0.156113313188187,0.109816547774533,0.0910305582262018,0.0949794157574171,0.0794416440497354,0.0881006763115712,0.679396555687361,0.561408935479364,13.5019135673056,241.552258340939,0.169025623919271,2.99511528050695,1.72006849409657,0.142946420334412,0.0968019927810075,0.0640203944608598,0.0605139030698231,0.0853943433597879,0.537143975415097,0.505129586419474
"SSA_00133",4.48185513388684,0.0280899965965365,0.0969996281842899,0.0150675014020656,0.223227862922078,6.48145963969424,0.0593453842582304,0.479432208315487,0.129750068105843,0.154891160412058,7.14483157737373,0.767960130409316,0.0505155118100589,0.0272204906489718,0.170931439981842,0.09825035255673,0.103961818971492,0.0926002830073827,0.0794434987924628,0.0881001800206529,0.679419497112022,0.561412305067506,13.5018514175757,241.5512214349,0.169025497454646,2.99213925291331,1.68574491153036,0.139280990586821,0.0968006591829961,0.0640214660346694,0.0605124955424037,0.0853937411092632,0.537128550689761,0.334492171150377
"SSA_00134",4.35165027447148,0.0280901956520515,0.097805947091088,0.0192798163138471,0.224711633291181,6.48139055869752,0.0593444143280072,0.479430802198891,0.186378947687681,0.204964679417305,7.93295369529899,0.767966955718911,0.0503944971515434,0.0300710550083823,0.177488106162604,0.109853340285967,0.104334973863967,0.0938237140538251,0.079443167481937,0.0881020761955622,0.679396424249962,0.561414113936514,13.5020337246475,241.552600311206,0.169024317520602,2.99394637190819,1.73030048204804,0.138161036617387,0.0968036817995887,0.0640220905222695,0.0605135418488893,0.0853935971139294,0.53713800835552,0.517463249822608
"SSA_00136",4.4769730720088,0.0280896143887324,0.066644210658223,0.0177139231672902,0.227664721980091,6.48134054771057,0.059343836118458,0.479433878466784,0.247155168787151,0.19933152686879,6.24771790979117,0.767954166243127,0.0504770817344734,0.0406146539233211,0.166806685204907,0.120998750587659,0.0872617699521816,0.0920155661519125,0.079441969499504,0.0881011220031834,0.679416409535683,0.561424311962259,13.5020102840453,241.550995831047,0.16902428901357,2.9932975833229,1.71680638700739,0.140732536638142,0.0968022863069247,0.0640211633544383,0.060514675150286,0.0853942630616698,0.537147425025061,0.478440686667769
"SSA_00137",4.37869370162149,0.0280898544526685,0.0979346105135131,0.0177621258157886,0.223999822706027,6.48127712704685,0.05934602459756,0.479437552032659,0.141805764994853,0.165568911675638,6.20565201139019,0.767947324362724,0.0503702195125253,0.0370591177361735,0.178594736359338,0.117859913362801,0.0914794945062026,0.0924126200750268,0.0794436888201711,0.0881018648429835,0.679408180868024,0.561420756301868,13.501874084038,241.549606643653,0.169025691144239,2.99245350689018,1.7189905447592,0.138406451374777,0.0968022231542282,0.064020879255359,0.060513562794235,0.0853953283244646,0.537128896345364,0.530420005391872
"SSA_00140",4.60574283208344,0.0280901201783121,0.112733507757811,0.0100091854503939,0.223125331204931,6.4813883053472,0.0593453985970379,0.479424233369497,0.178659503405466,0.192984548349995,7.35936742669184,0.767956813824393,0.0504639671990256,0.0371696116204927,0.172066188598519,0.115546759944852,0.093006512065949,0.0952164550425637,0.0794425906701999,0.088101563108402,0.679389322512405,0.561418180471692,13.5019364462432,241.55166992877,0.169027718557495,2.99003427472084,1.7053913816898,0.142211919077155,0.0968031333745003,0.0640211722298503,0.0605118929970512,0.0853939945753448,0.537131739813365,0.558771111528859
"SSA_00141",4.44492944410875,0.0280900660472767,0.098503167839082,0.016323937480367,0.224740596364446,6.48127918428858,0.0593447393479816,0.479437852770715,0.190864993802559,0.171058129051004,6.5903142459523,0.767967559003582,0.0507264208141838,0.0318152378662136,0.153306290748786,0.112377281492582,0.121420241771875,0.0929875457182359,0.0794418540334202,0.0881015552693862,0.679397603747952,0.561418959886443,13.5018832882365,241.546794629765,0.16902783182064,2.9909373269809,1.72793094938486,0.141718029936979,0.0968025059160321,0.0640226396831615,0.0605130769946071,0.0853942990724649,0.537135865376492,0.504077791748644
"SSA_00142",4.58235981583089,0.028090001108445,0.119319789014771,0.0139555191391982,0.226833700387911,6.48146853980656,0.0593438927435362,0.479441732804076,0.186116566939284,0.211661191775341,6.64678934261019,0.767945841560435,0.0503941167052543,0.0358264817931123,0.148929797884445,0.133237699701742,0.102377309171087,0.092775166056096,0.0794420182222885,0.0881010090035101,0.679392041540665,0.561416180843694,13.5021295911635,241.550971146082,0.169025453716411,2.98474912916654,1.74509384624019,0.144564287479042,0.0968026810567587,0.0640206017247816,0.0605136161317279,0.0853931502052103,0.537148530493924,0.565588347596891
"SSA_00143",4.5781752541323,0.0280905052282776,0.0854811611887641,0.01349509807166,0.22554422947104,6.48142149961823,0.0593449036285243,0.479437068913635,0.154789444425966,0.173360305356899,6.4881369711444,0.767962842510984,0.0505210784295504,0.0338584569014746,0.157832810147375,0.113578505318096,0.108805560173676,0.0919608173169878,0.0794428309158907,0.0881024850027887,0.679399143041742,0.561420854977681,13.5018317985763,241.551632540962,0.169027132180558,2.99580578815477,1.71782527418952,0.1401824967727,0.0968034906385946,0.0640213921986556,0.0605140600713204,0.0853943483797174,0.537142415964463,0.524304614927025
"SSA_00144",4.61973777525697,0.028090067634003,0.0697964426569313,0.0171673725301657,0.22651907254081,6.48119499474081,0.0593450210737526,0.479441881758793,0.103315959354467,0.159104135725653,5.33728972927865,0.767941973706675,0.0504648450367635,0.0313078214116455,0.150530466646671,0.0929621688285305,0.0910957714621109,0.0919507939244498,0.0794431396218521,0.0881020958661361,0.679409573607619,0.561430521935733,13.5016488651337,241.547062150613,0.169028666746421,2.99577367202024,1.6978543109566,0.139854091355238,0.0968023088839661,0.0640206241996939,0.0605149763090708,0.0853951534725924,0.537136904922505,0.556739287384148
"SSA_00145",4.60804573213439,0.02809028453611,0.112915173326087,0.0190400148590285,0.223961267080723,6.48141004542691,0.059344901638076,0.479451305296487,0.188458491591737,0.152052679774681,5.82421488626779,0.767942015766174,0.0504237485027747,0.0344020268040164,0.145435403230401,0.130627103160006,0.0856411400670075,0.0962314869494966,0.0794432098959596,0.0881006614511475,0.679397273506349,0.561412173122614,13.5019219493565,241.548005269176,0.169023980854528,3.00166832793744,1.7059080963251,0.144348041226441,0.0968032864579131,0.0640203146185877,0.060512540796521,0.0853938442018369,0.537137461678252,0.512971261561075
"SSA_00146",4.54087783781556,0.0280899918757777,0.107247011343466,0.0118412758271101,0.225873589963021,6.48147610456407,0.0593447018214417,0.479435783049276,0.192978586060923,0.16270526941261,6.22755115471221,0.767930918285245,0.0504875418398239,0.0362811554446106,0.141670317365921,0.117417824784538,0.0893309249088889,0.0915718608788078,0.0794422308270091,0.0881016621526509,0.679399445819338,0.561413537662549,13.501719106376,241.553577733728,0.169024780258431,2.99714773679929,1.72258961617039,0.143097740083675,0.0968032891864045,0.0640202523728704,0.0605138395118964,0.0853956025921601,0.537146528789054,0.494612673390881
"SSA_00147",4.71563929652554,0.0280900371837236,0.0700751432063416,0.0197792321757724,0.225170220129359,6.48131813312611,0.0593455834562013,0.479435994466693,0.129449718827874,0.182046889618365,5.92100055087204,0.767943297554364,0.0506129188415709,0.0373001744496404,0.158306462397554,0.115173802012042,0.0891097642763141,0.0936142219072687,0.0794439945451933,0.0881007837691946,0.679394576229348,0.561425544678409,13.501935476712,241.551302509526,0.169025895482721,2.99169586844626,1.72876888792745,0.142884576934525,0.0968016529429529,0.0640205361456716,0.0605121789733742,0.0853946937605033,0.537134879890156,0.384001233199123
"SSA_00148",4.38481219457715,0.0280900034717337,0.101400375130365,0.016329129511062,0.226928678436727,6.48146688935299,0.0593440099456082,0.479442830257311,0.20160597589369,0.188667665433373,6.77698287009774,0.767945604423054,0.0503611082391284,0.0294868148874774,0.168449089790835,0.114605300470282,0.0859344355035037,0.0930803062636118,0.0794416795091797,0.0881011452979043,0.679412558940965,0.561418113576918,13.5019790308599,241.549488778153,0.169025778741744,2.98899278524432,1.74267215965815,0.142417260846556,0.0968027377134108,0.0640191481995978,0.0605135999097489,0.0853939237936319,0.537147086525752,0.538900932032605
"SSA_00149",4.42636845520461,0.028090146452551,0.0867711800619361,0.015427871628324,0.227867020522223,6.48139926805554,0.0593434059006045,0.479436397207649,0.189565344569768,0.187535737547187,6.50683894743107,0.767946511966768,0.0505343595312843,0.0348710112910873,0.155273325224941,0.108982238156159,0.107667567667895,0.0906988862872358,0.079442330135389,0.0881016628674706,0.679413943737484,0.56141640904793,13.5020263758365,241.550455196499,0.169024041068061,2.99547000865242,1.71984628037014,0.140110982864183,0.0968024098276769,0.0640205720612403,0.060514072467018,0.0853935315551017,0.537147722959018,0.538426869619412
"SSA_00150",4.41952291735178,0.0280898197112175,0.129874984445203,0.0139659013146642,0.224716767237005,6.48143070843656,0.0593441354338014,0.479449491703859,0.200384351323094,0.146274911334716,6.0653463232968,0.76794183962444,0.0502825524853306,0.0367015121851284,0.15529308632834,0.130185393678613,0.0863076289901601,0.092595520520955,0.0794426273884837,0.0881011483500369,0.679402958582389,0.561407831207305,13.5018902054339,241.549629214152,0.169026452460342,2.98411093838108,1.69943063374473,0.143224576884556,0.0968000693316558,0.0640203994935099,0.0605142532004331,0.0853953669248582,0.537142439204774,0.551172483532346
"SSA_00152",4.58447569700899,0.0280902528524244,0.101837331156631,0.0147593005633861,0.22492586200238,6.48131850003712,0.0593450985453954,0.479436744596939,0.159946506812587,0.153259383011356,5.45097253753946,0.767932187768852,0.0504781208543984,0.0318972624478986,0.159671997765766,0.125230307384466,0.098641628073779,0.0932789997821301,0.0794410775477243,0.0881017793227505,0.679386934981681,0.561416864330416,13.5017359693244,241.552774664136,0.169024439292209,3.00082212922568,1.73179627199218,0.142991329007412,0.0968030153862272,0.0640202353610739,0.0605135504671783,0.0853941268067558,0.537143686151944,0.482332504069716
"SSA_00153",4.50836909614331,0.0280900289852589,0.0931198001221813,0.0143655689489442,0.22604501398517,6.48138256652802,0.0593447668284828,0.47944073802067,0.171256536600963,0.160357923400825,6.84152249198392,0.767949347028144,0.050339681878715,0.0259505385035722,0.15166194671549,0.140780642150197,0.10586605603383,0.0924241701383009,0.0794425576957959,0.0881013503586454,0.679398011385398,0.561414948227639,13.5019541534802,241.551134642694,0.169026263917334,2.99483806938024,1.74554799592991,0.142192278386128,0.0968019743577986,0.0640201313453152,0.0605144646900236,0.0853958239693531,0.537144062804051,0.629387988876931
"SSA_00154",4.46716640372626,0.0280896939479706,0.12295071275256,0.0183593338671163,0.227321870315335,6.48135269104352,0.0593449736379523,0.479436701996748,0.144199853978231,0.20265334871482,6.41467339213851,0.767956334172779,0.0503602811556157,0.0218851474816866,0.156436214683156,0.109881528049919,0.0960511132334502,0.0927220286353975,0.0794424880882495,0.0881021333980224,0.679399137289454,0.56141589582104,13.5020871060369,241.553289089199,0.169026730767695,2.98645071063635,1.74704351770491,0.13969938055323,0.0968012746705417,0.0640214070007084,0.0605134025393849,0.0853947042412597,0.537137495616574,0.535752129923263
"SSA_00155",4.65873628461974,0.028090206574538,0.0754728943302279,0.0139180508448685,0.225638800848839,6.4813852805524,0.0593451346817026,0.479439981043904,0.122271590729113,0.134282559961809,6.6596460116738,0.767964312728032,0.0505861658777618,0.0297107597070342,0.154596823366154,0.0931052079617735,0.108808795645973,0.093304488877406,0.0794423632937894,0.0881019565207865,0.679403247861332,0.561414867642739,13.5016246640401,241.551674039519,0.169025890066979,3.00204153507637,1.71475048674043,0.139487038780844,0.0968035321117262,0.0640212597578429,0.0605141551190823,0.0853957181673654,0.5371366735796,0.474118962388113
"SSA_00157",4.67635027922663,0.0280903330214574,0.107702737550541,0.0114989170942649,0.224590531004418,6.48150620721682,0.0593447464858032,0.4794371258046,0.191040993115455,0.18212466267219,7.23674401657772,0.767955538684143,0.0503732029085945,0.0363228434013809,0.17967827717065,0.120744984466524,0.105942576103141,0.0933404383781673,0.0794416679095237,0.0881011767192252,0.679404571823378,0.561410115035265,13.5020439423632,241.552129120132,0.169026037658353,2.99427276662081,1.71009594307568,0.142140756171538,0.0968008691319329,0.0640218097486351,0.0605138264891776,0.0853936595071004,0.53714374013134,0.445605005572266
"SSA_00158",4.5733902165564,0.0280900821922539,0.103472422408841,0.0156885784547664,0.222102467455283,6.48144187457168,0.0593459976466776,0.479432383981583,0.209523798873939,0.180744803453071,7.10205452598685,0.767957365453904,0.050513644380253,0.0303485904785352,0.15684609934494,0.106516792186549,0.0932881644074867,0.0943228550101975,0.0794433236858166,0.0881010391248241,0.679389301782061,0.561413385925779,13.5017750895335,241.5528295143,0.169026579753424,2.99862668367026,1.72086467468798,0.141068181068372,0.0968006569105653,0.0640214073236074,0.060512154032201,0.0853943722676034,0.53713710425017,0.43428262477239
"SSA_00159",4.44745543592476,0.0280904957837195,0.0839900454968937,0.0179750579647384,0.223528509835938,6.48130884477221,0.0593453630982443,0.479435906455594,0.132766477110583,0.16238939997823,5.10182891878367,0.767945953843993,0.0505214957014451,0.0355629182322159,0.140591209943439,0.115609735541125,0.11138736245082,0.091720404853106,0.0794408002042877,0.0881031180160354,0.679385814117892,0.561425304631484,13.5016330273516,241.55162079102,0.169025611491584,2.99866494021375,1.73148199721382,0.142287347653449,0.0968055372097627,0.0640211137765648,0.0605128454559353,0.085393687923587,0.537131584270041,0.539563171166472
"SSA_00161",4.60161104922634,0.0280905954903879,0.0915224813220703,0.0139726354067321,0.223881614678961,6.48135949385209,0.0593458698591773,0.479442386114876,0.154182119954704,0.156293873141242,5.52395875346838,0.767947839227385,0.0503162806536479,0.0262144272544043,0.149564890915164,0.105202242890458,0.0794201655501838,0.0958037328418739,0.0794432645390719,0.0881018841320487,0.679387325543823,0.561417304251408,13.5015193257047,241.549543443546,0.169029541533563,3.004749584827,1.70087641950143,0.140773138259433,0.0968034231525345,0.0640214455932347,0.0605137480708461,0.0853951471305469,0.537137274162704,0.441834723957857
"SSA_00162",4.54795554461837,0.0280903425776923,0.0902323148811615,0.0120008864334345,0.224726130896722,6.48138583635829,0.0593447886575322,0.479442313782322,0.196190703275331,0.124614977226752,5.97883298841928,0.767950171782695,0.0505161924133149,0.0380667803901005,0.163359156910363,0.11842315908207,0.103182324644996,0.0915385911807194,0.079442598802273,0.0881013681113226,0.679406609726836,0.561413697879653,13.501665082732,241.552034325654,0.169025673095287,2.99793467467097,1.69783933975097,0.141870863154762,0.0968016381006667,0.0640202810893638,0.0605142154573145,0.0853948746139406,0.537139797655083,0.490962751213565
"SSA_00163",4.31395019411642,0.0280894368069058,0.12514963759015,0.0140143283241531,0.223200589044496,6.4814753146781,0.0593453100343587,0.479435078287687,0.219987149968039,0.150393160547294,6.95879698233119,0.767938999763741,0.0504246557472641,0.02953856945346,0.182176344321347,0.125356155413837,0.0727170359594239,0.0935695287494337,0.0794419074151415,0.0880998078056315,0.679415017150967,0.561415974153782,13.5017248458927,241.553996381653,0.169024894903511,2.9803812234357,1.71074983957411,0.143004063802906,0.0967983820247477,0.0640216663452374,0.0605130225689178,0.0853950247231036,0.537132385398863,0.392952970140873
"SSA_00164",4.60626934661498,0.0280900277078559,0.11320964714623,0.0159212077273785,0.228118128033129,6.48134746251508,0.059345309473247,0.479441844677549,0.150870464693924,0.17195932799793,6.29532647623944,0.767951631817705,0.05046648039956,0.0377530872902333,0.14293136987925,0.119527462214256,0.0972482314768757,0.0921162112307547,0.079442116027536,0.0881033757984744,0.67937818205209,0.561412876628547,13.5019895124414,241.550097325829,0.169023828241897,3.00205200808772,1.75477150818415,0.140221600702726,0.0968022005589307,0.0640202607273235,0.060514540624352,0.0853937764682019,0.537141075123407,0.522855945402521
"SSA_00166",4.60074223545401,0.0280896839253548,0.0823705377306182,0.0164227556351526,0.224837389412898,6.48141473742995,0.0593462891742436,0.479428998475387,0.148879026135678,0.175636893679876,7.42017037471723,0.767956053587735,0.0505752594973066,0.0330329358506542,0.179333002085155,0.120389911171973,0.0919054523051068,0.0931959728419124,0.0794446324020544,0.0881013112992787,0.67941211732821,0.561419207417274,13.502225048601,241.549742163397,0.169027654929519,2.98247484966019,1.72528300800112,0.138269985036044,0.0967990864741646,0.0640199957694348,0.0605124998723226,0.0853952021051963,0.53712653857564,0.509809986088132
"SSA_00167",4.45001036153556,0.0280901992473788,0.118390936562901,0.0141240110207334,0.224873384760216,6.48127249399858,0.059345150657949,0.479428614277022,0.155076112323281,0.170122354391464,6.54515841661764,0.767976887671487,0.0505119750292509,0.0347259258630146,0.176838716812487,0.109355687048481,0.109966977559375,0.0922005848216332,0.079443016364805,0.0881025398531441,0.679403061267087,0.561416418754724,13.5019531404226,241.55112872879,0.169028714753981,2.99167627358212,1.71325064265294,0.138044271869687,0.0968012072414612,0.0640216242093492,0.060514003086841,0.0853950576533746,0.537126823655064,0.596148761661602
"SSA_00168",4.73021186040272,0.0280893456892784,0.0987811828322695,0.0114225126514589,0.224780891367229,6.4814403262555,0.0593440862725739,0.479440375169601,0.232279620937968,0.183028555306992,7.45908300370281,0.767950345698803,0.0503341733195347,0.0354083355332203,0.174443529936171,0.142615129475543,0.0896486143116591,0.0939768596642006,0.0794412054932913,0.0881004600752487,0.679397544938798,0.561405575312788,13.5022097050123,241.549769229874,0.169024747430079,2.98520695843614,1.74555260001991,0.145194882735205,0.0968027436042689,0.0640207663273701,0.0605129446721381,0.0853939935534153,0.537142056923386,0.461141364197926
"SSA_00169",4.34664582260436,0.0280904614734728,0.0980002896134677,0.0119585589279859,0.225453831614859,6.48143814646663,0.0593455692456159,0.479437389044685,0.17976966716805,0.160001884094613,4.91970116869363,0.767963744528301,0.0504236422511719,0.0279550933859064,0.148439277827385,0.11270053455182,0.102333341830032,0.0911692574636112,0.0794422471043147,0.0881032488166925,0.679403243130919,0.561427566102209,13.5015012098777,241.552879038097,0.169027149507739,3.00470506706798,1.71260102041271,0.140938948648397,0.0968044166453062,0.0640225217607325,0.0605146719677507,0.085395975925262,0.537142195459343,0.515335750707838
"SSA_00170",4.22523351844737,0.0280895305758138,0.122949230710191,0.0141368175779909,0.224293119565895,6.48153554512982,0.0593456758331848,0.47944598397021,0.189504164638259,0.14286863723761,6.21118596140308,0.767936868944243,0.0505587529545333,0.0312545419465078,0.168670001077893,0.0935304688794806,0.0847943859140106,0.0952230456339189,0.0794426826233404,0.0881009560066194,0.679420710421439,0.56141238549409,13.5016493884901,241.546883812701,0.169024765189183,2.98322938438749,1.71511164736418,0.142051138383335,0.0967994805188005,0.0640203420785067,0.0605129469205393,0.0853959187104447,0.537144441984181,0.449816092578423
"SSA_00171",4.3722326499222,0.0280901151023313,0.102312730950828,0.0170220549666084,0.22464605530144,6.4813608969535,0.0593446079133179,0.479441750572997,0.173592136762697,0.158565566743612,7.59085672773006,0.767957484286695,0.0503627674495825,0.0372939101464539,0.17706109250619,0.11793458995379,0.0753792794718076,0.0943637623425494,0.0794435283980918,0.0881018596355864,0.679399058225269,0.561410571800309,13.5021034413884,241.550193051936,0.169024547927188,2.99002687931401,1.71019464567933,0.137440710600568,0.0968012279219301,0.0640210305418778,0.0605137272046561,0.0853939004969163,0.537134906991923,0.442522497087873
"SSA_00172",4.50425738270534,0.0280898185973809,0.0822142661178321,0.0172311903321928,0.225008409086848,6.48134236651566,0.0593449274131021,0.479435434433161,0.152356234089525,0.146574420943668,6.60490120262145,0.767950488423364,0.0505035772830091,0.0263230569511263,0.154728469578764,0.121655464646861,0.101508875636847,0.0917422890570677,0.0794417818826438,0.0881032346938422,0.679387150586731,0.56141523200794,13.5015747415703,241.551033181668,0.169027845693495,2.99404087988476,1.74093028297365,0.139895435374364,0.096803254117737,0.0640201607816466,0.0605134914195894,0.0853948242906517,0.537143863960984,0.650264413924517
"SSA_00174",4.4278614786471,0.0280900978329443,0.102184576278961,0.0137570688384173,0.225531387973584,6.48133957354648,0.0593451079844896,0.479440561743974,0.173288238830595,0.139805870818783,5.56774026218596,0.767958141159029,0.0503761307208545,0.0380075454318031,0.172692339238982,0.113981283775198,0.105342930612227,0.0937402525280844,0.0794415547843268,0.088102142885075,0.6793864221895,0.561412675400604,13.5016362939591,241.551086108092,0.169027094073627,2.98803355487579,1.723698904181,0.144112883142188,0.0968034452877176,0.0640212078738843,0.0605134386146614,0.0853946714504561,0.537135435725944,0.552354708911812
"SSA_00175",4.44863749001563,0.02808992980213,0.102191857685048,0.0153887138102022,0.228406945279376,6.48134939242947,0.0593453415306296,0.479431710832999,0.201412708492113,0.142200582352746,7.0601390263846,0.767973636622757,0.0505730972700354,0.0314851467176672,0.160099368585093,0.113702742583214,0.110941684984368,0.0928470984951771,0.0794409968937466,0.088102108935727,0.679391391331294,0.56141181474177,13.501786979371,241.550091478706,0.169026339995177,2.99230678711181,1.73155968396913,0.144113120125843,0.0968017696873624,0.0640217484898524,0.0605134966220964,0.0853944467566437,0.537136084678692,0.493107743040277
"SSA_00176",4.7944058526246,0.0280903170597616,0.0990147915642443,0.0203469148533752,0.224317643423568,6.48121035770918,0.0593450753366689,0.479446014072054,0.163332932376677,0.12346028636583,4.35737243223861,0.767964088877144,0.0503443454004791,0.0503365702158297,0.135407465336325,0.113040552714522,0.0865924824474988,0.101821203531327,0.0794421869904918,0.088100707179324,0.679385357035218,0.561409748986306,13.502010569786,241.543223609108,0.169024455561791,3.01593333298876,1.69234992189116,0.145513746325364,0.0968032883995633,0.0640197689064276,0.0605124853320473,0.0853944775203412,0.537127846151813,0.417625186248824
"SSA_00177",4.49477356074752,0.0280905624016786,0.0897877392041972,0.0163385607584388,0.226219493629157,6.48144672272312,0.05934503658531,0.479439909964416,0.147191676774242,0.156280815656006,5.88965355130702,0.767954661506164,0.050399596521068,0.0295582402770867,0.148188250135775,0.115435167937458,0.108037157043224,0.0928814104548881,0.0794426602260017,0.0881017358398268,0.679401849462589,0.561417605406898,13.5017444414703,241.550800702695,0.169027885786195,2.99845430207642,1.72045770409201,0.141536999852842,0.0968022421047009,0.0640206411985466,0.0605142420191877,0.0853950269913322,0.537136736910926,0.557035610915919
"SSA_00180",4.41917478165804,0.028090116528673,0.0813127834184547,0.0137141085992071,0.226958205914728,6.48131275117364,0.0593447203005818,0.479436297368807,0.125737340142754,0.163922432935623,5.83244286034444,0.767935676372893,0.0505160099228593,0.0401546524497842,0.154168693978306,0.106640010833192,0.100099228544885,0.0920654091366476,0.079442474190867,0.0881023790196925,0.679404989457416,0.561415765434858,13.5019453240215,241.549145779064,0.169025649498035,2.99780079719457,1.7241232304683,0.139184887787024,0.0968021234883256,0.0640209172987659,0.0605143228642709,0.085394286305513,0.537140356681603,0.585871450960267
"SSA_00181",4.43947271134261,0.0280901596057334,0.125894775600815,0.0171905862508526,0.225705737385271,6.48134505542368,0.0593451862836256,0.479450648576411,0.193784705481412,0.152253068154042,6.21232900637648,0.767951081666726,0.0503365090736253,0.0396622372442009,0.152167477374676,0.112093349828295,0.0992644451715554,0.0955906111495678,0.079441874903697,0.0881009135068256,0.679390527735533,0.561407406898519,13.5017240969992,241.549666334067,0.169022940382203,2.99683807475273,1.71562144604782,0.144156230577677,0.0968023257543167,0.0640208101645276,0.0605134599686872,0.0853954010515683,0.537133268821021,0.444259453458675
"SSA_00182",4.38542755381658,0.0280902610910464,0.0805633602987914,0.0135604924237016,0.224387735630793,6.48136556760028,0.0593450733432579,0.47943935554388,0.134843663894874,0.136160389914636,6.32167484566648,0.76794613000872,0.0505786205907956,0.0312588217238699,0.139235791695287,0.0826388318932645,0.10634346990746,0.0927261557227224,0.0794420167152439,0.0881013741444399,0.679404735427829,0.561413820748186,13.5016416060118,241.550880432322,0.169023171565033,2.99440107447555,1.7262883385179,0.141038140228198,0.0968013323127782,0.0640211651648117,0.0605142051289897,0.0853962035136741,0.537143426519038,0.452587884575181
"SSA_00183",4.33904805725109,0.0280898656247989,0.103999454142508,0.0178111409425262,0.223074169972632,6.48138245676049,0.059345046488896,0.47943966606601,0.178153155782732,0.135552286173173,6.23882573290238,0.767945514191969,0.0504687153936511,0.0261714216104326,0.157991276197037,0.112848161196504,0.0971037646404116,0.093957897682186,0.0794419242386392,0.0881010364042955,0.679406727021572,0.56142224546577,13.5014640670196,241.549750678992,0.169026214097654,2.99429546082451,1.70831461629338,0.141996607571225,0.0968005897507937,0.0640208257477242,0.0605127062576819,0.0853951568194287,0.537134522415797,0.476402613723936
"SSA_00184",4.4727797002293,0.0280903321535831,0.107038983419311,0.015080383192972,0.226356714144882,6.48144061830935,0.0593446597378198,0.479438645965337,0.190705313981953,0.20757135841112,6.96885627507864,0.767952806550427,0.0505668824155734,0.0370393557896266,0.167966672534418,0.120656601813548,0.102221026309183,0.0928194424885665,0.0794425813758332,0.0881024902302225,0.679398224280222,0.561423805269702,13.501916411092,241.55121168652,0.169026244041159,2.99042904751778,1.72284709751447,0.142077188316959,0.0968030664541254,0.0640211337759553,0.0605141449883981,0.0853940525422478,0.537148106826118,0.58151776174194
"SSA_00185",4.59842097357232,0.0280899367303682,0.113076562599541,0.0186446856434779,0.224268161361911,6.48142768898081,0.0593449616294752,0.479440570708351,0.180305900513375,0.176283414657947,6.88056545613585,0.767970307129056,0.0505701571621809,0.0330139474816442,0.153369522929363,0.130128743228121,0.107869510227414,0.0936853536571626,0.0794421713702183,0.0881007663959409,0.6793984068919,0.561421407717969,13.5021222211332,241.546966318001,0.16902751977416,2.98620497385144,1.72460712101077,0.14452267612527,0.0968024864469393,0.0640219627217685,0.060512185913216,0.0853935029938457,0.537134922204438,0.428642213320057
"SSA_00188",4.57948913992802,0.0280902133671435,0.0905378432708853,0.0186913914364964,0.225493716728591,6.48125369749006,0.0593450710218074,0.479435779845013,0.124911730633228,0.157440301117943,6.20722343162437,0.767963807098161,0.0504395911135214,0.0458521243548455,0.155078692889022,0.119264021280442,0.112812075605069,0.0938786545551387,0.0794419903653051,0.0881011966096756,0.679407456278781,0.561415936934026,13.5020469657153,241.551351678028,0.169024848942004,2.99677808836122,1.70790657042675,0.140206561749061,0.0968029671405476,0.0640209474973085,0.0605136192057551,0.0853942202014447,0.537127092408706,0.540668520801321
"SSA_00189",4.38389522042298,0.0280899776853426,0.0862007819059565,0.0121000635911516,0.222520345098267,6.48140382396614,0.0593446695078488,0.479433844229906,0.197083026965026,0.150099938248138,6.57619931469142,0.76794167996479,0.0504977919848566,0.0328375751997142,0.162310177750109,0.120223419836696,0.0916649823502221,0.0921468876223941,0.0794419420984461,0.0881007230930672,0.679408706880318,0.5614158617991,13.5016902638084,241.552442263308,0.169026082712916,2.99018958272145,1.70996287813025,0.142141782179318,0.0968016134002048,0.0640201459086148,0.0605127876596737,0.0853948558843741,0.537136554644966,0.514132106554421
"SSA_00190",4.67089105567753,0.0280905109051292,0.0945914523204216,0.0141172144333664,0.223720918103817,6.48120934401281,0.0593458173203268,0.479438473902135,0.0944929457969279,0.169337970330597,5.06888118336818,0.767962722762934,0.0504316976634801,0.0356997721550577,0.148068064037709,0.109185563377508,0.0986104745955809,0.092660413600984,0.0794421047597649,0.0881008960327031,0.679403914488776,0.561430356216257,13.5019260330769,241.547706742061,0.16902722914354,3.00645413726316,1.70181233826122,0.139916743169771,0.0968027344066135,0.0640213690731673,0.0605139600855144,0.0853932468918734,0.537131722385421,0.478257442078242
"SSA_00191",4.34810998984516,0.028089588635397,0.097848024360922,0.0162410673731216,0.224232245325199,6.48132248437025,0.0593465621259319,0.479432469217568,0.174679292825405,0.242180565502334,4.75053750212453,0.767942718435641,0.0504583489775425,0.0285276319004966,0.154776228753126,0.105330194669825,0.0676485705882005,0.0909458319947791,0.0794424524108273,0.0881004545168036,0.679407081201798,0.56142928497685,13.5019057163512,241.545851124651,0.169025846358908,2.99140870187941,1.72977662427796,0.137886605774491,0.0968035175365631,0.0640206328990233,0.0605121050225737,0.0853934719701205,0.537132311434372,0.431620162924941
"SSA_00193",4.31167064421392,0.0280899271775281,0.0655442002929757,0.0121201216431442,0.229056627394013,6.48116966330101,0.05934485153496,0.479440504577279,0.175503919778273,0.156815218551952,6.19160100997409,0.767940771178709,0.0504524720417599,0.0228524223273526,0.156996995215875,0.113017842003175,0.0979923025689853,0.0899468701870369,0.0794398289707529,0.0881019357595817,0.67939654367221,0.56141874016276,13.501556193393,241.550883844349,0.169025222806301,2.99195105688854,1.7770318015663,0.142956917184795,0.0968046039290909,0.0640197328470106,0.06051507734261,0.0853958816064263,0.537142964242589,0.717688575067499
"SSA_00194",4.58912737557633,0.0280898610695585,0.0949837469913916,0.0142918951641903,0.224250585814595,6.4814934534555,0.0593443838642515,0.479445392228906,0.167544633180697,0.119738217493278,5.96739312229054,0.767948332068661,0.0506334069951722,0.0369490776185553,0.138173697626667,0.102074605783946,0.107909472032925,0.0917149712631859,0.0794426155463149,0.0881015529542927,0.679419436499283,0.561407243995631,13.5018910969592,241.548323689411,0.169023880359399,2.99528697001455,1.71698859138004,0.143119005692704,0.0968014221707061,0.0640206554685254,0.0605133805170637,0.0853946354325825,0.537139804583147,0.445342099173837
"SSA_00195",4.66821899061242,0.0280905067056171,0.0724210692891967,0.0136836974662813,0.225884058011764,6.48147017822138,0.0593453062389185,0.479436126834629,0.131300997057804,0.137968006138748,5.85701791045012,0.767944261290974,0.0504776962022221,0.0302196030032744,0.14850878377508,0.0964900465126741,0.108295577680404,0.0928364243058165,0.0794438223001765,0.0881025412602361,0.679410232708966,0.561419173670473,13.5016240608804,241.550656869013,0.169027674992701,3.00275849564894,1.7148499748688,0.138613906882268,0.0968026409830607,0.0640206265453358,0.0605156810287806,0.0853955283560389,0.53714655965273,0.594241617135668
"SSA_00196",4.62904723869017,0.0280899443142011,0.104150409432144,0.0143242938306909,0.224280037765419,6.48145867099038,0.0593456590987573,0.479446996059541,0.176628921794144,0.175345059080451,6.00544638540492,0.76795859606953,0.0502503041845914,0.0403286356653775,0.145525133164032,0.127025073296833,0.091774716031485,0.093167056795845,0.0794426221919342,0.0881009133265856,0.67939907115187,0.561413874191926,13.5018527121951,241.551809301821,0.169027195029858,2.99803060101145,1.72195408897711,0.141722123854012,0.0968020261818331,0.0640211071398663,0.0605134340702269,0.0853952868764816,0.537140372502705,0.508934779600305
"SSA_00198",4.44435658457789,0.0280900084465619,0.1034887668472,0.0151702588500166,0.227535973726359,6.48142885488831,0.0593431362386476,0.479438708362019,0.266796506360345,0.166992563889672,6.90604304238254,0.767935304771464,0.0506421267051955,0.0276011910515438,0.16015114470155,0.131321582581183,0.0921944305214284,0.0929467158884468,0.0794425289601541,0.0881012829781569,0.679404922568747,0.561411310561874,13.5018362814565,241.551479488076,0.169024674342092,2.98980779032239,1.72681440145194,0.145825663358518,0.0968011907924084,0.0640204439425833,0.0605140592605865,0.0853940012881265,0.537153327582746,0.522510299191952
"SSA_00199",4.64483383412784,0.0280902434515231,0.0914895066158803,0.014548289473206,0.224671875340195,6.48138080210769,0.0593453823843426,0.479443143708609,0.184346750704925,0.140517019243783,5.40380049772817,0.767944663271847,0.050317912382892,0.0338264613820513,0.161467905528247,0.13188132634594,0.104499520878094,0.0929194878884503,0.0794411571209716,0.088099981043372,0.679419054083225,0.561424092491237,13.5017688702029,241.547013950256,0.169026953452663,2.99859155806154,1.71046444409106,0.142841921776744,0.0968048099083132,0.0640205703899042,0.0605141146972529,0.0853951010092454,0.537133305157611,0.616017303955653
"SSA_00200",4.8252975495965,0.0280901161461196,0.0955270508873843,0.0120221698129016,0.225753062620908,6.48146540647299,0.0593448883574504,0.479436818989679,0.199875462202205,0.150582818293319,6.87172683418558,0.767951626289315,0.050317699400067,0.0345912601282376,0.157308811521806,0.126170753765813,0.102553499636362,0.0933786717049637,0.0794421937682224,0.0881013689567457,0.679395088725003,0.56140471920331,13.5019453739002,241.554158696061,0.169023959961895,3.00487852512131,1.72372417848641,0.142191994835585,0.0968028135738197,0.0640215684512505,0.0605146956264624,0.0853936851771926,0.537149068354747,0.493353178421829
"SSA_00201",4.23790291614418,0.0280900647829363,0.117444626168843,0.0159358472564239,0.222935738335896,6.48133069181121,0.0593446827990187,0.479446412796087,0.16768044427812,0.20016201159356,6.51423289823815,0.767951770282463,0.0503474107877694,0.0350619460760995,0.157267661576155,0.139727999080159,0.0829110315856494,0.092078498415539,0.0794424244672118,0.0881013004968657,0.679406124782162,0.561415287387489,13.5017841856488,241.553556495665,0.169021902117365,2.98566236616622,1.72279024412702,0.142107814900816,0.0968026710619697,0.0640206627039047,0.0605133468699256,0.085395426959677,0.537139958130835,0.500499339529898
"SSA_00202",NA,NA,NA,NA,NA,NA,NA,NA,NA,NA,NA,NA,NA,NA,NA,NA,NA,NA,NA,NA,NA,NA,NA,NA,NA,NA,NA,NA,NA,NA,NA,NA,NA,NA
"SSA_00203",4.45534019612184,0.0280899428489102,0.107626295844595,0.0171594389215184,0.225047675492019,6.48158687998959,0.0593448407935554,0.479439610897539,0.216439909329088,0.173951655717061,6.56132268338342,0.767947766163792,0.0502936091449845,0.0278004933615199,0.160281516802279,0.139670113088918,0.0917543470746795,0.0922146497651076,0.0794428575911988,0.0880997800781266,0.679419408443125,0.561419056451667,13.5020295925802,241.550122252383,0.169027769954333,2.98223764507135,1.72187614431202,0.143657468591554,0.0968013437666733,0.0640209197418658,0.0605131544869929,0.0853940925209543,0.53714497114329,0.421586336386953
"SSA_00205",4.59383057629904,0.0280898760198908,0.147781054754945,0.0163789491373422,0.226340844416229,6.48145392234439,0.0593458100902048,0.479438335218307,0.214489193304963,0.149869010571587,5.75136721320612,0.76795077114099,0.0504994215145781,0.0414704683789708,0.145496903973653,0.118371175350057,0.111640273326077,0.093121614460232,0.0794424470952071,0.0881003119948884,0.67941307841584,0.561416283675976,13.5019327111452,241.550255209371,0.169027295318096,2.99714612092787,1.71059202614008,0.143238734915383,0.0968000220808357,0.0640219907480256,0.0605137454740048,0.085395722453519,0.537140098546759,0.402869956598126
"SSA_00207",4.54700993038742,0.0280895063955475,0.105655335636568,0.0198120639480759,0.227556067135542,6.48133125281288,0.0593449238723319,0.479443185764588,0.180760848534357,0.168325122318271,6.03270563138879,0.767933297179858,0.0503125529188682,0.0299922600039734,0.15333139349017,0.138825533795935,0.083475980369771,0.0934535049258736,0.0794426618266515,0.0881005519094655,0.679399319770474,0.561415153418951,13.5021145049024,241.549622025959,0.169027364455855,2.97944154456212,1.73605359312473,0.142300853082869,0.0968023130124314,0.0640198360711083,0.0605138147638441,0.0853944613118498,0.537141753894158,0.505254326304198
"SSA_00208",NA,NA,NA,NA,NA,NA,NA,NA,NA,NA,NA,NA,NA,NA,NA,NA,NA,NA,NA,NA,NA,NA,NA,NA,NA,NA,NA,NA,NA,NA,NA,NA,NA,NA
"SSA_00210",4.55540947663296,0.0280900154113604,0.0843621655788985,0.0214083498988072,0.22440829429852,6.48137545147461,0.0593447798687381,0.479437655809788,0.190952586494099,0.176534175621384,5.91173428827484,0.767947844211399,0.0506451101152913,0.0309386087882987,0.150380875067104,0.122693538695002,0.106136833297616,0.0930459519790297,0.0794421715507033,0.0881021088015923,0.679403070733951,0.56142113990873,13.5017885319743,241.551972723142,0.169023446078517,2.99954633308516,1.70884959850302,0.1414624475814,0.096802219473258,0.0640207518841904,0.0605118208899561,0.0853946498918496,0.537133014388813,0.498329842788466
"SSA_00211",4.25916061110114,0.0280900353229705,0.140116405377708,0.0147289969039297,0.222700066725391,6.48144625229341,0.0593456005627763,0.479435606482844,0.178477665134272,0.169528057798146,5.50302058408157,0.767941114557585,0.0502935392781514,0.0331262195041484,0.180771661604808,0.115301234741641,0.081651839716539,0.0941625855695781,0.0794415438799508,0.0881019062774525,0.679406941287392,0.561424392295546,13.5016269083735,241.548649948837,0.169026606395398,2.99207873099873,1.70463561388617,0.140806405771298,0.0967994928487224,0.0640209964076586,0.0605121928013551,0.0853945253527595,0.537129164103053,0.494165103519107
"SSA_00212",4.54833625475217,0.0280900912596822,0.0864995008092995,0.015242643744774,0.222046681869458,6.48140762756258,0.0593443309279839,0.479436815633211,0.185070131498076,0.157481296204063,7.19851161658868,0.76795872944097,0.0503862154176615,0.0346872339637071,0.184139620419619,0.112509698444657,0.0980426475334784,0.0941976178241659,0.0794428626547638,0.0881010901324985,0.679411503121431,0.561413745930046,13.501863591402,241.552097584262,0.169024125857017,2.98954588181458,1.70910502304745,0.140994869654819,0.0968023915100954,0.0640204455841021,0.0605125097563578,0.0853943621958987,0.537132724150301,0.412048955913121
"SSA_00213",4.47970328329517,0.028090522427462,0.0797819211468356,0.0125600448971654,0.227239692053337,6.48134052670527,0.0593448833459363,0.479435504795025,0.194029910040509,0.149684741787405,5.53251599793311,0.767952010720642,0.0502315878926252,0.0420495151381452,0.144785737843397,0.135654516929758,0.0821385442837999,0.0915096728949314,0.0794419727159997,0.0881027473430045,0.679388213495538,0.56142059558461,13.5018318326074,241.554170369267,0.169027747913618,3.00164786999706,1.72407002978976,0.142606241441121,0.0968042723041757,0.0640213533935537,0.0605142154153697,0.0853948394098238,0.537144522315348,0.527292753589624
"SSA_00215",4.2581423749478,0.0280901922838496,0.111689129030153,0.0186607942234858,0.224676392019482,6.48139943406992,0.0593449541194096,0.479439685078742,0.17624540457576,0.166673383953548,5.33814278992334,0.767947773326103,0.0503180389605028,0.0220616899562108,0.167524854755903,0.112524209238936,0.0919557545507187,0.0921933038137698,0.0794423665845335,0.0881014287673868,0.679415987237691,0.561423112656066,13.5015869486653,241.551237355634,0.169026174388727,2.99241713667033,1.70626597615897,0.141600384223275,0.096803203862098,0.0640206299952465,0.0605135137249252,0.085395189864885,0.537135566061703,0.554980966560901
"SSA_00217",4.4933259432046,0.0280901202172896,0.130420017103776,0.0192901831849231,0.225948800081659,6.48132427419801,0.0593447781752701,0.479447917759508,0.192778981433242,0.165379284784215,6.54844311851481,0.767952620221178,0.0505159636510087,0.0278228786503653,0.139645388217558,0.144810750154275,0.10600974471423,0.0936979144610323,0.0794410633217131,0.0881014359052534,0.679392152665963,0.561413006727294,13.5022053249245,241.550411011773,0.169024702442138,2.99533284606213,1.75666735276886,0.145211241884098,0.096801375673942,0.0640212952854902,0.0605132123750881,0.0853942437183738,0.537143171491873,0.497748757375422
"SSA_00218",4.51306893128992,0.0280900801166116,0.130788080667999,0.0198871185167712,0.225694391262334,6.48135811001849,0.059344977708262,0.479449222511946,0.182711759194824,0.172132548940996,6.37894069767911,0.767950380996844,0.0505309296667271,0.0283570661593227,0.139311308428856,0.142177390886039,0.108346379986399,0.0936751402425718,0.0794412872201618,0.0881013418697862,0.679393462988193,0.561414201154832,13.5022641962405,241.549913478954,0.169024689824583,2.99556440284852,1.75924927323423,0.145039543681328,0.0968017281183096,0.0640210272492346,0.0605129858010017,0.0853943605236094,0.537142436812951,0.478201014735853
"SSA_00219",4.48589940573945,0.0280903517832544,0.102635420578519,0.0125600956392105,0.224745202108778,6.48132696802901,0.0593448044635851,0.479448851294725,0.163557718555841,0.141280063570984,5.3299033054345,0.767945317850313,0.0503371205053162,0.0359261847514314,0.142584157655697,0.114307980275641,0.0880020165896849,0.0929901678156376,0.0794423284325805,0.0881027304031157,0.67938985563208,0.561414841689219,13.5016589181485,241.55114092426,0.169026077071943,3.00418607474789,1.71180345310487,0.141274326771198,0.0968010857001151,0.0640210786350423,0.0605143820354372,0.0853957614153249,0.537138671270018,0.442360396363249
"SSA_00220",4.59221641356608,0.0280901970792634,0.0635960288090569,0.0153670452259103,0.224306578990026,6.48135403473259,0.0593457004890824,0.479432729329828,0.162656214999318,0.165202527014824,6.05567357601955,0.767969846783972,0.0504041000179545,0.0413710038207188,0.178854735942233,0.100361898399389,0.0914354028983536,0.0933923797645619,0.0794415242195583,0.0881010193074257,0.679404698422619,0.561428061013403,13.5017947463187,241.551162299448,0.169028471790987,2.99093385016478,1.70220376374965,0.14137618917429,0.0968043837049397,0.0640207136530724,0.0605124869967703,0.0853934512193346,0.537130527856116,0.435715176599505
"SSA_00221",4.63040482391067,0.0280899536223466,0.092957762789633,0.0154297829353796,0.224831009558849,6.48130071566605,0.0593445554228692,0.479438712511625,0.207962189495724,0.152676971167517,6.70828420734947,0.767942813873917,0.0505183770436071,0.0380535652807653,0.167709706485049,0.116698940219098,0.0854766352125634,0.0941887737236324,0.0794415695026583,0.0881009021191282,0.679397720789896,0.561410147794938,13.5018769984998,241.552482775348,0.169023735160387,3.0017287675253,1.72043466178901,0.140635474424016,0.09679988821771,0.0640215132086701,0.0605137022075949,0.0853944580254642,0.537140644604658,0.456318105901283
"SSA_00223",4.47932133072882,0.0280900354845013,0.103726204868589,0.0165662047802743,0.225553386376684,6.48142679642524,0.0593454336235259,0.479438494577156,0.182838508245363,0.160687610728225,5.93543422187864,0.767953503360478,0.0504160442982618,0.0265081613881013,0.15383235442399,0.128184791663621,0.0970757616399367,0.0934577918887697,0.0794424761038688,0.0881006535349488,0.67939894056024,0.561419479047284,13.5020131623998,241.550537557085,0.169025557131703,2.98740632252798,1.73337600082187,0.143879863719034,0.0968017977276981,0.0640205205940478,0.0605127673732015,0.0853955476932236,0.537131244090088,0.451445344568527
"SSA_00224",4.19483791779432,0.0280919826899831,0.126690791348865,0.0133628631132021,0.221699381243167,6.48143852764555,0.0593461024557116,0.479459989319068,0.195075710089392,0.147035039057184,6.46113262121104,0.767944822034218,0.0504322021842515,0.0298795884948799,0.144194785588414,0.154153237021885,0.0789496772294963,0.0941696527902017,0.079444474473714,0.0881032978812369,0.679382140268544,0.561420447680411,13.5015051200959,241.547450956914,0.169029811052115,3.0009722398968,1.70188456625745,0.14375868962847,0.0968029294190719,0.0640211360251622,0.0605135036496633,0.0853940777994495,0.537154539370733,0.548509305718628
"SSA_00226",4.67353411846899,0.0280904562033101,0.069380251433694,0.0122797933581397,0.223993048366138,6.48138359023119,0.0593457063985677,0.479447386664419,0.117268352810505,0.108160108529519,5.31104957464559,0.767937222694284,0.0506875175418286,0.0272253520302597,0.140361890000996,0.0958570199424703,0.115714967878579,0.0940371710170954,0.0794433030803718,0.0881019781734821,0.679402282997802,0.561412221693471,13.5014748120265,241.548160901888,0.169025895372852,3.00826091265101,1.71829833552671,0.140300464734497,0.0968019843203885,0.0640201915076209,0.0605144313132932,0.0853966307963188,0.537145554130105,0.522550435666049
"SSA_00228",4.41490863646586,0.0280899897361909,0.105570005398551,0.0135587711476032,0.223618745148546,6.48135508702789,0.0593449338151369,0.479431529426867,0.131975125051862,0.187043368719287,6.69130959074003,0.767971317361335,0.0504322734120136,0.0295057721133759,0.157959719907774,0.10469743996721,0.10964828336321,0.0926058430424213,0.079442043405777,0.0881028057096641,0.679392876368662,0.561418382803043,13.5017995993303,241.552071203278,0.169027114709378,2.99399208476833,1.72497659666321,0.137163658280905,0.0968025652981468,0.0640224062879684,0.0605134567255527,0.0853955089196418,0.537131628195144,0.525928371139398
"SSA_00230",4.45831229178475,0.028090376234076,0.0975723427906105,0.0167625732402447,0.225730186105393,6.4814095380794,0.0593452259290136,0.479440001017136,0.157218229306266,0.169459149640959,5.94674878732188,0.767952340293661,0.0504580636009333,0.0318355282151273,0.155961298162357,0.118955787353837,0.0951886006117804,0.0919906664361733,0.0794421034580192,0.0881020990672818,0.679404317551962,0.561422711782172,13.5018329665011,241.550058183993,0.169026723343851,2.99535572173138,1.7163750838012,0.140264658845426,0.0968036439887468,0.0640210246651521,0.0605137247456447,0.0853941805713893,0.537140224597337,0.50691336160744
"SSA_00231",4.56388717389262,0.0280905473318505,0.0927991218502844,0.0153427686042044,0.225190388559277,6.48150665271627,0.0593445812170126,0.479438552868917,0.175647676068148,0.183733074701569,6.50666932145668,0.767968337115738,0.0502770011648071,0.0326817604573758,0.156200343445361,0.109729435757749,0.0875889087400847,0.0936404345534211,0.0794434096712711,0.088101185834626,0.679406830348374,0.561418012821798,13.501863511057,241.554689137968,0.169026347196678,2.99624442158182,1.71065546834437,0.141960408765914,0.0968022644366302,0.0640211343683384,0.0605139754565765,0.0853939600335007,0.537140722140264,0.423104309978148
"SSA_00232",4.60517812385004,0.028090266554119,0.109948626778191,0.0175663656107238,0.225105255729421,6.48142980682007,0.0593450457115661,0.479433727215339,0.171446710437958,0.182089261835543,7.20305747374191,0.767969033658613,0.0504773609966023,0.0364559250844566,0.165982429356789,0.126490269781776,0.0959785000811799,0.0927724016693297,0.0794420948335727,0.0881019346266072,0.679407339596736,0.56142812266674,13.5021280581886,241.549410852663,0.169030139868179,2.99298290757001,1.70861787082227,0.141670642995521,0.0968001145615934,0.06402166864754,0.060512894481966,0.0853941752514988,0.537135869994527,0.536271376339076
"SSA_00233",4.48644011590668,0.0280900598213889,0.0876020876926819,0.0153947744284183,0.223514613360025,6.48145390784459,0.0593460067111143,0.479437511235563,0.182537948977922,0.18232846095115,5.81966460421966,0.767949551261995,0.0506764373044371,0.036716937103271,0.169833966935313,0.105044488245263,0.114252688189673,0.0918086207820308,0.0794417821348159,0.0881025556878948,0.679408706554607,0.561423629415544,13.5017568368715,241.549173850857,0.169025400108923,2.99913128599172,1.71420851912279,0.13729272613789,0.0968006648516609,0.0640216390796847,0.06051381976316,0.085395304731126,0.537141816089507,0.487648951495097
"SSA_00234",4.72917573057722,0.0280902392706524,0.0872451537964941,0.0143282737080518,0.22387238169056,6.48139739587535,0.0593451406903163,0.479441942956975,0.138088414785219,0.183683590887688,5.52037642441132,0.767957617404282,0.0503372276470008,0.0355250529990616,0.148296691877796,0.110379923261967,0.0939886955070214,0.0933392025282062,0.0794423666472492,0.0881012389157057,0.679400040603158,0.561422560040976,13.5020758620822,241.549176143178,0.169027095018381,2.99856647715197,1.70197353378548,0.140979354173086,0.0968025420361335,0.0640212870443923,0.0605135748996662,0.0853944803423127,0.537137063860095,0.470957198771123
"SSA_00236",4.50079906690137,0.0280902770783093,0.0776453171865553,0.0204229671330237,0.22808167971345,6.48127691764528,0.0593430768471339,0.479431339036217,0.176407564679317,0.170468607340231,5.50554270020129,0.767934398898147,0.050704064911467,0.0329598601329804,0.150284550370217,0.117018828681424,0.112872908771369,0.0910563508196837,0.0794417873664703,0.0881046616240593,0.679404410892082,0.561416777077095,13.5020291850314,241.551721755803,0.169025436888685,3.00391768916093,1.70828074680344,0.138463631187198,0.0968023444021157,0.0640210769687323,0.0605141503888469,0.0853942374430479,0.537139659697878,0.66788290156133
"SSA_00237",4.49342511511869,0.0280899943957281,0.0762766251506256,0.0165214661694331,0.226237528771187,6.48144824197123,0.0593459672522321,0.479436832316384,0.181255850503458,0.159580317910187,5.95315465961971,0.767958541412263,0.0506291010501442,0.0369724167797583,0.158581662669197,0.112715891215745,0.110914552026549,0.092127282331026,0.079441449391336,0.0881019014178332,0.679402508784715,0.56142079271079,13.5016332012207,241.55052186188,0.169025089750326,2.99457774981399,1.71872529721121,0.142790175104477,0.0968024560866871,0.0640217216236183,0.0605136306365499,0.0853950906462567,0.537137762523264,0.462911138633417
"SSA_00242",4.50072210440887,0.028090568609068,0.103164014328681,0.0145285977097665,0.224331212628754,6.48137948680815,0.0593447178889888,0.479440147484683,0.166631333913779,0.127566950408902,5.05702339399306,0.76793219074869,0.0503047806022989,0.027439957883035,0.142919533018953,0.128551694652255,0.0822594944619098,0.0929467703882019,0.0794417401521877,0.0881022227216817,0.679392032898627,0.561417903127509,13.5016219098329,241.551157981193,0.169027790366062,3.00109306110688,1.72049115305732,0.142858867235301,0.0968016416639913,0.0640199548346352,0.0605135066306313,0.0853946939919761,0.537134478108179,0.492453147096232
"SSA_00243",4.23427180153326,0.0280904703549683,0.086920954193804,0.0158298732401709,0.224918681543222,6.48140535378799,0.059344428273415,0.479441417241904,0.208867697058393,0.151043548609142,6.20002425261862,0.767956869903813,0.0505777706039658,0.029891951058999,0.148024709984993,0.139681422384578,0.100980899155574,0.0917695034982373,0.0794423434953491,0.0881014237819263,0.679402883629191,0.561420077854527,13.5018173717556,241.550634483359,0.1690265482814,2.99239073171929,1.71784950279396,0.142989835271381,0.0968014390819388,0.0640209296221085,0.0605135545100762,0.085395130930087,0.537140580911492,0.61013347401159
"SSA_00244",4.41596427110866,0.0280900669727072,0.104345221853776,0.0133603049975526,0.224920046808722,6.48150301570674,0.0593450028460464,0.479438357942933,0.212758575772149,0.152067757880955,5.8752924585913,0.767930329416059,0.0506009236413822,0.0239968475194302,0.142966448755937,0.129396648677971,0.0985091433983273,0.092682366699732,0.0794418264610904,0.0881010436593316,0.679391284214457,0.56141000435849,13.5017501747534,241.551475452298,0.169024428769059,2.99933603354494,1.74707145932091,0.144535926327661,0.0968024729712028,0.064019897187533,0.0605126417576799,0.0853937570178048,0.537146813535597,0.51950532546893
"SSA_00245",4.20490176524595,0.0280899498583677,0.121211074135261,0.0175389104150744,0.22709055653957,6.48139220445452,0.0593435049892179,0.479442780967576,0.163657486376609,0.105625545421784,5.83948727666418,0.767918718267555,0.050487054825527,0.036828867868594,0.14826330732451,0.115996158572812,0.0680711895384995,0.0929455674167979,0.0794431434887016,0.0881011439781247,0.679404330600884,0.561406198066686,13.5017150904976,241.547931120467,0.169026193844586,2.99258968897019,1.70153431421895,0.141654349087951,0.0967984595823583,0.0640201459056966,0.0605135797302618,0.085394101648333,0.537143268153707,0.517888190804184
"SSA_00246",4.51367544401844,0.0280901757303155,0.112600505755416,0.0110085053559321,0.223691814175859,6.48138704183169,0.0593453947390747,0.479439354660489,0.171954744014451,0.174351576590302,6.19885801254348,0.767951052343727,0.0503987131287883,0.0355770696124788,0.156730217842838,0.10895936393975,0.0965697545063541,0.0939281850826643,0.0794421855449574,0.0881013992571688,0.67939607632801,0.561416870745467,13.50180523267,241.548596031741,0.169026583382132,3.00331145625246,1.71141560131483,0.140252589576509,0.0968037687977831,0.0640204309895833,0.0605137205600124,0.0853944309164695,0.53713600051127,0.548068284265228
"SSA_00247",4.38420143220119,0.028090272221421,0.107674185602143,0.0148781373812319,0.227616602020684,6.48137386092552,0.0593442953426852,0.479440780007692,0.175652787441808,0.141448998539259,5.71371823685476,0.767933762087628,0.0505302283160049,0.0271724305063926,0.145662774576139,0.116138837618835,0.0895169198717836,0.092308023822651,0.0794424772429687,0.0881022025236976,0.679393404916367,0.561411792061333,13.5018431779971,241.550237018469,0.169026491218878,3.00323833428326,1.7260129621882,0.141019595890603,0.0968026643435882,0.0640199399247279,0.0605135536951885,0.0853938643660446,0.537140380153525,0.533181225700291
"SSA_00248",4.63581989803198,0.0280901901915274,0.119360695458618,0.0124497792023006,0.225771479626601,6.48145959422251,0.0593453059820147,0.479445974167157,0.154038325610566,0.183545800165638,6.28953893267321,0.767945451665362,0.0502788337649462,0.0330030686590532,0.162586713176387,0.123975721559301,0.0992634971867349,0.0934032934948579,0.0794414392824056,0.0881003059580463,0.679398312917672,0.561416869449344,13.5020246681905,241.549282724806,0.169024366986844,2.99356648493038,1.74422716677151,0.144362316503607,0.0968043627393209,0.0640195014391339,0.0605130760772402,0.0853934155534829,0.537140610995493,0.454562267211799
"SSA_00249",4.31814552835164,0.0280900277378929,0.111780935694523,0.0171802954885127,0.226667628154503,6.4814117180862,0.0593439933181959,0.479438908524131,0.220176360766106,0.152073829785851,6.06893371671452,0.767931630704366,0.0506896534740239,0.0289191933775577,0.13608173316124,0.126965656133674,0.104464143033801,0.0926463667810145,0.0794425138981519,0.0881016441747339,0.679386896910904,0.561409017027151,13.5019071378861,241.550140008812,0.169023662706941,2.99931134289796,1.74365395386456,0.142923979211734,0.0968033321695781,0.0640194626418124,0.0605125120779853,0.0853936647764734,0.537140792352434,0.535140949458931
"SSA_00250",4.44714694177298,0.0280897457473822,0.105877902027687,0.0121896155255178,0.224265349581118,6.48148385910839,0.0593451388233755,0.479440721058694,0.189629922717478,0.179483461696132,6.70405684800913,0.767952460704452,0.0504165899166808,0.0371924461942225,0.163103322581138,0.129503916552379,0.093882851975138,0.093873841696767,0.0794422341707327,0.0881002271406,0.679405578932498,0.561414500063581,13.5018385116336,241.548367464365,0.169025653430618,2.98011783921816,1.74567029927131,0.147204264586303,0.0968031005564542,0.064018889403796,0.0605124755544089,0.0853944886881142,0.53713927896993,0.437994431451919
"SSA_00252",4.56140291507826,0.0280902093159943,0.121446782764155,0.0179267554077341,0.227491687828021,6.48140665556664,0.0593452194380444,0.479447874773461,0.187431362962306,0.155748750474945,5.85209389897887,0.767933885853989,0.0505179848663546,0.0299911524435803,0.150810747477178,0.108068083801311,0.110561440564038,0.0949779550503517,0.0794414548734898,0.0881013714356737,0.679397521129601,0.561410880637116,13.5018934322336,241.548646469399,0.169025375494928,3.00367547225713,1.73537528167228,0.144171366634952,0.0968003299447935,0.0640207191898884,0.060514410179824,0.0853949707899666,0.537151568945855,0.456113246304847
"SSA_00253",4.4983975086171,0.0280900457774227,0.101715136073607,0.0149024184584668,0.227493735067211,6.48145624321839,0.0593451170200642,0.47943867790552,0.195914530251378,0.162327217053316,6.5493173676972,0.767945786762832,0.0504076914013592,0.030251450507581,0.164497938606278,0.120750311902604,0.0996732786452253,0.0932229625517906,0.0794419853034186,0.0881016375344771,0.679399753067769,0.561415657521995,13.5018225805477,241.550589690901,0.169025373067353,2.99015565892233,1.7280274449809,0.143829794388,0.0968032790271224,0.0640202645986055,0.0605141040895415,0.0853945629476571,0.537142011767026,0.529681865256468
"SSA_00255",4.29698438711738,0.0280908763327862,0.104730312765363,0.0165907480840988,0.225244643146705,6.48143418427791,0.0593454812439813,0.479436663975903,0.176518360182539,0.162467540183632,5.91404134437637,0.767951377488428,0.0504977482015959,0.0347336040738634,0.16602486636697,0.107342926952068,0.0887872760127579,0.0937936164328669,0.0794435342047303,0.0881034618343209,0.679396642462746,0.561420339580338,13.501612400239,241.548910456446,0.169028281035804,3.00093720422802,1.69645343385056,0.140109475309557,0.0968004114273445,0.0640202134956391,0.0605140619175413,0.0853949273191826,0.53714361949814,0.548733528094953
"SSA_00256",4.53817199231186,0.0280902703484229,0.0856417394952746,0.0172802647388534,0.225759224567685,6.48142153314422,0.0593449177679144,0.479437595002349,0.144289683298323,0.15916163912254,5.90664568916633,0.767950548038739,0.050399141534283,0.0378940445445316,0.162152767692779,0.112773003095498,0.089973528128268,0.0917065142877554,0.0794419457163722,0.0881015480895153,0.679409891158711,0.561424026638135,13.5016719772995,241.551235967175,0.169025900022684,3.00074505168419,1.70010693607862,0.139921324002452,0.0968025901080414,0.0640202474274957,0.0605134892243665,0.0853942907807236,0.537135873457162,0.486967535655805
"SSA_00257",4.66642178565303,0.0280903740564468,0.0784163427762891,0.0181229728484194,0.225675672661516,6.48144480289362,0.0593449782702377,0.479442345259505,0.176042875281912,0.123661437829589,6.40418189666058,0.767963296583126,0.0506326185478868,0.0279710008050768,0.156984900542175,0.0991074396758642,0.106232327869116,0.093564777747799,0.0794426954990568,0.0881017131683241,0.67941896488314,0.56142134294039,13.5017138890879,241.548540031581,0.169027391219825,3.00378047496266,1.70717638081149,0.140773978096631,0.0968022693889835,0.0640213290096806,0.060513710207657,0.0853958310751256,0.537144533378715,0.523523629862865
"SSA_00258",4.63229561688909,0.0280901242099447,0.0615928544229834,0.0121950243643128,0.227193936493395,6.48143540722762,0.0593443077613161,0.479436786900178,0.201938196195578,0.146192039871336,5.99293597693516,0.767939706158919,0.0505480014477832,0.0261583183015292,0.149371720289417,0.0925376881384623,0.0885458033502856,0.0943637057211975,0.079441682619699,0.0881014764096986,0.679419787099317,0.56141840861771,13.5014779946745,241.550516722368,0.169027001695054,2.99544224330944,1.71587260711634,0.142579227839537,0.0968011440166912,0.06402084707203,0.0605136807474496,0.0853965601050517,0.537151354469501,0.501345988545869
"SSA_00259",4.62893812056555,0.0280902549395476,0.0816077346811099,0.0134511522170633,0.225137219919949,6.48134807630618,0.0593443002500795,0.479435325247898,0.137549577789224,0.18413270563258,6.85454814424034,0.767969400315212,0.0504525052833206,0.0480599318973055,0.160688358956353,0.127231768780165,0.102832609977645,0.0918563405729739,0.0794419030947573,0.0881012864989893,0.679401461496359,0.561424005141306,13.5019112608202,241.553221559798,0.169025843566511,2.99540646270935,1.70454448526161,0.141130431113561,0.0968016934502917,0.0640209623157268,0.0605138848947967,0.0853940888806711,0.537135839404388,0.412568508266618
"SSA_00261",4.4784661998358,0.0280905635340811,0.112540677048214,0.0129996073260542,0.226665041016649,6.48147177906888,0.059344999720033,0.479443817941024,0.15326917892667,0.129360123854369,5.28302944010434,0.767944370384569,0.050391665702395,0.0296939877633044,0.140894954913436,0.111485604468347,0.10378731645765,0.0934167782199294,0.0794419478797574,0.088101989963163,0.679403224510631,0.561413123477563,13.501545729196,241.549225537562,0.169025336653041,3.01020080157574,1.73152046125614,0.145200070460904,0.0968041127562403,0.0640204173681624,0.0605147954944864,0.085394726673849,0.53714548094896,0.478970400150303
"SSA_00263",4.57936083013051,0.0280905264629342,0.0904522090736937,0.015271819387829,0.225138573055315,6.48137117386057,0.0593449614922316,0.47943919906094,0.149506528271514,0.173050092626465,6.21984369608227,0.767961347824519,0.0504606592564172,0.0342413652799673,0.155373983422397,0.112037288353474,0.108215849505934,0.0929347511871914,0.0794424343938696,0.0881023284682871,0.679393470426702,0.56141993108833,13.5017360988538,241.551982387692,0.169026289603686,3.00114003607754,1.71114228534327,0.140483162001854,0.0968039358006582,0.0640212909156982,0.060514207360337,0.0853946089352727,0.537138917570926,0.491390663999774
"SSA_00264",4.76849577217922,0.0280897724428404,0.0847327415438352,0.0125688060250748,0.221902281027275,6.48118318918581,0.0593475589260873,0.479436406440784,0.115120145566809,0.165375429213224,5.33896100921281,0.767944613111116,0.0510053210034101,0.0569470861385987,0.160130346303337,0.0810026071499447,0.126471158284295,0.0930767574370976,0.079442042964443,0.0881032078416734,0.679394081017,0.561422100595429,13.5018081271903,241.543469414357,0.169023756556109,3.00678251953141,1.70478664474675,0.138552623102397,0.0968010474332295,0.0640211227455436,0.0605131981266393,0.085393474181936,0.537136169920317,0.536207568406573
"SSA_00265",4.42829483910468,0.0280898700132284,0.117144140268627,0.011897124304242,0.223654949284167,6.48135907684678,0.0593451569930101,0.479450915214928,0.146816707446761,0.182859213990998,6.72516837086376,0.767944415077057,0.0504793469242224,0.0409977427333238,0.161449035983184,0.106270260127757,0.0777229640910611,0.0940914700455163,0.0794430691354197,0.0880997288029541,0.679411871108603,0.56141635698097,13.5016402702675,241.548434799935,0.169025589263615,2.99118185093452,1.70462794888043,0.141479336718289,0.0967983398942739,0.0640212436643558,0.0605138481756066,0.0853967484155314,0.537140478331804,0.414941412694699
"SSA_00266",4.46509227781331,0.0280906532521961,0.108955283741233,0.0142500180221677,0.224683877281674,6.48142628946352,0.0593449544044058,0.479441995068534,0.167057534815008,0.158812340296495,5.36947382938941,0.767940313189428,0.050456634306574,0.0299191334008251,0.148827271999521,0.115834147053457,0.100183752045259,0.0932533062940143,0.0794426643662861,0.0881028605669804,0.679394817910162,0.561416440853924,13.5016384361489,241.550237619121,0.169027489278425,3.00344023686246,1.71024492822118,0.142051957572389,0.0968017615227179,0.0640214154421067,0.0605140153237757,0.0853952330854094,0.537144430716086,0.535125947559053
"SSA_00267",4.54590642121729,0.0280898701209614,0.102528070795653,0.0124293791324915,0.224216211493341,6.48143466078613,0.0593444095308468,0.479434547764692,0.196100165258223,0.176137041972445,7.62998363820912,0.767959363496269,0.0504200466297485,0.0459650223932912,0.172789820336183,0.124420676957529,0.108116061703882,0.0939972984323183,0.0794427987886168,0.0881017788021423,0.679389562016644,0.561409726833667,13.5019082765333,241.552489314873,0.169025691786846,2.98392710770705,1.72666528362681,0.143790045991649,0.0968024199254385,0.0640205912966529,0.0605136520644765,0.0853945615225142,0.537136670199304,0.543486012729723
"SSA_00268",4.69566720966954,0.0280903299591365,0.0762651027867448,0.0172411644724762,0.226692021087954,6.48129762076513,0.0593457466007699,0.479432546874445,0.148559472833214,0.173295573653083,5.63512184703584,0.767949379849399,0.0504354825807435,0.0368854272200623,0.161996362522262,0.126277068624892,0.0974748291638394,0.0917158094150463,0.079443287224373,0.0881023335507872,0.679401602290373,0.561422214577785,13.5020296949402,241.550987762623,0.16902682347251,2.9962605803331,1.72891168411819,0.139720510000281,0.0968016670458834,0.0640203187673807,0.0605132509832486,0.0853943654797202,0.537134470755462,0.490596813681311
"SSA_00269",4.29015538186006,0.028089892760313,0.139218370279415,0.0142665326356933,0.221675138715401,6.48137500834724,0.0593438490079677,0.479444781673586,0.189758061693633,0.179322194363675,6.56157089344145,0.767945538290084,0.0501815131179937,0.0343351318960044,0.162386060672333,0.117833644645575,0.0835262351767461,0.0949164939776069,0.0794431336964595,0.0880994552725501,0.679405716274855,0.561402849430316,13.50203444149,241.551547453952,0.169023254059112,2.98441199698639,1.72274935656253,0.142468489382382,0.096801041472261,0.0640204677840768,0.0605124294286423,0.0853945156471903,0.537133735523265,0.469952012200372
"SSA_00272",4.40563612630275,0.0280899645520631,0.0928590942938694,0.0129304480579853,0.224673901833997,6.48133093936141,0.0593451067160942,0.47943477123673,0.103173624409686,0.156327765868817,7.00633206417987,0.767953799521929,0.0506877317326765,0.0356233528838874,0.170192758224098,0.101060372203259,0.110839703392947,0.0905331886034033,0.0794432657514682,0.0881026589330556,0.679394369139591,0.561413607579849,13.5018420591587,241.550157864111,0.169025206386445,2.99567548160848,1.7061273397096,0.13689681300773,0.0968016641858947,0.0640208537810721,0.0605134346332987,0.0853944934331681,0.537132076494071,0.618691770421056
"SSA_00273",4.44982999976841,0.0280899255432488,0.0928546904237274,0.00968759049154588,0.224657112086305,6.48131911316435,0.0593440329601568,0.479436432144441,0.215450000731492,0.11964611428916,6.45719777806466,0.76794264532648,0.0505209352256007,0.0301725758303978,0.161637215129785,0.12294547857204,0.0925070268111113,0.0922238561634024,0.0794419140626555,0.0881012359745902,0.679410868076863,0.561413595888136,13.5017021539902,241.551900701201,0.169027238247334,2.98598137344672,1.71543550845152,0.142949936665563,0.0967991412200014,0.0640216449449977,0.0605146854187453,0.0853954300927408,0.537143099793416,0.529863679192414
"SSA_00274",4.3088573731504,0.0280895768792777,0.115895274521232,0.0134141573967432,0.223915491169174,6.48139007785681,0.0593456927732852,0.479439217198776,0.171568559104889,0.172211174075532,5.40430719329747,0.76794823379922,0.0504035426746251,0.0373373291391899,0.167376030742538,0.107026135646416,0.0941045452708883,0.0940183154441828,0.0794394515026128,0.0881011910416478,0.679405181752359,0.561417961719647,13.5015468181578,241.54974169203,0.169023315834162,2.99600953988357,1.70999849741334,0.141239304659332,0.0968027926202372,0.0640215861497468,0.0605133629754098,0.0853953085367422,0.537136940917358,0.58384440180926
"SSA_00276",4.25857460664634,0.0280901861448897,0.127606417396234,0.01529544327894,0.223547687516712,6.48126008918167,0.0593454887814638,0.479437370093201,0.176507959511484,0.182612423862089,5.72878305216533,0.767953353315478,0.0504290131690735,0.050465678740069,0.161865726974276,0.119435816205016,0.104798648122312,0.0946946942884671,0.0794409366407645,0.0881025106194123,0.679385960282479,0.561421344954517,13.5017930183535,241.551535388321,0.169024542725133,2.99459503964229,1.72558249818286,0.143061660678266,0.0968031978578541,0.064021678445525,0.0605122343195386,0.0853952799143424,0.537127402890963,0.519241926974702
"SSA_00277",4.52861156710701,0.0280899321354281,0.100522845037005,0.01226522493065,0.224913250214794,6.48134802928591,0.059344924900798,0.479441507408455,0.173932543392658,0.158217355409302,6.21707676302929,0.767945522486856,0.0503770823009678,0.04438799959398,0.168319642501252,0.125948873330342,0.0956655544033268,0.0939131672866575,0.0794421352065384,0.0881011269139035,0.679397094887662,0.561415713560372,13.5017628409535,241.550350236475,0.16902598384478,2.99041561761067,1.72070840163238,0.142704009376717,0.0968028339320082,0.0640200364735259,0.0605137316680822,0.0853944826620376,0.537140781207738,0.557287611429771
"SSA_00278",4.22130891041436,0.0280899259986552,0.122482065195355,0.0113886205703712,0.222944738797833,6.48148530599379,0.0593451377239514,0.479441156807569,0.216882883030345,0.169246104073433,6.65938962135001,0.767945406631046,0.0505960676725363,0.0326329837992055,0.175771435179992,0.114363368426463,0.0757101805677378,0.0930864261182474,0.0794422892292038,0.0880993972507849,0.679423324870608,0.561423499138213,13.5017977298279,241.548609954598,0.169026342821432,2.98487504263602,1.69784642638637,0.142385936405987,0.0967989702485868,0.0640215628829804,0.0605130242168397,0.0853946271774456,0.537142882636608,0.488084920323506
"SSA_00280",4.29797372385988,0.0280902258081388,0.12519941969817,0.0159519216974704,0.226817142568382,6.4814175391471,0.0593446993484358,0.479430641279058,0.176687036005488,0.130344896678029,5.39751528474413,0.767962892730842,0.0504433876121265,0.038268471680097,0.151244339982332,0.11675458689079,0.108624268058009,0.0930324415034402,0.0794410168126851,0.0881034896668834,0.679409630738523,0.561418783206756,13.501621605084,241.552324547841,0.169028477747035,3.00096544201407,1.68457688496399,0.140463707186649,0.0968010070056866,0.0640222192922048,0.0605144311267987,0.0853959226553392,0.537137874541861,0.561290662273777
"SSA_00281",4.50547252722291,0.0280903186187855,0.0846238555744311,0.0152933174862583,0.227140207037803,6.48140235807519,0.059344866670411,0.479434978485989,0.169659506542641,0.160424661870256,6.41376351447512,0.7679617544274,0.0504368039630932,0.0326603461921943,0.165966125764136,0.109028791908897,0.103925124334405,0.0917399965229904,0.0794425837045959,0.0881029513067535,0.679404558065593,0.561417161876899,13.501797279552,241.551210586931,0.169026852718484,2.99606301967721,1.70890314320058,0.139017783702001,0.0968034627093427,0.0640217574467683,0.0605150962856044,0.0853945764382651,0.537141176414218,0.56660305029495
"SSA_00282",4.4787563094747,0.0280899279427935,0.100447976152876,0.0200307669204205,0.227166662108029,6.48139166995334,0.0593443012079867,0.47943443169685,0.153305224253544,0.155975350768284,5.91512948084311,0.76793993837767,0.050512380109077,0.0400811647218762,0.151902428920494,0.120002490917742,0.0850365146773723,0.0945618561344978,0.0794451674115636,0.0881016139355096,0.679408421960914,0.561420733560183,13.5021621038148,241.546619307934,0.169028691495096,2.98856705369406,1.69614603660421,0.141488137406859,0.0967994933493176,0.0640195651841726,0.0605134184235483,0.0853953550470534,0.537129207584458,0.5314376530558
"SSA_00283",4.69205953289063,0.0280901611191336,0.0830342414454522,0.0128277748751844,0.225574791035039,6.48137925158282,0.0593448986437303,0.479442372013661,0.151714163583124,0.14178950132947,5.95093028271015,0.767946316433037,0.050530724176248,0.0350745882269345,0.152692869792453,0.109033739832748,0.100719417120003,0.0922428519379967,0.0794423562676703,0.0881019847816211,0.679400387936899,0.561418002213044,13.5018388665846,241.549489922542,0.169027163286271,2.99859790749773,1.71597954086044,0.141854460296001,0.0968024342571688,0.0640207455658935,0.0605137521711009,0.0853951571185808,0.537135782828604,0.514336137474207
"SSA_00284",4.63484102296034,0.0280896355526466,0.124164520444662,0.0129736821554956,0.228918903431894,6.48143679165898,0.0593436064314251,0.479439855026678,0.210454131024276,0.180433545719936,6.86718585799815,0.767941231690981,0.0501200394171799,0.0371815230528466,0.173608712559722,0.123145765833315,0.0750188764739106,0.0950721395021985,0.079442079924928,0.0881014090888269,0.679407227871262,0.561402501806069,13.5020376109905,241.550278848268,0.169027462091675,2.98863239384966,1.70886060718865,0.141750187595992,0.096801781545028,0.064021200164634,0.060514631597421,0.0853944892192381,0.537146283555988,0.566051920546492
"SSA_00285",4.51521663854507,0.0280903303698958,0.121501560301829,0.0151230561210348,0.226752681936289,6.48141795301895,0.0593449295583704,0.479438315038575,0.172624516916496,0.179007764254462,6.14841622394471,0.767949845398904,0.0504329067734154,0.0375253487625752,0.160287388514937,0.114685496256335,0.0965987364905482,0.0927153947375029,0.079441947079288,0.0881018395112316,0.679404359378699,0.561418585411584,13.5018268484108,241.552350726835,0.169025766211503,2.99897316086783,1.71357418718796,0.140821399489916,0.096801954811674,0.06402124086616,0.0605137222535663,0.0853940715335009,0.537141426539828,0.489587814116479
"SSA_00287",4.54530403739333,0.0280900213033362,0.110976486878337,0.0195233958501716,0.225983003295538,6.48141178126861,0.0593455342906269,0.479437327455606,0.189725519984114,0.158939674272027,5.38145085109934,0.767944005145408,0.0503333691096648,0.0220132173659728,0.156293889533259,0.133074593123844,0.0887657824287225,0.093219080263637,0.0794416015500232,0.0881015907852175,0.679410560904067,0.561419275093144,13.5018799926694,241.552188875396,0.169026634620446,2.99110641621515,1.73172121094448,0.143842401137629,0.0968026866756161,0.0640202005561311,0.0605129739036422,0.0853946129809749,0.537134688898197,0.446978572826281
"SSA_00288",4.23366048571078,0.0280904743455933,0.150914503673782,0.0132383641783387,0.226763361166185,6.48138682770741,0.0593443631553071,0.479450384161187,0.161710418950917,0.207765407703569,5.5805367892518,0.767953478710632,0.050451782460066,0.0371631417032636,0.14143656067552,0.0994806161922904,0.0915654337942625,0.094564683639692,0.0794433248755773,0.0881016043293796,0.679389929904403,0.561414749193855,13.5021001169014,241.546806904185,0.169024648801117,2.99771655718153,1.73221094058926,0.141072175971871,0.0968012810658561,0.0640197128842975,0.0605141912197393,0.0853945382038588,0.53714659797658,0.514426377177438
"SSA_00289",4.40924215861431,0.0280898049573581,0.120999105057319,0.0248830969817169,0.227764010131724,6.48140298812421,0.059343686332155,0.479440127776666,0.187027369969787,0.149721988274336,6.14734604556178,0.767941404944003,0.0502646261641551,0.03049999431037,0.136352898033324,0.137023841895515,0.0866162708836662,0.0934456148126353,0.0794418802928408,0.0881026944567524,0.679400185053569,0.56140864700859,13.5017587325674,241.552261777656,0.169028461554758,2.98947651511184,1.73644672538622,0.143355080727293,0.0968002952334313,0.0640211659233733,0.0605130461102612,0.0853950607173704,0.537140658655785,0.464136819600625
"SSA_00290",4.35384112265543,0.0280904415330144,0.108530880762154,0.0199292094874982,0.226498502389209,6.48146144038691,0.0593454108058585,0.479439732573331,0.162305533560052,0.200353962809305,6.20154015136,0.767964659338128,0.0503603457944852,0.0321741064891907,0.174225511044128,0.101618990985983,0.0947113084648162,0.093484853038697,0.0794434423000152,0.0881018415067842,0.679408973451322,0.561418829369007,13.5018071658897,241.55081733597,0.16902470473289,2.98958414868329,1.71190943932368,0.141060320309647,0.0968019954052223,0.0640193704352036,0.0605129840133836,0.0853943983637408,0.537127731933482,0.352486836905252
"SSA_00291",4.60565625738805,0.0280904436805501,0.104983548347217,0.0125977992730286,0.226531342901732,6.48133217005229,0.0593454130587481,0.479442037815189,0.157506711655928,0.155710107723695,5.30646664522559,0.767944320803068,0.0505371562751873,0.033225429598061,0.149764352702664,0.0930248588416862,0.109908921289377,0.0948178912467593,0.0794418174456781,0.0881023255381495,0.679391879743284,0.561413195169856,13.5015892160044,241.549205791174,0.169025980396481,3.0091461630797,1.71702109854367,0.140510870369721,0.0967996029609062,0.0640204981442945,0.0605142029965388,0.0853948616095616,0.537153121536013,0.4996671751471
"SSA_00292",4.60650370075984,0.0280901439709738,0.122742042108518,0.0158784266707273,0.22475786823662,6.48148554577325,0.0593451434045196,0.479441472486873,0.170167739042252,0.180307363433582,6.52343848037474,0.767958488136399,0.0502769983342928,0.0328001519709063,0.154798448518626,0.137571163336384,0.0890257545202364,0.0940997939694716,0.0794430898808996,0.0881014484005772,0.679400452746294,0.561410244742776,13.502101222665,241.551397433851,0.169027382497345,2.99081314982415,1.73347477364871,0.142862964799521,0.0968013619025555,0.0640199608743083,0.0605135103380293,0.0853950972700385,0.5371408107522,0.478884110838803
"SSA_00293",4.69077400334621,0.0280897947477278,0.0954259510617477,0.0125191560634912,0.225841657102786,6.48142269445284,0.0593454001131728,0.479426689953223,0.215596921526231,0.171734874233909,7.25476382431965,0.767952979330083,0.0505207551844017,0.039094259718396,0.183334184556705,0.135051776017016,0.0937641518766139,0.0927895000449926,0.079441675183703,0.0881022097800963,0.679396648599092,0.561414796016505,13.5018817187743,241.552023552875,0.169025194243679,2.98720137104009,1.73169213071449,0.144537510077224,0.0968015791524496,0.0640194782381064,0.0605134681601801,0.0853937072172066,0.537140657850117,0.576444898195209
"SSA_00294",4.59505975044588,0.0280901008230268,0.0810828011425279,0.011144933466775,0.224083295265905,6.48145939573367,0.0593450559923024,0.479435692379294,0.180808263669532,0.162070565997046,7.3338842780093,0.767951535596309,0.0505429197501341,0.0405237913172011,0.185713753843801,0.111698838833252,0.103413036460384,0.0918914414946418,0.0794420138908268,0.0881004077288132,0.679416744513182,0.561419266351481,13.5014462003061,241.551124933522,0.169025531233117,2.98576559140374,1.69835455360094,0.142297092678894,0.0968022087978711,0.0640198305571048,0.0605139712316169,0.0853942947495287,0.5371402133083,0.499738612059983
"SSA_00295",4.44173350757159,0.0280901234007348,0.0939017402132508,0.0144084440811742,0.226286388422577,6.48137042250198,0.0593446976019443,0.479440626456343,0.199409439801542,0.147506381580085,6.21516191140094,0.767955952460002,0.0504522584584684,0.037915778923288,0.145160200303946,0.132177974253321,0.0902546609336747,0.0915002288649993,0.0794407880186189,0.0881016428962726,0.679394075075991,0.561418401730864,13.5018336510517,241.550763703361,0.16902532464771,2.99166628947958,1.72503138898951,0.143148741970284,0.0968044114543807,0.0640208228172699,0.0605136572368164,0.0853933542172549,0.53714026307215,0.522668956573551
"SSA_00296",4.51117642346263,0.0280902961380593,0.104625660812167,0.0178086990025496,0.22564690997918,6.48136207748912,0.059344925280792,0.479442519199895,0.147733175221401,0.152858278179312,6.47577510677584,0.767952750691467,0.050444808780894,0.0355166803145304,0.153530028630935,0.116836614244484,0.10052160941031,0.0933228457095179,0.0794418440315923,0.088102012898182,0.679395369725242,0.561415215500625,13.5018962875633,241.549557647609,0.169026422214316,3.000566058206,1.71767588517901,0.140565320965967,0.0968026698514155,0.0640208787449759,0.0605133861057048,0.0853948103076475,0.537139899981808,0.534514941818798
"SSA_00297",4.54835271909475,0.0280897772088705,0.10339145174272,0.0119029230452942,0.225723451618941,6.4814723458347,0.059344939265889,0.479429521717575,0.19739732173314,0.137574677846229,6.39291386255194,0.767954766820119,0.0504849548650232,0.0321428126053867,0.162197000047015,0.125989436968733,0.101876550907085,0.0930103354876141,0.0794425028926957,0.0881023869786265,0.679392418079571,0.561406796554937,13.5016475464334,241.553955951468,0.169026157155133,2.99619337345193,1.71772030950605,0.144107376062977,0.0968027212439233,0.0640216597936684,0.060513915768397,0.0853943746087399,0.537136656378627,0.486004930684867
"SSA_00298",4.60637548131172,0.0280895154004546,0.0660158184804902,0.0120685529161213,0.228624466681127,6.48128550547521,0.059344726914824,0.47942904112209,0.130060303617022,0.161997848375845,7.09560318172644,0.767957381779937,0.0505703552220374,0.0452013565991852,0.193082659019575,0.119584451807275,0.106736002797819,0.0907414816564255,0.0794403773663371,0.0881042209196385,0.679412049643736,0.561416341211597,13.5019072589385,241.552932076546,0.169024737731224,2.99301622031224,1.72009450086173,0.13929351187565,0.0968002567261375,0.0640223718290174,0.0605156469659729,0.0853971758466966,0.537139144063734,0.689388409036855
"SSA_00300",4.54136126191622,0.028090080142732,0.0959460896865492,0.0111545433105028,0.226354736687028,6.48137997909022,0.0593448957618138,0.479438198646446,0.164847805295886,0.152471528406061,6.05830452627882,0.767954736438349,0.0505035494582744,0.0355338998638951,0.161671737717993,0.112440461802392,0.105525110078054,0.0921928685833126,0.0794411511382818,0.0881011799367731,0.679404303979882,0.561413770804236,13.5017765902556,241.555325707831,0.169024356573947,2.99448287748824,1.70430453140408,0.141106767212854,0.0968019016936395,0.0640216320634463,0.0605149686503285,0.085394842352027,0.537143858077173,0.522773124782788
"SSA_00301",4.65644352384209,0.0280906398487903,0.0984266942381091,0.0140757414551353,0.223987688072404,6.48143027521807,0.0593449609064787,0.479445058914152,0.155459100407832,0.171094103493176,6.48309335144326,0.767953493655516,0.0504176709019026,0.0438592921745869,0.166073621336976,0.108634222503006,0.105663273094415,0.0938410453350568,0.0794434243341367,0.088101014712628,0.679412764979827,0.561417473509399,13.5018654642177,241.550211083296,0.169026676030958,3.00078297102353,1.70311755294616,0.140730918048976,0.0968022451461565,0.0640203693918437,0.0605140029930672,0.0853951697989785,0.537143148339824,0.480339572408195
"SSA_00302",4.53333849567864,0.0280897159502105,0.115501611031888,0.0111617096951916,0.225641789619323,6.48139458106155,0.0593448169068536,0.479441864664889,0.201533868974853,0.155266664304559,6.64548179899319,0.767941605078488,0.0503250093294834,0.0397671353201697,0.161542004947488,0.141455630961501,0.0878223553048213,0.0922862571061167,0.0794416320071514,0.0881014036458359,0.679389463395633,0.561406299426087,13.5019294579753,241.553648636069,0.169023478945589,2.98742285498008,1.7353181241298,0.141160826179848,0.0968023567716569,0.0640203637731439,0.0605138715306379,0.0853947436109429,0.537146173737285,0.523953161775844
"SSA_00303",4.60000879923428,0.0280902142597759,0.103640806536847,0.0147328230064715,0.226469076192812,6.48141911450187,0.0593449743591064,0.479441396411425,0.167323828993685,0.174817604293617,6.36556003570217,0.767959186023538,0.0504814872671318,0.0281216689827368,0.160408252992261,0.119786590654944,0.0968451322063725,0.0933553772832126,0.0794423408868673,0.0881018425413973,0.679403742101607,0.561419560343868,13.5019845944246,241.549803866269,0.169027822398338,2.99635379392817,1.7139536198926,0.140463795960691,0.096802095446287,0.064021351726096,0.060514215610154,0.0853948673917032,0.537144578038623,0.528325245067546
"SSA_00305",4.32271027829605,0.0280899775865437,0.117796543395346,0.0131453589962382,0.223201992302197,6.4814889860402,0.0593451558372189,0.479440273558863,0.211181710532699,0.159128561488927,5.88095777002861,0.767934109704758,0.0503284172851247,0.0315737000125028,0.178308180506866,0.115987708060197,0.0747911355050123,0.0931636812315067,0.0794438600953887,0.0881015732791851,0.679406515711067,0.56140839676767,13.5017701550586,241.552556384714,0.169026706454646,2.98121408774356,1.68728608080544,0.140305968254555,0.0967999872161743,0.0640209955106664,0.0605133193656713,0.0853952118491308,0.537139863057129,0.420650819199214
"SSA_00306",4.53578537158311,0.0280899929899087,0.101899690527163,0.0154316298079583,0.223946060289657,6.4813872032232,0.0593446314431416,0.479442533413125,0.12416693673214,0.194772354823934,7.51188787619997,0.767956708163607,0.0504239959431718,0.033470896714703,0.165420731914862,0.11160234539494,0.0802214021148934,0.0931540593643914,0.0794421623634496,0.0881016079717314,0.679403464234036,0.561416126654724,13.5020420910723,241.550553765592,0.169025810364746,2.98848419585939,1.72709668098604,0.140384239008653,0.0968010717554097,0.0640210733489393,0.0605126681257759,0.0853948637888928,0.537128656019826,0.444510735765907
"SSA_00307",4.37184126181247,0.0280897166014943,0.102631983437412,0.015517474250427,0.224944542360042,6.4812919085375,0.0593445124077435,0.479441429729602,0.166801416945474,0.150484168206585,7.1865094813479,0.767948587212495,0.0506437305532193,0.0381507116716398,0.185631923581298,0.107259916301823,0.0904045375614578,0.0915979556355063,0.0794409950246576,0.0881017648524082,0.679413075627981,0.56141929496369,13.5016757354861,241.54845745833,0.169026214449828,2.98992234945911,1.70761952527851,0.138568644587589,0.0967996847026906,0.0640206148550942,0.0605131911721562,0.085394448575454,0.537140122359112,0.550535222596209
"SSA_00308",4.46761419356797,0.0280894947998203,0.0936590195497699,0.0128312028750783,0.223939854960435,6.48127563488772,0.0593460959061139,0.479423338503172,0.200336633600918,0.132831525143437,10.0301469442909,0.767945802153644,0.0506217000080922,0.0413015058156501,0.227808257403774,0.133614392658876,0.0771105856694472,0.0961970243241507,0.0794420046811746,0.0881013215339871,0.679408353859174,0.561416952679424,13.5017012641776,241.553256357298,0.169023241225128,2.98063592382394,1.69921601537765,0.139576909897559,0.0967997758976308,0.0640209416619818,0.0605135550199752,0.0853937383817181,0.537128187488514,0.460436701916758
"SSA_00309",4.54049545625318,0.0280906211357411,0.105274972512485,0.0141376425393134,0.226563294167894,6.48120820925598,0.0593441796079343,0.479439584729667,0.145164171904049,0.13199405609886,5.06508344915942,0.767940992785659,0.0503169860893999,0.0431542673171182,0.164738921271089,0.103114420467537,0.0773417074415769,0.0918461567226832,0.0794425794381679,0.0881022067309246,0.679414072387139,0.561422622660733,13.5017963268763,241.546823919137,0.169027950599677,2.99688649842545,1.68702990287256,0.140634814996003,0.0968009940452973,0.0640202426046651,0.0605141385044983,0.0853935514851518,0.537126809720359,0.448357636424459
"SSA_00310",4.63317295372202,0.0280901815436818,0.101107091224346,0.0141394803095829,0.224139099450309,6.48138690968684,0.0593451303401826,0.47944401983774,0.118545814706191,0.126077440319485,5.21041922148425,0.767928018837983,0.0503246531807633,0.0435998791594952,0.150611125253803,0.111110779700136,0.0805816105969381,0.0950294903474736,0.0794434960982182,0.0881017167697267,0.679402539446744,0.561416283147866,13.5014791703819,241.548792540914,0.169027711919911,3.00274436648038,1.68978091209889,0.141279201422069,0.0968000868958748,0.0640190599246736,0.0605138818482034,0.0853961084517109,0.537130813742299,0.44168917702734
"SSA_00311",4.56744710121362,0.0280896805285769,0.10845803533212,0.0123743798573241,0.222611114314912,6.48129780701441,0.0593451046961909,0.4794347312736,0.186774202200749,0.1712873059713,6.57133094572928,0.767950882266578,0.0504073319818873,0.0450779652420273,0.166528765347546,0.123304776167998,0.0839672102040542,0.0945950503713266,0.07944065560894,0.0881008018353508,0.679389690343717,0.561418423419258,13.5017281342546,241.549885301478,0.169027097296039,2.98237983866256,1.72227753433413,0.143904037447939,0.0968011692685025,0.0640209051059636,0.0605129222976509,0.0853929291348609,0.537136236721447,0.482582306898239
"SSA_00313",4.47893865429813,0.0280903163349341,0.0875057309539715,0.013714916075485,0.223786833078632,6.48135569587908,0.0593449708282502,0.479444910844045,0.182295406832558,0.141262015688557,5.43774595741657,0.767936198841392,0.050485670211216,0.0449972794670817,0.128084081575678,0.119166191447576,0.100979826525941,0.0910038898175388,0.079441807032466,0.088101871058233,0.67939184981544,0.561416272548617,13.5015879003748,241.552203174045,0.169024472769265,3.00297765943145,1.71939369370614,0.143519537345174,0.0968015657458047,0.0640212930934309,0.0605128385157358,0.0853965780183174,0.537144110579661,0.472702385322281
"SSA_00314",4.40261481318067,0.0280900764330512,0.118545659270045,0.0155731480074236,0.225512119435057,6.48134411985694,0.0593455985763082,0.47944273066634,0.151284319614422,0.178071964457613,6.47744143800925,0.767950339402435,0.0502842126480277,0.0324298391152219,0.148285467921608,0.128861515592982,0.0839928599995888,0.0951931763567924,0.0794431606280303,0.088100974824963,0.67938965278962,0.561414685888346,13.5019216353504,241.549796890442,0.169025207314537,2.98768021243339,1.72296772649462,0.141942260169104,0.0968043853273749,0.0640199227638157,0.0605130825920328,0.0853942138509227,0.537135142658482,0.505086447459412
"SSA_00316",4.51791640607936,0.0280902454232949,0.125960311978771,0.0117140477279242,0.223810941731628,6.48143455828359,0.0593459872477848,0.479439059609845,0.161869244629175,0.188404394251222,5.95263746628327,0.767937070081994,0.0505452506488612,0.0347954799573597,0.164217086304576,0.0964194287944375,0.0929828295870062,0.0937520603805783,0.0794427106015829,0.0881023905061865,0.679390423524716,0.561419470227263,13.5016605554115,241.548453488289,0.169024665998355,2.99797065550599,1.71325697840074,0.139303415653985,0.0968035133236206,0.0640200320219124,0.0605126843773696,0.0853941215525121,0.537137776149026,0.466503212764043
"SSA_00317",4.45051401845892,0.0280904775995956,0.0899361767508936,0.0136172730989428,0.224210807910407,6.48138172684579,0.0593453458573984,0.479439932207213,0.159588434175725,0.159512514857818,5.730339230084,0.767957045055551,0.0503463842044678,0.0330457940587289,0.165233676530203,0.113045677078763,0.0876129571658315,0.0941779252243177,0.0794414341122761,0.0881024252814073,0.679405151424394,0.561418759768951,13.5016725557888,241.549552990289,0.169026163780413,3.00480227821667,1.70665185811702,0.141980721565087,0.096802914529262,0.0640214062140729,0.0605142347780409,0.0853952042622973,0.53714054777054,0.584664512976372
"SSA_00318",4.53845437035061,0.0280899182001826,0.101159747752459,0.0151564742562159,0.224657936391983,6.48129939117063,0.0593442131132178,0.479438197088759,0.152387446009167,0.147819014187724,7.28027518598913,0.767962856116655,0.0506695129424122,0.0370747608270302,0.167889556639592,0.137714294272961,0.110036834444706,0.0916745547369374,0.0794420108377809,0.0881014983110132,0.679404891354358,0.561418967557478,13.5021028617543,241.550474951303,0.169026043776275,2.98322866686602,1.72206755975917,0.143108735316535,0.0968020175625727,0.0640212961022445,0.0605137747529546,0.0853936891454967,0.537139472619771,0.527962247347621
"SSA_00337",4.67986649693056,0.0280904144682627,0.0903858314674389,0.0145630816267361,0.223931022907944,6.4813018034374,0.0593447835329943,0.479437658871492,0.119525381092607,0.174346584538227,5.09975530426068,0.767963472421527,0.0504956951218271,0.0318644968101837,0.139025511457,0.110420477317096,0.0969965122431638,0.0917682184324389,0.0794425192266872,0.0881019752469117,0.679396987020565,0.561426204066129,13.5019705935928,241.55052678749,0.169027464605629,3.00543200148027,1.72022331873523,0.139977191873778,0.0968022579431392,0.0640212176632003,0.0605135616550444,0.0853941523217803,0.537135909299608,0.507515248560894
"SSA_00339",4.48601625335946,0.0280898723372416,0.0897962535785053,0.0118286459746043,0.226537201481335,6.4813793781369,0.0593436496532626,0.47942814959721,0.187487467718476,0.146849860546241,6.52577679888474,0.767949641860348,0.0504673119753752,0.0402138072870556,0.15914134292394,0.126869134154099,0.106711429215151,0.0912077866757812,0.079440674777267,0.0881012544999595,0.679418840570336,0.561415222339063,13.5018926357683,241.552502504165,0.169025718213851,2.9956617077719,1.72091551106848,0.143156694149705,0.0968025044960183,0.0640208430008227,0.0605147439190449,0.0853946880312595,0.537142581636852,0.662141756017042
"SSA_00341",4.8529897618668,0.0280905215722583,0.0606201635298604,0.0146036701373435,0.225730145609653,6.48147948411243,0.0593449271890551,0.479438187606316,0.169842198807181,0.151649913647033,5.29035413686741,0.767956659722299,0.0505290375989154,0.0276755405528949,0.147967138462209,0.0992941952970851,0.11407661143903,0.0921593977518714,0.0794431135349981,0.088103670057278,0.679394904803492,0.561419303032922,13.5015965224305,241.553990665873,0.169027017024813,3.00648417065881,1.71101198208113,0.141439957234134,0.0968041275114551,0.0640214872925068,0.0605143245396677,0.0853957921713121,0.537145143449686,0.495008246705499
"SSA_00343",4.59591752010541,0.0280902508162476,0.0708635106667123,0.0118109708615765,0.225282986960007,6.48131385786025,0.0593437211403089,0.479439801781542,0.171619573271271,0.144314755920037,5.85523578335528,0.767933724454974,0.0504075440633114,0.0379315736289962,0.15777495120356,0.117730784130057,0.103502769800859,0.0917727071892305,0.07944122703061,0.0881009953040457,0.679410658743031,0.56141736560222,13.5016482795903,241.550101692399,0.169027499763002,2.99476939575025,1.72206159307769,0.144349405005898,0.0968021804809016,0.0640205599053489,0.0605142696475711,0.0853953408955566,0.537142391082759,0.539896529324794
"SSA_00346",4.69792524058781,0.0280903415179721,0.0580413125901821,0.0127761995930328,0.225915650100167,6.48136146831739,0.0593443725851936,0.479442075549786,0.161952015757806,0.113631858111517,5.94397217612536,0.767949765668817,0.0504238679540935,0.0341137053876562,0.149486270740263,0.0937909450945137,0.107656708187353,0.0928303164775092,0.0794432870881435,0.0881011404682292,0.679417267922876,0.561412505650652,13.5015888252739,241.5490803454,0.169027212916652,3.00616566601451,1.70146669832786,0.137689167997617,0.0968012309905945,0.0640205516158945,0.0605150006469835,0.0853954429171187,0.537152453060891,0.600313464602311
"SSA_00353",4.32360545912669,0.0280896770101934,0.0825800450865125,0.0106058037302518,0.222839861440251,6.48153776136793,0.0593444696438971,0.479427119598678,0.204799793342988,0.133420560484879,7.93915036495396,0.767955259318592,0.0503031880268977,0.0388316975173913,0.169480979616795,0.124099218260561,0.0750138458938695,0.090994164113662,0.0794431919526501,0.0881003001515639,0.679415198841018,0.561414113349345,13.5018715817096,241.555939101052,0.169028019505013,2.97847040971834,1.69677287946798,0.140013807511191,0.0968004681823784,0.0640220483441338,0.0605137739850821,0.0853940812729632,0.537135433376571,0.470010799168475
"SSA_00354",4.54487935007391,0.0280901265853447,0.0890783877739656,0.0140598890889312,0.224079997304581,6.48136453383705,0.0593450646758977,0.479435751839182,0.177404426392819,0.141118430759073,6.58902655206654,0.767950658461134,0.0505682147421811,0.0373489821325242,0.154052827120254,0.124580190864655,0.104503916576019,0.0924281429361757,0.0794427236737404,0.0881021040826939,0.679395931438869,0.561414109053849,13.5018729254498,241.550389620108,0.169025934980274,2.99152311914853,1.7237176042467,0.14067964780057,0.0967997872391564,0.064021240446284,0.0605130630718902,0.0853941309286003,0.537139563797229,0.511672041693909
"SSA_00366",4.53733438303784,0.0280900084881562,0.0746318862511452,0.0145786131882773,0.224976795900409,6.48135536063794,0.0593444019113112,0.479436319486701,0.181118547698199,0.171745896652865,6.13078910654425,0.767962300457299,0.0505768343883449,0.0351932233548532,0.165291467219606,0.0971832180879615,0.0893649160163819,0.0922846274458552,0.0794415164269637,0.0881018126445645,0.679418318842263,0.561423416487674,13.5020665370534,241.548445182877,0.169026970826274,2.99749750747336,1.71826792465818,0.139391364863507,0.0968028063574987,0.064020316026694,0.06051256908275,0.0853938677237281,0.537135993386329,0.491812958483552
"SSA_00369",4.16303928004108,0.0280908255681781,0.111553879084794,0.0138175305844935,0.224723166839563,6.48152069101296,0.059345310331998,0.479434816325238,0.169596963940271,0.203204373769277,7.30571867156621,0.767962218007533,0.0503287255206817,0.0365428972631898,0.183477078612009,0.109933643928631,0.0886953741837697,0.0932559528608862,0.0794441536028067,0.088102455790688,0.679410719717175,0.561421301801798,13.5018695102106,241.550080031041,0.169027708548657,2.98373171408892,1.70660355488195,0.14007946194892,0.0968011659573687,0.0640210259704252,0.0605140187292635,0.0853944734928784,0.537144074893841,0.538351390993317
"SSA_00376",NA,NA,NA,NA,NA,NA,NA,NA,NA,NA,NA,NA,NA,NA,NA,NA,NA,NA,NA,NA,NA,NA,NA,NA,NA,NA,NA,NA,NA,NA,NA,NA,NA,NA
"SSA_00380",4.58339778106577,0.0280903567040298,0.0884770091003614,0.0218247742664693,0.22698695188429,6.48140828420458,0.0593442384188611,0.479435436066579,0.15034387776129,0.163781296151951,5.88046797358494,0.767940425047938,0.0504619899404651,0.0323445987047178,0.14927728292972,0.118042114592829,0.0973659236033628,0.0929816847798667,0.079443615241277,0.0881024665430709,0.679403423588709,0.561416300852992,13.5019488708652,241.552397667968,0.16902755778512,2.99793853409605,1.71558770167271,0.139737924100602,0.0968013471736382,0.0640204716996551,0.0605132641550558,0.0853942388966713,0.537135812043614,0.535457832563414
"SSA_00386",4.69676768986889,0.0280905885638897,0.05694362181106,0.0136203540786779,0.225405613077898,6.48129544720973,0.0593450766879556,0.479431341053521,0.186753254624409,0.130183778710724,5.96827339635104,0.767951110647918,0.0505580478974928,0.0285907173635915,0.149852784372683,0.106994955987438,0.0997928891285899,0.094000574853006,0.07944307442994,0.0881028945016978,0.679396788969181,0.561418009791788,13.5016098788861,241.553338035706,0.169025694479994,3.00937546574472,1.72123781094002,0.139037731770982,0.0968041421456234,0.064021384342623,0.0605141576510177,0.0853960458563486,0.537145890090751,0.478666932594253
"SSA_00395",4.5808499815415,0.0280901877076753,0.0763463554606095,0.0129261793112447,0.223011875756022,6.4813649842786,0.0593447376948033,0.479438429314303,0.17494962903103,0.141199191622114,6.21309297413576,0.767949284858682,0.0504516008998557,0.0352890618983617,0.170481910294564,0.112028492491915,0.0982024762367996,0.0944907892313339,0.0794434705095415,0.0881013223846488,0.679403780596232,0.561417468922534,13.5019110281225,241.550035626307,0.169025024762021,2.99648746066337,1.70652200435152,0.140514285308643,0.0968028947374581,0.0640208354244003,0.0605128004945785,0.0853953706594842,0.537133825515042,0.460510332920949
"SSA_00403",4.78767728884745,0.0280900720947709,0.0974126405118797,0.0134075977252484,0.227354882121196,6.48135260885476,0.0593454024416151,0.479429378912437,0.170074932855717,0.186301185526017,6.00460098320711,0.767958470182638,0.050417671196969,0.0424460210799062,0.160312355456791,0.125502377288064,0.0922966731940573,0.0927466031190552,0.0794418435034706,0.0881018972223106,0.679396615727363,0.561418460455206,13.502062310974,241.553259591367,0.169027397394346,3.00296921145485,1.72230863013905,0.140487136992271,0.0968023257901043,0.064020910059285,0.0605136431739104,0.0853948986539016,0.537135090980493,0.575743785491297
"SSA_00032",4.54800986595074,0.0280898535374279,0.0881001047382064,0.0101252664154741,0.219538714411617,6.48145503542874,0.0593460401963389,0.479445529346559,0.120931332077094,0.126916867187522,6.10700159757979,0.767942519449513,0.0504640630486038,0.0405740205182628,0.158246309976922,0.0891095328352611,0.0918943106522242,0.0932443325993659,0.0794420416367191,0.0881007857960018,0.679404974738778,0.561412251315528,13.501406968219,241.549427145112,0.169025708560388,3.00442358825307,1.69166814118764,0.137773619949782,0.0968008410845866,0.0640218565210656,0.0605134117105198,0.0853957847664953,0.537143502265222,0.49304493245926
"SSA_00069",4.49879676683006,0.0280903063155377,0.116666970004432,0.0114404385235594,0.224610502530879,6.4813319425412,0.0593445892688509,0.479439172750293,0.190817366849189,0.169889983322674,5.03585982461459,0.767943195735627,0.0503354805789721,0.0338070171048474,0.151738026740739,0.133574539468273,0.10192182093723,0.093414386593279,0.0794418638762605,0.088101633796753,0.679396885662502,0.561418512576986,13.5016879239105,241.553137041148,0.16902572513289,2.99884503571381,1.7189264597071,0.141922630501525,0.0968024718347088,0.0640210081821226,0.0605142913882955,0.0853952698896715,0.537142833758424,0.591149200634043
"SSA_00117",4.26784531900084,0.0280901432489749,0.0985726730373686,0.0147861486510697,0.224743939248336,6.48147921600228,0.0593451286751001,0.479438602981709,0.179503504864708,0.171963232242187,7.34663409575692,0.767943766217179,0.0505394974433134,0.0352706440867924,0.180415891249601,0.0989154754220807,0.083014762745834,0.0938386942761689,0.0794429176933138,0.0881010755333405,0.679424081588842,0.561420842270372,13.501868583624,241.548665607053,0.169024866592014,2.98524418878981,1.70921177510344,0.137974778569161,0.0968011166806991,0.064020367644073,0.0605128941410126,0.0853951788058684,0.537144753335009,0.45640437944792
"SSA_00225",4.62592028785445,0.028090061672525,0.0994749066407412,0.0149708924334079,0.223993001451597,6.48133730582195,0.0593450432085545,0.47944231874808,0.122496245527032,0.194132549250848,6.06914391999753,0.767941821447811,0.0506466688353832,0.0471894720280214,0.143445897328021,0.10900724510158,0.103430967936768,0.0918598798983109,0.0794420946382709,0.088101667649429,0.679403229201239,0.561418037781781,13.5021522945144,241.54535773015,0.169024888775585,3.01183297834623,1.71328908874186,0.136480251037995,0.0968004994942438,0.064021258164116,0.0605132338374064,0.0853931853290229,0.537146445981302,0.488728295325146
"SSA_00315",4.54607823181601,0.0280905223572259,0.1070404162958,0.0146447147987816,0.223893767108429,6.48149008300239,0.0593456753119893,0.479440984451972,0.188236496453421,0.151954902299059,4.97755707607214,0.76793626395569,0.0503556190233063,0.030396352301037,0.148449172147858,0.108825261610076,0.0903855737902532,0.0940331811003741,0.079444366288788,0.0881001142761406,0.679406138858389,0.561421096306852,13.5016958968857,241.550918597431,0.16902774182032,2.9959709378823,1.70748849762754,0.143502680844289,0.0968025266614893,0.0640196488709283,0.0605128526530975,0.0853952673158454,0.537136185095405,0.420790934840617
"SSA_00338",4.6122746993044,0.0280906820437133,0.0762523740475396,0.011142859916263,0.224003644675921,6.48136849902277,0.0593451975361234,0.479438200871477,0.156630427121813,0.177101013003743,5.34687498989506,0.767964469651572,0.0503340830292171,0.029489588770143,0.142495247844544,0.130416462161389,0.0918919237331378,0.0928414537563141,0.0794416779163048,0.0881025130609842,0.679386760913668,0.56142273694462,13.5017321150827,241.553041312664,0.169026847685334,3.0066752071722,1.72445788625241,0.141614997794382,0.0968037295135409,0.0640215157986405,0.0605131510235036,0.0853948233213111,0.537141162822038,0.550979054577998
"SSA_00344",4.37226937365564,0.0280905079918964,0.116243855923608,0.0129238721179708,0.222805458442321,6.48130799871319,0.0593452068741149,0.479441208268082,0.201517644581397,0.154869995533633,6.11041851516251,0.767947095978899,0.0504221171419667,0.0441114174532238,0.157536891751259,0.116358180629405,0.0840608734569656,0.0951011585749628,0.07944203684614,0.0881017620105949,0.679387966371108,0.561418384629465,13.5015601781443,241.549975740885,0.169026157700318,3.00768896951369,1.69772882220509,0.140557863993336,0.0968015095508005,0.0640210724605474,0.0605126859124371,0.0853942288064584,0.53713494344823,0.544013793153239
