"","Km1_CO2","Km2_HCO3","Km2_PEP","Km6_CO2","Km6_O2","Km7_PGA","Km10_GAP","Km12_DHAP","Km12_E4P","Km14_GAP","Ki18_Pi","Km18_ATP","Km18_Ru5P","Km33_NADP","Ki57","Vm2y22","Vm3y22","Vm4y22","Vm5y22","Vm6y22","Vm7_8y22","Jmaxy22","KaRac","tao_ActRubisco","Perm_CO2","BBslope","MRd","Vm2y23","Vm3y23","Vm4y23","Vm5y23","Vm6y23","Vm7_8y23","Jmaxy23"
"SSA_00002",6.04372275834836,0.036587757500754,0.0889769560547767,0.0121868671725204,0.247403951169814,7.8606565423362,0.0629309511408978,0.39847479232573,0.159159240801882,0.1715051945432,5.01199807886722,0.844511515717912,0.0554133453516542,0.0271579543556864,0.0922983383709098,0.106636110442183,0.153798562420329,0.0802872386102225,0.095829094055456,0.110182476839696,0.489827251009989,0.502315707300704,9.03388639993422,325.729270636222,0.162744688373554,3.48279124478281,2.08844013626855,0.130500076195557,0.14488896821982,0.0788909113564122,0.0908925230652909,0.0978538613289695,0.685864359283251,0.587976324094303
"SSA_00011",4.66632223402217,0.0221142518554309,0.11442656332104,0.0110442458363581,0.176339073693021,7.02715976405702,0.0584711801630626,0.511339094086032,0.145829829610118,0.147122706619432,8.15748762067498,0.754845687117826,0.0487935562460512,0.035016769785505,0.174138213100025,0.126823601757794,0.0947113972819484,0.0954113645303716,0.0901711007513549,0.0718598077184683,0.669248399623876,0.475940109505375,16.4700414027808,248.220365278217,0.15344696099548,2.79051133376612,1.58777381547852,0.118830785112237,0.0902739035072347,0.0668851752770528,0.0584524504128197,0.0997240706083275,0.481283816091676,0.504110146478838
"SSA_00012",4.61489059686469,0.0275211439454354,0.101301463072485,0.013257794681578,0.228449527543638,6.12690596778075,0.0493893716157216,0.458032358902018,0.148209378876428,0.162844546475764,5.147148774219,0.699085713231019,0.0526669269924087,0.0397137408576173,0.154012997023394,0.145594158305947,0.0923137334976342,0.0770781783230548,0.0556864837163322,0.0942695536188768,0.644117336331114,0.521166348336704,14.9612288349201,236.793500996966,0.177412172942183,3.15269855594625,1.83531556388823,0.11492936472194,0.0872579157418706,0.063165755714633,0.0624838693311912,0.08070550213807,0.547412351691459,0.474700938539038
"SSA_00014",5.26849716174964,0.0276911044550343,0.101506288708925,0.0157935429935037,0.245847664476361,6.26177200950754,0.0584002739301549,0.509646721984446,0.157304582110743,0.172458134517584,4.9451340369775,0.805413961240161,0.0509470233768795,0.0270322230020019,0.138042214116388,0.110983166698142,0.0985565367617489,0.0897741686278849,0.0549637710169387,0.0949914805510783,0.682231344329609,0.55384022795968,16.5528884028205,241.308081382335,0.163648467006678,3.09539714072983,1.78762561698656,0.148762912263261,0.0996572773399755,0.0702503088324776,0.0702222469459098,0.0734536521724616,0.568315108375519,0.417678284633283
"SSA_00015",NA,NA,NA,NA,NA,NA,NA,NA,NA,NA,NA,NA,NA,NA,NA,NA,NA,NA,NA,NA,NA,NA,NA,NA,NA,NA,NA,NA,NA,NA,NA,NA,NA,NA
"SSA_00016",4.41023799781895,0.0258506100383144,0.105114681312031,0.0172438568186816,0.258185183376105,4.93684231708422,0.0595208863865678,0.431489624179547,0.164356605495189,0.160246327596941,5.5527874960529,0.825632640890813,0.0453259578976923,0.0356727300398852,0.138338913495573,0.158654499537015,0.0711362840423346,0.100485913265361,0.0741798500588981,0.0812033646269066,0.691034937450785,0.63294534074664,16.9759982197802,261.792703108847,0.181033150696108,3.0204304223321,1.77240317529994,0.158535861905128,0.0999717854234646,0.0642608482285707,0.0550048065024371,0.0856325168478871,0.458704372223859,0.47372545718796
"SSA_00017",4.17900352361141,0.0276280445767008,0.0786426528664041,0.0131882363926997,0.221578834863224,5.67911733329543,0.0674224963497121,0.424029689166178,0.148716919353447,0.159551713571829,7.5518684459478,0.839196329050828,0.0466444903662925,0.0426127228888742,0.17863196447301,0.105347622353342,0.0688674362075768,0.105218265618839,0.0735051054641432,0.0932468826448149,0.732390381873892,0.664745034627082,12.7844559246158,267.130152826393,0.167230475986162,3.07483312137421,1.59023866720011,0.124761374465588,0.075441029002059,0.0678545922960401,0.0745075080261636,0.0920224329218971,0.502456972045286,0.487154259361137
"SSA_00019",3.56130356740417,0.0228806298377699,0.0840242119564242,0.0159216247816092,0.268075679070944,6.45008638243729,0.0598533478113055,0.452266532483526,0.1774623321644,0.141532524963115,4.79308753260351,0.764321377551065,0.0437546619402134,0.0289586868262717,0.155990079099721,0.0681398295044519,0.0912194678129575,0.0847110664137269,0.0870625157420336,0.080028484805973,0.769010321500513,0.542283630212575,11.6366871971308,280.88036368449,0.174823508409265,2.82160051471707,2.02839433533773,0.172278586447672,0.130197875938939,0.0543534981792571,0.0725947475208672,0.116990209329563,0.563993305790443,0.72935069381447
"SSA_00020",4.52537849786903,0.0295408715029012,0.0926703407936096,0.0155634323133967,0.218302291882037,5.44302696365806,0.0660748773639746,0.413807004948149,0.149668817511265,0.158378521614631,6.03882843124008,0.991661693268197,0.0553232148640755,0.035873726541674,0.154030864914109,0.102527077247296,0.112289327977994,0.0876246612435964,0.0781150305123638,0.10040859413445,0.634801190799602,0.684180986921382,15.0655006181403,259.687088488732,0.148208469729671,3.02929145202523,1.84944547421375,0.132527360578097,0.124014542785127,0.0629173669774044,0.0522526863084089,0.0736780574467382,0.482516347558615,0.447822785852182
"SSA_00021",4.87199832627796,0.0246145667358615,0.112731050889975,0.0137887631907519,0.192523442079377,6.47836195001735,0.062376970761703,0.460944126134311,0.163422053971061,0.14826799812056,6.24322173268213,0.82365267830509,0.0500035146229295,0.0380534787012388,0.175690544495307,0.0980608189761693,0.0938494789581725,0.0967612430903941,0.0753128824792339,0.0772138538607659,0.798911561773288,0.564480556726056,13.7599399568955,273.441764818231,0.155691622246963,3.04115527434931,1.60718186831752,0.140763802018627,0.0884545591394331,0.0824944745837965,0.057309187519851,0.100996989547719,0.536816129455174,0.404570246464204
"SSA_00022",4.09581090946665,0.0278435989072792,0.0911246875756066,0.0165595984619253,0.218100281279562,6.14584525404857,0.056814792354969,0.472720992051686,0.164276284618668,0.140957653366186,5.13856461516419,0.725203679474764,0.0554740420647226,0.0338036843754647,0.167311021216713,0.115057879018269,0.100390313096942,0.0874215992346634,0.081109241056752,0.0964178578527274,0.764827016600475,0.599393751773835,11.8055796240503,249.28866530502,0.171766391692813,2.89007253117591,1.61360267304161,0.139148690961105,0.105709082558482,0.0636774954250627,0.0642238339357471,0.0974344670710301,0.540976594944122,0.538695914887036
"SSA_00023",5.47868620162553,0.0255759001975518,0.140535533827551,0.0139896804019543,0.210819249404378,8.63587038305849,0.0636106067556143,0.4240792586494,0.172027058210263,0.192607055175063,7.40482070719154,0.735727374616492,0.0470394574027338,0.0375616716588664,0.158874320973529,0.147907644243939,0.0798631276344945,0.0892192062639716,0.0917119114005763,0.089057880046008,0.713814879711134,0.477368427984611,18.7457609909825,296.784478955738,0.165979321308774,2.87867151876729,1.92632548446038,0.150701868614779,0.0731455533287644,0.0652312279883158,0.0474924225607276,0.088043861574008,0.569722374650722,0.512700129127253
"SSA_00025",4.53919829877145,0.0290454130727758,0.0915116537492515,0.0155694887833874,0.2162609933799,5.9592203600323,0.0595202967401795,0.423608245262042,0.163763716378418,0.166236133385546,5.77090225946216,0.815343959850882,0.0571510755318481,0.0349870012545824,0.180105695115079,0.117461204415487,0.0971916679353784,0.08971537821213,0.0797079888488432,0.0972770668621698,0.709805405546581,0.607546548480106,13.6379380520208,254.666017576497,0.164389355068362,3.00884106673661,1.62344040163205,0.116637295069968,0.113148064155189,0.0688196892127226,0.0592021473740307,0.088978588488253,0.538789019236439,0.456688521509253
"SSA_00026",4.03323293001965,0.0267771450197626,0.104173439307757,0.0141980938830084,0.224136198882886,6.72543795585036,0.0627008813331421,0.423278803791221,0.176656121249675,0.189299484153277,6.3696821920706,0.801775453052454,0.0512137350176195,0.0394081862003422,0.185012436445408,0.12298291862433,0.10367261292715,0.0771391060257381,0.0657499358393856,0.099163548568153,0.663019641072546,0.589846368257794,14.6250829469714,246.106021955901,0.165965341730279,2.85409685457065,1.78039941163788,0.124211211057016,0.106727804821453,0.0657815789382197,0.0546641758467311,0.0819831331920328,0.484652520219745,0.493281854631792
"SSA_00027",4.84538001760996,0.0308319027178767,0.105537524456454,0.0144342598229772,0.207907487885676,5.72953465824588,0.0586525939862189,0.484266186280963,0.161465922095378,0.221816835106081,5.69144218103568,0.794133132828518,0.0536917908461721,0.0421762049409437,0.169300819980643,0.172958582363297,0.121033411368093,0.0838335268453866,0.0857773483198892,0.0948026090762958,0.730815240070221,0.676818175333884,14.2341244073521,208.49142645655,0.16710609124712,2.87199774905241,1.71837911046013,0.137171171874507,0.108272226699756,0.0610363447354673,0.0395960624314593,0.0942412079964624,0.441324070885509,0.528814582448248
"SSA_00028",4.41303478168166,0.0248271963364897,0.124576645522406,0.0149676585381431,0.210886468131271,5.83213637160594,0.0613271971313267,0.473799880282587,0.16882765663754,0.193222076353283,5.4833552122266,0.816137287079669,0.0474767616058726,0.0387942340926634,0.178432919182369,0.121362183091398,0.0842982146386405,0.0903808164925608,0.0624031478102408,0.0993676230271513,0.645750258815585,0.487134682436174,15.8531379811497,233.0230469582,0.160033157664176,2.83507193689392,1.77392168403458,0.13569581139419,0.0772059368071198,0.0710519547827325,0.0471849679740669,0.07503883656173,0.389605458378056,0.528865896506115
"SSA_00029",4.8281008706917,0.0269359718847763,0.0965462613871678,0.0105228294441876,0.184934406939418,6.4917818121203,0.0603114546945859,0.47728857189711,0.169625152275625,0.151403253563104,5.38563219827769,0.917836355648342,0.0468584334494272,0.0383167551940787,0.169531546276498,0.138120630649494,0.0912366973574231,0.0817718698776731,0.0737180474360511,0.0874955251824044,0.657863304384776,0.54082015114964,12.6786129472754,275.803709125408,0.176639223435518,2.98781381863375,1.61264205049718,0.15443140152624,0.107388518404891,0.0598488169671566,0.0556129639295193,0.092285025268152,0.540159054952868,0.511131345202367
"SSA_00030",4.85164591663514,0.0322313798081635,0.0995375162757839,0.0123898298244773,0.188591480297381,5.95097980752122,0.0540697238617333,0.394721967826782,0.183294514125675,0.186417189496556,6.37152769348609,0.89801830803338,0.046501605545701,0.0423435847413142,0.193044284300628,0.0976301770707179,0.129839268799522,0.0876502692577581,0.0688512920855968,0.115557237676198,0.633082962486542,0.601183394348935,12.7126586035892,243.9714095033,0.184216968646838,3.02344856439885,1.7353437596077,0.145762109318995,0.0964704644176218,0.0731922087104963,0.0504493293772324,0.0896393664093643,0.535831103244684,0.498210032506709
"SSA_00031",4.12594285946341,0.0297143688967982,0.0951645927619647,0.0130428483033636,0.217395537151247,5.92428912239805,0.0546990427298112,0.439571230297617,0.175613865557776,0.171312965480066,5.98143911949692,0.740313899073733,0.0530036648205025,0.0389163313373302,0.174561374166986,0.0861727469994734,0.0945671460503118,0.0770247498286653,0.071018962237735,0.0824571398397085,0.688245051208342,0.560446532321507,12.219759870189,255.665956151807,0.157370973347753,3.02537054262718,1.67960008586912,0.109281476197306,0.0991470756620918,0.0577605793536738,0.0450366473306324,0.0862052048924441,0.487132394521148,0.594268946840199
"SSA_00034",4.66724165595285,0.0280730717122202,0.102519803588968,0.0138840642607664,0.233259954246349,5.67322995856104,0.0700490288982726,0.452825421243355,0.147697746055619,0.15859519527275,5.32966990102175,0.826875826354774,0.0469544766675246,0.0331735384398755,0.156707953875362,0.0887262976402699,0.0775361564875771,0.105769938726819,0.0823781092599325,0.0834107275648145,0.695307956562194,0.573400777813203,12.9014747784962,241.748485791871,0.16784529448952,2.92595139404037,1.84257649717476,0.12324107526857,0.0962290325879978,0.0635843112188907,0.0565502861878277,0.0921274765261792,0.468752168829672,0.498915755969586
"SSA_00035",4.87544264179511,0.0236744941271312,0.119396142845299,0.0176767592740353,0.29121593678341,5.1620924905932,0.061115411957889,0.502152239980801,0.13576647227224,0.18605123254803,5.37741610736733,0.754825553362898,0.0506988784086706,0.0413899511395288,0.15093594187968,0.0425060796900963,0.0944640541940283,0.0949322020711153,0.0691410455097148,0.0888946806286278,0.622284041566035,0.531058253500431,15.6012172047088,215.595526817076,0.156092173144542,3.14145314686927,1.6267953467734,0.0922764440743659,0.104769035286377,0.0716843496430813,0.053984634334584,0.0715002932752877,0.431051877869803,0.385308329672712
"SSA_00036",5.28382408725848,0.025714354519365,0.101838183381083,0.0131157424154862,0.21606952344769,8.6185471654044,0.0689802033447643,0.48423525934711,0.18794856149226,0.107598055924577,5.15313471568472,0.729958351855397,0.0491390898482626,0.0392755266456711,0.140358375455384,0.149521270385668,0.0913294602933758,0.0898957781692467,0.0658281284945133,0.0797076308417891,0.764949507757359,0.469689467514184,16.5056206466683,220.291075507753,0.170605112321257,3.01136017220551,1.9837375695266,0.190116336838335,0.0855936372459779,0.0568244257880457,0.0543130043153537,0.0768078670304715,0.637853779480913,0.527490009465411
"SSA_00037",4.63117816317283,0.027730529773493,0.0984360113035686,0.0122181630418558,0.203899395369717,5.70146078055703,0.0642638393750629,0.45366290455643,0.174199745103509,0.147352718437204,5.48852827004469,0.784213022060736,0.0422884509420115,0.0364473380474184,0.201946898543516,0.0972020935914919,0.0868773694434977,0.102479903843438,0.0537043874511675,0.0959494293865616,0.690243762622918,0.590127809120277,10.7427726689575,257.442904615483,0.164118588670182,3.13719221720113,1.56580081745092,0.108230028325551,0.0950567754711834,0.0718888065410389,0.0708031902696592,0.0962364642513461,0.480701586771896,0.488029199797726
"SSA_00039",5.12763758226536,0.030380902261228,0.101054938724347,0.0120097632809841,0.178153782688076,6.54129938494821,0.0599265467465614,0.454698395131209,0.170049613251277,0.167359674199721,3.81180109541921,0.829811627850158,0.0523488011254587,0.0370328011388661,0.157886543935107,0.0729334466793829,0.0972317838818982,0.0806094964084755,0.0661068105693586,0.101724565428295,0.697604506100236,0.5901573053556,10.06781325379,259.738624094605,0.176678347876498,3.24280959619493,1.61282966321675,0.117063867658883,0.110518946159996,0.0653281024274645,0.0536816320214057,0.0961006612713812,0.572959855936312,0.534718485068976
"SSA_00040",5.27491717854163,0.0306559019848894,0.0646500304768774,0.0124594276731104,0.222314029698703,5.7964457830682,0.0656086394648138,0.529291471302633,0.142719466840889,0.102118044747995,3.8565580945052,0.741261114415718,0.0539006820286979,0.0370468362693336,0.148169372770413,0.0432651250029648,0.0888332280538908,0.0855022457499091,0.0928502206987328,0.0806919018217186,0.829301282862802,0.661193185184202,10.4735524113138,223.193408537501,0.176523290517716,3.12431073567688,1.44288613026077,0.116613887607384,0.087604642558488,0.0617237974505857,0.0800603960999235,0.0989118179603525,0.51015321195033,0.426963389749532
"SSA_00042",4.64527839138023,0.0275217693820331,0.113047708765709,0.0153655636269517,0.232971594796816,4.98533766572047,0.0651317162924889,0.464521486583136,0.174024628200641,0.181952529117916,6.04687828793324,0.754156475658244,0.0634560888651496,0.0420052954940175,0.200197089575341,0.132246862853168,0.134439253951706,0.0889010704072936,0.0616191587825762,0.101776171799703,0.759569162300089,0.637376561643495,16.8290905755667,195.449960290394,0.156330437550096,3.04317942410802,1.74365835169231,0.127407285392719,0.110692963397687,0.0724595244808673,0.0582724362101932,0.0818725055406342,0.533726695366415,0.5027390059467
"SSA_00043",5.31075502640044,0.0268911054574323,0.105109638159872,0.0138880585542103,0.247796956122318,6.98658125682152,0.0566103693921175,0.440845622717484,0.171714430613718,0.167409501652823,3.72885682766289,0.675957857640683,0.0452879016542923,0.0315089357202895,0.151947899218977,0.101200872151254,0.098707116648848,0.0978552129873566,0.0857636163454123,0.0883805133629886,0.708424856395425,0.562244972894192,11.671275217225,268.013827020364,0.181671720101672,2.84099615157754,1.62444947471189,0.147726604573933,0.0936552346879811,0.0595588638013613,0.0686986425528105,0.0947357624645855,0.539850935124481,0.505152215136084
"SSA_00044",4.69924724384009,0.0289489541695911,0.0872754788252235,0.0126030999456578,0.224519607214413,5.56845796378933,0.0588982751666639,0.433780324132474,0.167572816988528,0.133993847138408,6.42203553366154,0.895064435776121,0.0526148432330716,0.0418265997635027,0.170409399514769,0.11582431743595,0.119007882339562,0.0845617319084457,0.0703102049188533,0.103984843670042,0.755805270354138,0.594092146850972,13.2783347217472,233.243845039235,0.170063374163076,2.92620878790273,1.64894885958467,0.131679587014454,0.0750791921946689,0.0691059750454705,0.0671680939598597,0.0910537131486752,0.54589118623027,0.529522934641669
"SSA_00045",4.80520392052098,0.0281244910700568,0.116076399082026,0.0158812546701617,0.209421685769137,7.09455377413987,0.0626579267532528,0.5001767658415,0.175841853243307,0.149972219735557,4.72535350567995,0.70385426018644,0.042158443380749,0.0303236136323021,0.152647767943288,0.151454491257579,0.0758642181204984,0.0995677948224462,0.0664603967801279,0.0848200138388897,0.674154465275175,0.561237488769804,13.8193737767229,254.092362995412,0.187349595320256,2.95676011059725,1.72531418304372,0.157987328385983,0.0811684626737581,0.0651251616656466,0.0588043952010972,0.101931474076059,0.536309544621253,0.461467048769001
"SSA_00046",4.89308649457939,0.0291999436780155,0.0950998157032242,0.0149050028900175,0.251804563844415,5.21871159424653,0.0567832187780988,0.465695017017014,0.157900118134366,0.152606073492644,4.71298363346871,0.781662013580041,0.0449421048155147,0.0305392428539649,0.157180734447042,0.133923023120265,0.109244413171204,0.0932290429614202,0.0783866368534913,0.0940589729992043,0.591250851595733,0.598847319059927,11.9413700727355,293.598591095707,0.165283794898545,2.9741126919098,1.82835572946574,0.151661004016128,0.116245200306762,0.0725147653854675,0.0769390136356497,0.109143703064465,0.501672283104418,0.528765399905224
"SSA_00047",4.84520405131705,0.0261454939183252,0.0921205512301742,0.0132501769494052,0.178112815418265,6.98380739495147,0.0533007522233384,0.505858171597943,0.137278949385767,0.153180183547696,5.57321886985575,0.886566069400125,0.0439229338663443,0.0369677973407136,0.148403089400159,0.0849430202953732,0.117023563455138,0.0797904418232688,0.0765007715339781,0.0848792650519744,0.772253937243567,0.56751215034557,15.1607019576448,249.134173824812,0.15708525234748,3.01522614649441,1.53697848867847,0.138179484214409,0.10539006407807,0.0573675630937329,0.0675229787952601,0.0796705345505754,0.462591320905605,0.523013654392577
"SSA_00048",5.32119341869461,0.0282557319962868,0.0992903584220609,0.015637380602196,0.222757366826917,5.5250919275921,0.0518572924623414,0.527751707709856,0.138828242575922,0.147060337669048,4.06998069984092,0.735050661773052,0.0417174765253569,0.0371711130616495,0.162958156441939,0.0887915039073708,0.0983692879835455,0.101206413084178,0.0703930838083915,0.0937063148185957,0.785859568726954,0.583867875657195,15.803597797691,223.297685034322,0.168895219433574,3.10483835035711,1.51852583215833,0.121539863705058,0.0861696727144773,0.0503926047525269,0.0657958359503649,0.0901576559439844,0.454815385147723,0.417923787210956
"SSA_00049",4.15751419906881,0.0291802887458531,0.099724497113918,0.0144556764151658,0.19472799876026,4.68627914990909,0.052229462233789,0.476392710140489,0.148191538061973,0.131546074341792,3.00245063633055,0.766474754700213,0.0457333526276036,0.0335804736088222,0.146086086585662,0.0809078849205161,0.0707038808149848,0.0790165108277647,0.083695741622589,0.0828222258707099,0.693377410218946,0.61798202082147,10.8171175254535,314.382409660568,0.15712379756478,3.10297446462017,1.59255353608295,0.1283493052231,0.0832959950251253,0.0484906432146197,0.060973902622008,0.0903233659749045,0.470139283589216,0.542650692015994
"SSA_00051",5.09735283054216,0.0262274491685194,0.10291376276983,0.0151766977129379,0.229553747633544,6.52476371930887,0.0572914508139726,0.464285069129728,0.174374727764746,0.176811740342242,5.00276860293917,0.753640995567468,0.044098653967649,0.0386628516977563,0.181816542303158,0.11390432761697,0.0879759211245426,0.105325401550684,0.0713136878933725,0.0745303065454824,0.760051905653091,0.569723218904592,13.4411078278737,278.993659141105,0.174820108367132,2.94818568319096,1.66072398454921,0.157347379022618,0.105142164801031,0.066877521896347,0.0534559180677104,0.0823795564593273,0.57161407504668,0.51603183934195
"SSA_00052",4.57606566725105,0.028973784309073,0.0931828225137002,0.0108089487078098,0.191686852019733,6.54379707040429,0.0663734572580113,0.483720979517832,0.176204187029755,0.151193011457289,4.9122037114277,0.731958086903517,0.0473862208868915,0.0408587768944613,0.173670671010179,0.0824217286256736,0.0947976142581033,0.0975403782809353,0.0732699601958853,0.0844948666182361,0.799867521581466,0.598221663255634,11.4572369367231,255.67532875331,0.153787891068424,3.01577331497576,1.6561110045542,0.126140404174551,0.100196529630079,0.0711156211813415,0.0668530178848055,0.0932817675173486,0.545139929711702,0.450537640396951
"SSA_00053",4.19251485474574,0.0296903312981321,0.0944887525996956,0.0149088313372428,0.252344466880395,5.84383893099847,0.0548122303479131,0.513130646500693,0.155206131636223,0.151339688060355,4.58140662585057,0.666132270008634,0.0495483861160283,0.0338059213132369,0.15791337016962,0.124942337970867,0.0921834184382471,0.0849241857611391,0.0730613425729977,0.0888503716114703,0.701671101670032,0.584902303066221,12.3771180947297,248.757758447056,0.168479388267511,3.02643382755996,1.69523180871674,0.146563077821953,0.0990505858524046,0.0598518645292604,0.0637356493303552,0.0911307254986137,0.518192340458603,0.544873131254227
"SSA_00054",5.22638199262377,0.0270278015780977,0.0912358268869388,0.0156858726055167,0.232167121407502,5.92558358007859,0.0563201677555099,0.424552078946023,0.171943974247428,0.135148962179225,6.19479961097454,0.862676151240292,0.0581192257214734,0.0374323664300516,0.146745683785875,0.147872538487491,0.10964305463118,0.0838711223462745,0.0728458846103269,0.0903131132758093,0.618112905950751,0.567831928924883,16.0425551454856,241.077125450074,0.171750015658834,3.07430162077536,1.67896786486243,0.145341532778654,0.109148053636663,0.0689517895848139,0.0531780853183768,0.0824933051740894,0.479681551947829,0.563812713863731
"SSA_00055",4.85339993496633,0.0246133133850735,0.109894160258595,0.013675585216602,0.20184658657899,5.77900852896709,0.0553691733375707,0.433570709861567,0.178826441610847,0.126743009223567,5.92311456969767,0.590348290299733,0.0576561412113685,0.0445874871233361,0.159589871530899,0.134902623369832,0.117575313147766,0.075553515446889,0.0697131015555782,0.0743747163192856,0.757564174432115,0.535522802086472,14.2575988322967,245.359389604623,0.147923446668228,3.0503054111411,1.66712949510201,0.113516384148344,0.107489158875622,0.0573342595660531,0.039170712416856,0.0857475310524851,0.53363216200567,0.639488508641179
"SSA_00056",4.40728057695623,0.0296633562241102,0.0735692966185372,0.0172230623311884,0.239229316968748,6.5749822788833,0.0582926881015313,0.429391023911715,0.159903513264923,0.120317112365514,7.61525438150192,0.88933832609413,0.0701722767565521,0.0302245461026455,0.172999381227958,0.058420889750818,0.124879645270651,0.0944580698922725,0.0928936513023563,0.113448968996384,0.783140922209131,0.633068936372632,10.0282183139273,224.346952973691,0.174140186866026,3.00913001020102,1.69225888861017,0.112567084230717,0.117266308699328,0.0661956917892114,0.072727320816613,0.0902259402417519,0.556403427583077,0.579388677246937
"SSA_00057",3.81793977899029,0.0239623584983083,0.10527402979696,0.0151552528900792,0.266577437043214,5.64300640324012,0.0539592030485163,0.51790350761073,0.175784832371857,0.176438308390119,6.62665216730563,0.6970821955686,0.0483130604357344,0.0423729546954193,0.183306622406759,0.0979095653928049,0.0724172458281581,0.0771809742676311,0.066288525700089,0.088487105383499,0.768129028828351,0.574859154442677,14.2222956211897,243.007416788338,0.139638310032892,2.97827456270363,1.65133321665208,0.115551490238248,0.0782178768783345,0.0677321192607335,0.064899281048739,0.0770975009262519,0.558600891071653,0.556145199472763
"SSA_00058",4.9789085925441,0.0264277778784841,0.101125889224194,0.0172539299506539,0.22149669484027,4.12692917528616,0.0686613366119975,0.451430998026747,0.118100853033242,0.215948059269955,6.85431133988657,0.760427936284036,0.0645876936139155,0.0439688325487881,0.164617225232038,0.0370272631934206,0.11449395713779,0.0847808549014063,0.0789258534889595,0.117401518861838,0.560164077157318,0.617254439706826,13.5267629805891,224.324906784942,0.170733493286373,2.99385618392117,1.66496518479728,0.0889046245492315,0.08382229142617,0.0835239518671044,0.0591641360089256,0.076437155281017,0.509758715112512,0.462427487293096
"SSA_00059",5.18987599679815,0.0299876150484915,0.102436577945681,0.0144589766574961,0.245481482215969,6.42554465812904,0.0494115605502223,0.520350937100362,0.186310472210979,0.165777292412737,4.88684267538844,0.81388155933599,0.0506294365754101,0.039766367295092,0.143076606171707,0.1161181884325,0.0910063101310265,0.0888696506336386,0.0642058522978511,0.0858684820757025,0.736623329719155,0.560449549226257,13.4107520377663,244.423729730669,0.176330386787407,3.12248514866518,1.8015534008796,0.165607019491908,0.0930240227717856,0.0650598982439605,0.0527097676903611,0.0929768621881285,0.543902883352805,0.486434055178377
"SSA_00060",6.28015260992094,0.0244338781646844,0.0925340848369239,0.011702659986328,0.242544941513921,4.02156986866055,0.0770217211120978,0.383697462105081,0.129362035123081,0.162083080338049,6.08193908479807,0.638774547135634,0.0625168856998593,0.0526084120354457,0.185241366376179,0.0607341025978387,0.116160915711371,0.0917385088945658,0.0658368579858526,0.109111396353305,0.661387885759992,0.53486339202795,11.8195690452881,222.411964957009,0.158563094735598,3.18559497755516,1.65905675122823,0.120845240475509,0.0958918268820758,0.057865300064506,0.0623546804121387,0.0556315656156149,0.524233566941832,0.457269734587482
"SSA_00061",4.03345731712538,0.0271321263788195,0.103626608799794,0.0127835379866307,0.205011595905182,5.64930323998633,0.0641138867469311,0.425946525600253,0.17588806725682,0.143788780945255,6.18220474330132,0.79166959551756,0.046918935085896,0.0390106958132352,0.166743616787454,0.14334786235649,0.0904632678341777,0.0819309930905927,0.0718092285045456,0.0955729688856032,0.588811322399553,0.479346465996174,13.0003813589925,273.302301515466,0.158859781502097,2.89063929970983,1.6799734094314,0.12105862721425,0.0938140816498126,0.0674537677823894,0.0707093612495207,0.0792427349799709,0.460581453185543,0.521794391983343
"SSA_00063",4.91134258834137,0.0287028974004012,0.0835195502143687,0.0140094096237078,0.227609237904201,6.73529622806519,0.0622435210915901,0.493628447431283,0.164467914406863,0.161486529549514,5.2255348647746,0.879383698615249,0.0511855932713941,0.0347643920645432,0.162407119615546,0.120972376027896,0.121726747909563,0.0773681068765336,0.0700525009090306,0.0934646337583005,0.729671191428449,0.617950538838582,12.383052772296,260.888989167912,0.163220211342801,2.89313167682136,1.71326867606791,0.146550767974289,0.0941761615676066,0.0663916837986878,0.0713199758277824,0.0980406744304053,0.540792648913148,0.523517172295101
"SSA_00064",4.45334328025883,0.028454231989222,0.116298649125931,0.0150589709692573,0.231233091876357,6.24074097888639,0.0522848446841648,0.504840021226724,0.160651410075626,0.147575045603734,6.03126160312531,0.771354037200159,0.0398683478138931,0.0386549612930475,0.15630227029271,0.0961784511630477,0.0842651019394047,0.104935498607217,0.0820110235780159,0.0873137576417686,0.661658037703966,0.473260175144524,15.5836682190804,260.859029433442,0.177078550436943,3.01906345544054,1.82639356334823,0.148845255439837,0.0932073826093208,0.0658949460671576,0.059445296006651,0.0953810070611152,0.535904555851065,0.546671877901299
"SSA_00065",3.8124383268221,0.0313543858633835,0.118255414764574,0.0126822549519071,0.22111711805672,7.40228912844862,0.0528297564529628,0.457950946790212,0.162473176275775,0.141048719098624,5.56348972923892,0.714203964571877,0.0447271747538158,0.0329451729477703,0.114850555340315,0.110868054389496,0.0904093499946953,0.0782614758318447,0.0785962469809819,0.100425134583151,0.599671106587882,0.462414626974119,12.2158939937659,278.015990065511,0.159426466556814,3.12693709147687,1.82164740479313,0.153018554858031,0.121164668602552,0.0653725320277752,0.0611531443066027,0.0742856967207788,0.535216927846937,0.46399856966499
"SSA_00066",4.22243424411504,0.0261812355001664,0.0970314169821865,0.0126755397234639,0.202940077038755,9.32230477774707,0.0531367285022072,0.491200847880124,0.176966943339703,0.196116809536981,5.74561918969382,0.823468785435061,0.052208970914944,0.0313112570998403,0.150612645320361,0.124177206863754,0.0891302073438699,0.0985273900625711,0.0778494202571771,0.0804130859794892,0.853610366128479,0.714087238875359,14.487686091874,232.728041843507,0.168765541434468,2.88730220351148,1.56177620308572,0.185256895664972,0.114746434093542,0.0514070465402471,0.0572155673868344,0.10401193528607,0.5183755631499,0.561337933314407
"SSA_00071",4.42702169642238,0.0301347242795503,0.0843361951781406,0.012153790137517,0.157707784222807,6.07459033860565,0.0626663835840297,0.449430332812422,0.178821596935869,0.193131265035573,6.58145321685701,0.876327338043705,0.0557264660454674,0.0376698403738697,0.187705350920448,0.108867591076439,0.116610480520727,0.100351103223996,0.0798216634993141,0.11250547525674,0.478345902169001,0.586758595453234,12.7548030267632,246.158759434008,0.172016855409202,2.93700495826091,1.62561507414585,0.119147153301756,0.111232538464688,0.075709751498069,0.0544885126424661,0.0916513117202736,0.448665025348494,0.600272588236214
"SSA_00072",3.38004679838202,0.027358209650337,0.0650854564229074,0.0127411758902019,0.240444972321714,4.76301188723035,0.0538142379140947,0.412019530901848,0.146550348323593,0.174854760812624,7.97136480633369,0.93917627392295,0.0486311608119337,0.029763651833469,0.20016359064911,0.0971500396472632,0.0803824528142726,0.0866490250754437,0.0646948453255774,0.0924355911928093,0.920824248729516,0.56314155725143,15.2975501976773,261.990823622659,0.173669476464908,2.96916991233574,1.76403086896106,0.113678689823246,0.101849321559945,0.062141690566318,0.0525467618860087,0.0902859410082988,0.486522637369299,0.678033508583888
"SSA_00073",4.09178496609871,0.0247117532661837,0.108769348418496,0.0147501431826911,0.237041500631073,5.62878261033192,0.0623675077380938,0.475245316359753,0.165256455585658,0.175430017054517,6.69299556820498,0.851635130517057,0.0496305564216001,0.043754771466908,0.165776615767333,0.139315866858964,0.101961695982452,0.096619329928966,0.0638306739058218,0.0841258881621565,0.67825624315108,0.651200982018038,15.3908985815922,215.374700747817,0.159458643940642,2.78857830733999,1.79638202929419,0.144327308429743,0.104376563672288,0.0664409861147354,0.065344411074365,0.0818008001837542,0.494435729901305,0.532403445106122
"SSA_00076",3.36865033832638,0.0248525906178879,0.111537393830764,0.013652588314483,0.209768965118293,6.03442622866781,0.0633121802961335,0.483446536284236,0.18303055482594,0.173529459787569,4.71775804250061,0.812905440483891,0.046118503664273,0.0383855970659269,0.176008330962054,0.0888625574646174,0.0900824671510527,0.103410593682603,0.0429702367776669,0.0818860927138446,0.74995071494634,0.567538093155208,10.6670822787531,249.796643642696,0.153234449244664,3.03894648542104,1.60727530530659,0.130229390131479,0.0958729242487382,0.0685965725346277,0.0522549166790168,0.0919326809362617,0.518495188053564,0.57818695180676
"SSA_00077",5.21074709399376,0.0273351063538347,0.10444023487592,0.0124570552450625,0.252306082517688,6.21495098092253,0.0597862388155573,0.396897395618972,0.182804174446894,0.170246207483227,6.31230022240799,0.83018617508358,0.0543217029435409,0.0381875229738785,0.154460577686325,0.138913811949011,0.0933797316019906,0.0849385821450743,0.0716525004941253,0.0897723485105011,0.693107216499105,0.606646928950993,15.8267486217211,283.939680354276,0.178846594363686,2.94907761325809,1.78046486021881,0.164536658858721,0.101234587203546,0.0688421258831234,0.0587262513891686,0.0882705385867435,0.566179281383087,0.459132802739149
"SSA_00078",3.90599672617669,0.0256269973591148,0.100268411125193,0.0190049752205394,0.208977355284878,5.97624030596724,0.050541057677322,0.54591182573559,0.171395055004875,0.143079539627597,6.80120445605129,0.731886701305759,0.0458701071400194,0.0400574184820062,0.177855310718821,0.151117892055487,0.101220253982795,0.0944466374860736,0.0735010540048519,0.0815650975651991,0.819290957206625,0.555923735834508,13.7225006594552,220.352994863957,0.170956736870282,2.80585288011691,1.63846842750429,0.140473073729877,0.0908588041547248,0.0651892007446906,0.0448448353466279,0.0810979390330256,0.474961114634223,0.504632423838478
"SSA_00081",4.45565233529619,0.0237684599920226,0.107287277400205,0.0121873915813028,0.205351688430533,6.09366334945831,0.063701700475392,0.426154587422708,0.162116390656539,0.195422701238703,6.24367206107769,0.791756375659315,0.0550807799218126,0.0385442410756734,0.17623423715035,0.116901269201867,0.0962246518999345,0.0752081242014573,0.0652541900744008,0.086563290702143,0.691522004907019,0.637720229449888,14.2819992693792,255.02802204165,0.16705713990047,2.91532882010684,1.89445724679178,0.137326781309433,0.0939691261962324,0.0805861668237464,0.0650011983082317,0.0957388848230349,0.515492443099541,0.550974572401566
"SSA_00082",5.81371301620118,0.0260624362219877,0.086894446908669,0.015911876307002,0.239724123695823,6.58671983510728,0.0559534549146607,0.504094514464838,0.153249756890498,0.128804725570543,7.79670964141253,0.726976339514704,0.0553124167209167,0.0327603903374438,0.182821460062165,0.0867926871103971,0.107298155989508,0.109256322959554,0.0735870780984508,0.0844471835556505,0.766332941842668,0.477797300606627,12.6954090058912,216.140857924009,0.164302047809715,3.19668261567826,1.69458769268182,0.137221336309234,0.0969446313531589,0.0710375987751301,0.0642889752837848,0.0774147465740303,0.632067360569766,0.564571750003937
"SSA_00083",4.23946971271229,0.0261221643656036,0.0910772356136296,0.0153676832820322,0.183695882506503,6.74859976233379,0.0602759686888824,0.554538085587387,0.168483882585287,0.144325568755486,6.89646005555593,0.808486610512749,0.055844290375784,0.032956928900634,0.165832054344437,0.105832433874649,0.102593055560861,0.102130139739796,0.0795080531628164,0.0782155640642397,0.861452260857969,0.504680713234192,12.9541449280389,220.883465212189,0.14479386896859,3.05652732808266,1.68713155042975,0.129848874271004,0.101523734240615,0.064180424239034,0.062615556208399,0.0844147465830193,0.562329053788025,0.554514416744115
"SSA_00084",4.17625527708525,0.02676954595209,0.0857176657030554,0.0146905250058273,0.233163112284804,6.87687283907473,0.0458763461033036,0.468191946965915,0.19469515806897,0.14929910417054,5.35198538398627,0.613335824019869,0.0536538567341147,0.0331072209811526,0.162739544543396,0.0966326793766491,0.0670229415234736,0.100077877828462,0.0718707491403804,0.0963132006204022,0.828768322977971,0.52592191582142,10.1176232927038,244.168443560719,0.180842455743113,2.94715031682168,1.62314910263576,0.156489553858808,0.104021979758493,0.0654488073973905,0.0650353573493116,0.0954781708140994,0.69718567676821,0.542804678803356
"SSA_00085",4.82266454651656,0.0295700506160727,0.111156673730466,0.0158174483093687,0.209319921143657,6.73800837634974,0.0557733779342123,0.452326416771685,0.144312710656565,0.185147392088269,5.94746589876256,0.834024012313063,0.0484082382272884,0.0309672947359722,0.150387157119863,0.119509231616412,0.0895944852789109,0.0932671595179744,0.089707398269136,0.0995530726770754,0.537313053013768,0.570237511612815,14.2246823618475,274.803253497106,0.181031570521852,3.19334553085245,1.78438342703406,0.109385873374094,0.122523300117072,0.0707449317289287,0.063340865212204,0.0838820888022114,0.600334409088577,0.537243909114986
"SSA_00086",4.51135502555881,0.0300257634300981,0.102951751053166,0.0165128028860344,0.260021372212131,6.42313466414484,0.061426850982121,0.466597993689407,0.151322304054232,0.138543191089313,6.53735545002454,0.870237698679296,0.0455947355646823,0.0367269360800346,0.174101093929893,0.0988358671650906,0.103681557768719,0.107509729697586,0.0791450695000924,0.0862547586057003,0.832588959882521,0.622381713303334,13.0703537027548,232.111094828171,0.167042701327658,3.06444143396474,1.66221353733872,0.14363281678845,0.0837756893788708,0.0572933257861018,0.0876107542438034,0.08866945638993,0.49868684795469,0.520058074142259
"SSA_00087",5.27788185221738,0.0265823750176839,0.0860512082836075,0.0151174392021748,0.278020552244974,5.16844314593178,0.0564883883367453,0.406926426466068,0.14756324825889,0.14052374642906,4.50767564930861,0.76888281555451,0.0409323269552437,0.0363487907206747,0.185462816047859,0.0902308856589321,0.0866477167704462,0.0894752498465697,0.0676483865919461,0.0751203977727301,0.767048329871633,0.611158541663064,12.9501005975329,244.951350652662,0.206408795571073,2.89817067543044,1.69631328586546,0.136639615369899,0.0978913443286614,0.0647643318545748,0.0817816264203864,0.0818443336138404,0.539636466833716,0.628989434026303
"SSA_00088",4.79182242586289,0.026183844635045,0.112149552826374,0.014390569937949,0.211255941435757,6.28313169815693,0.0600211734852021,0.402400051306665,0.181427106977237,0.151853064642881,6.14301426231888,0.834414236329353,0.0541310212193728,0.0397740439678482,0.192884906627187,0.0884982086676699,0.0821142545768133,0.0993096425373158,0.0839650873236735,0.075902698034451,0.890451193000098,0.680253083538817,12.5162708394323,242.439462824151,0.185865397129724,2.95284933109346,1.45161056721557,0.129877194974586,0.0808869928030679,0.0748186852673341,0.0459485438444468,0.0900967622531893,0.52253123318013,0.42075305488214
"SSA_00089",4.1991009186688,0.0278019829725326,0.0777246023301249,0.0141024126593978,0.230249507067126,6.27232816069651,0.0597302376474184,0.458124759554054,0.17153545415717,0.152778062408734,7.65518284560825,0.787173834192665,0.0464900108646742,0.0373827944180271,0.184967334213678,0.116755123951983,0.0924188840956573,0.0920890266874057,0.0758153762217855,0.0827009266320478,0.729434349006284,0.583959824124216,12.1905656542323,242.378627355787,0.155583846972509,2.86066023525784,1.85468191799818,0.135148732600526,0.124334593580393,0.0589176295021779,0.0665524603256692,0.0640291987738244,0.553060894159181,0.501574250455259
"SSA_00090",4.59996888389937,0.0318745240113878,0.0960769595919669,0.0142463674485672,0.235263740417473,7.21226659089594,0.0542044821080947,0.481705470034158,0.167800634585633,0.174443189806707,5.97135163490848,0.75967826101981,0.046226604657142,0.0350436532735817,0.152772673219897,0.116921751935685,0.104432667453278,0.0846183950402716,0.0854509428184239,0.100525618725437,0.641013910330847,0.572478023416561,13.7271515527955,263.8111652501,0.16860134415589,3.03910324845971,1.84430143876368,0.135596368132827,0.117032874886495,0.058168478850916,0.068821599789565,0.0862815626958629,0.602022377550284,0.570339650393706
"SSA_00092",4.53170596868204,0.0255687598832076,0.0984206212560809,0.0149795214416745,0.25035469081224,6.28757908966509,0.0583982326936917,0.364937467434195,0.152602373324638,0.142421771620757,6.69734019821096,0.800991826420019,0.0417811947557073,0.0318917026014995,0.187643500050911,0.144061769600495,0.0853256114875289,0.0826743137277364,0.0761941270290721,0.10575211356612,0.75983192577423,0.558572349772669,16.4788689973839,248.007700979229,0.185708108432958,2.90148347647412,1.8254497188634,0.108529560608293,0.0832966421099168,0.0612693225343661,0.0768460649636724,0.0855164252754644,0.547702752580263,0.570493142489852
"SSA_00093",5.02432459843965,0.0276972377789066,0.106425753608125,0.013265770648127,0.232492207018922,3.72261253845759,0.0630931261820219,0.457298743690451,0.140796617072372,0.183863527263559,7.29079531023228,0.903239110792052,0.0547621948058684,0.0432005787702185,0.177526933252764,0.114820028849524,0.112682658122247,0.0884366407163147,0.0785779296203741,0.0965047529314708,0.594411560363424,0.65441598438552,15.3139164938681,239.297930222323,0.165762606163071,2.77863133718519,1.82861484192707,0.125303817416221,0.0872490951636292,0.0623330340019345,0.0696576923086113,0.0781755970884947,0.412398014985207,0.579572590368049
"SSA_00094",4.40320818612738,0.0293896235171542,0.124211737171675,0.016225861000622,0.254089468168421,5.73828175405578,0.0675965869199807,0.517980319629529,0.158371066149572,0.158490031864327,7.20232750987232,0.782110219642207,0.0533076991911689,0.0330647936007144,0.193697203766663,0.0963817946742824,0.104783365293379,0.0894828242175833,0.0693490477894923,0.0948563081959988,0.628314340739015,0.545247674681577,13.7597357730159,248.811616405761,0.14275520844295,3.03940506651525,1.81531290783151,0.135190536401369,0.0993771387781413,0.0746725321493947,0.0581573600756969,0.0865168102214437,0.518833692732497,0.577748274030106
"SSA_00095",6.12223920846846,0.0311795633246809,0.0792829608057636,0.0150060630575755,0.231705890040111,7.73531960499399,0.0569435127460351,0.452927699753395,0.163792235576295,0.145799457413161,4.70839919467239,0.825441352371171,0.0502879033769004,0.0310521117048708,0.144401053553323,0.0884647240809334,0.113857638631632,0.0832195449062956,0.0858600166251109,0.108429835144045,0.651311245100157,0.569500222971175,11.0176107689836,298.780290470735,0.186001582174265,3.12365908586016,1.70466727596081,0.150486193783411,0.114623169128896,0.0696844785576581,0.0698458324917879,0.10588238033552,0.637305040950413,0.493508389457776
"SSA_00098",4.81310840064531,0.026336944582822,0.114738563538806,0.0125708308205577,0.216417286181148,7.98403020307975,0.0611466108604245,0.524953504739416,0.177655073301013,0.142534583356951,7.42059991190929,0.773831477477895,0.0436067921218441,0.0371805487337482,0.179588437076872,0.108891120207672,0.0853630778415552,0.100846752789892,0.0655819448645301,0.0617824708814122,0.881102748132525,0.498807459615152,14.917562875207,200.115191832652,0.169796192902774,3.08558827616389,1.43963059810989,0.146144478710542,0.0744610928523957,0.061512848402125,0.0627015821544534,0.0884368916015601,0.556829339734797,0.417261191194895
"SSA_00099",3.3920453824244,0.0238864667477873,0.13266650769256,0.0162944785407296,0.215939654979776,8.19022328187179,0.0580138640388645,0.571490877681142,0.156546635848077,0.146834579116505,7.11018827763353,0.88395820271045,0.0375771341767823,0.0341302640720231,0.184044118218692,0.105736800208308,0.0677210135213887,0.10183480416191,0.0737423158791803,0.0843473822863745,0.772015055345228,0.477963819457898,15.4407022352773,232.502345692578,0.173376816570381,2.71814280979435,1.76345141952922,0.138365700745756,0.0814647018880647,0.0667062762450781,0.0674387583967519,0.0751743331497125,0.486899915201762,0.373597094795341
"SSA_00100",5.09209497732815,0.0281444566390353,0.114305868722522,0.0145296213120551,0.23372649446693,7.1479077039224,0.0639386761587641,0.498699193926559,0.173992772292051,0.147554149082297,6.27502501692548,0.804257797112452,0.0463004263652521,0.0348693783811149,0.155022172093566,0.134604674924491,0.0931122575919085,0.0859552769628807,0.0655092731273162,0.0870474706182823,0.694368955315491,0.50910696911705,14.9773821965289,244.790913401321,0.174125854607286,3.03017831345662,1.72633080897164,0.142457358157424,0.0931833991859016,0.0674992985682621,0.06643506259382,0.0882615861977509,0.538201055045435,0.433041451026507
"SSA_00101",4.34404184276579,0.0263361237762913,0.11963312240226,0.0174359642874547,0.261311280239236,5.22197383577446,0.0607249770335953,0.4951469772566,0.153530103945738,0.189947636356239,6.31305391046704,0.792219512898188,0.0580933129356063,0.0420834122872019,0.170302018210607,0.0773545074854366,0.106232575271672,0.0922661994332559,0.0789819529479822,0.0997716651683229,0.592481136780832,0.589781222315228,15.1531766465321,185.185518774015,0.165021872101556,2.99263075995063,1.82072544950784,0.109526000321856,0.102984537879497,0.0666104245012696,0.0584752583000163,0.0741855111274067,0.521592028389885,0.62073432021134
"SSA_00102",4.32984669950433,0.0276401821376739,0.106078919017637,0.0143984854807778,0.169201082558876,6.70589251302066,0.05857266870574,0.462122265092379,0.163842744682878,0.18601574725943,8.24403549931153,0.758172720203448,0.0486932508467809,0.0401496991590006,0.188923584493044,0.0970819655351536,0.111221761073923,0.0933915957450556,0.0643667065139585,0.0738845317417863,0.84383500785922,0.592161909576267,10.3393138924525,241.921826638293,0.16985159020002,3.08309565770748,1.58379329589349,0.105612768554712,0.0838154554884153,0.069418193397635,0.0596187164641213,0.0881897605024393,0.583224214180473,0.611330131730718
"SSA_00103",3.75463705028147,0.0291685991261077,0.105507591259118,0.0141120222068998,0.189604734877443,7.2313795500697,0.0593593157806845,0.481214190555019,0.178845569194402,0.143783595651961,6.92966677104614,0.789374471637611,0.0565598998234893,0.0412017503041163,0.168520614818849,0.08943010663729,0.105471530180449,0.100981434727116,0.0908719357748185,0.0923671858361659,0.592615275670965,0.497902441659169,9.5607468017848,278.263966755781,0.15558072110764,3.02968963696782,1.54033566709129,0.130256831617344,0.0925869376896534,0.0615626850282635,0.0624396776144354,0.0963019186270307,0.577151676812906,0.598685035828863
"SSA_00104",5.32001058005541,0.0311629058463991,0.093923159201241,0.0112314816297893,0.192428541164399,6.93701438763876,0.0623969095203852,0.544700820708331,0.168598471145488,0.13788586753337,4.94753079146157,0.712983904552418,0.0506427112820402,0.0374340840358777,0.141226294391373,0.125344439174694,0.0940615153013852,0.0880876853174017,0.0769402868414323,0.0713673459841059,0.710049483307297,0.595487981422185,12.6922596299173,216.195711917425,0.180062782627401,3.0398070319944,1.70608141467999,0.165119251306995,0.0884503703089708,0.0422141326587176,0.0641567899172922,0.0844348216500334,0.557736993819802,0.512572506958587
"SSA_00106",4.36714748029962,0.029711996011529,0.0928842050624006,0.0147717101602387,0.206499800010486,6.42191731126416,0.0534710612613384,0.466717525615917,0.17554982047155,0.165559412325719,5.46044471952659,0.745995744941756,0.0536137316597117,0.0364992594133684,0.159661564931576,0.13270174017283,0.100228368392981,0.0790087328838944,0.0744570321083739,0.100636039713277,0.665553682898555,0.612760372716769,13.6156253618784,276.01844149273,0.1724761776616,3.00008748478665,1.6378196579037,0.112248977167214,0.112217567917546,0.0666701512510302,0.0649127446328221,0.0823138689970711,0.567529900997749,0.594434754546482
"SSA_00107",5.26726584173666,0.0277966488038844,0.101526910574236,0.012048104674348,0.220598715112073,6.57547148353611,0.0557911017627927,0.515642710837371,0.145278762906866,0.158675191139265,6.23614503095103,0.837279511759118,0.0526825457005898,0.0323038292488647,0.137717733137399,0.127315488458613,0.0990440947829055,0.0995333434643017,0.0754992704621112,0.0885138712147048,0.761410599917934,0.526269488252605,12.6471656502906,237.265695800841,0.175304067052012,3.21255900832502,1.76039762104655,0.149681398319652,0.0863936635095006,0.080264256388347,0.0741310033239438,0.099819296426332,0.630024944323328,0.546128935691571
"SSA_00109",4.01807299909731,0.0285842353963179,0.106387019656859,0.0155003043945791,0.22336861497433,6.73191431287783,0.0524071045266931,0.576326676957384,0.165116826459517,0.160119464323295,5.79523841592709,0.685734537700407,0.0466363231395788,0.0370946698675057,0.148156410588947,0.134650288184801,0.0737567135770653,0.0992817426827718,0.0843537659016604,0.0954660032579216,0.584412836364107,0.539929009883707,13.3451459744578,243.694208670242,0.175620444269933,2.99745055989341,1.76452316113047,0.137283911360319,0.0838494626112409,0.0665758896149699,0.0675218735572683,0.104024797927792,0.560753799352327,0.394167804313371
"SSA_00111",5.74571765294641,0.0265276671073179,0.0825280774240639,0.0142078555012724,0.215720151041609,6.01971105025146,0.0570701996619583,0.433704843833112,0.145216742105119,0.132260241906818,4.99493879073899,0.739388512804298,0.0578028392304223,0.0326127845353706,0.150959936467375,0.0495447334809034,0.107619392359491,0.0914656806063728,0.0875105681990761,0.0914045962205634,0.6368064509968,0.53566131633063,13.209007233218,243.389093264647,0.17647651116564,3.12406530447673,1.8510354843659,0.120439797593253,0.0886947196380793,0.0571731122204984,0.0603394656261284,0.0958061720432085,0.584759201853586,0.476368856976664
"SSA_00112",4.81353974176621,0.0311942075361893,0.110569979313746,0.0124979889209504,0.18795375277107,7.32981323060622,0.0524872747234805,0.492057296902721,0.174768963068142,0.156464147972123,6.16774655141485,0.698418269973257,0.0480356079607393,0.0335247691664388,0.167195949920363,0.136641925021623,0.0933439880896312,0.0970606222720822,0.0776269857836396,0.0834006305574685,0.775129389422708,0.563856828403062,14.0667974969557,255.227475588372,0.184843003254717,2.93704249383855,1.6066372292288,0.14821660067128,0.083712189562334,0.0656391993846823,0.065263693944809,0.0927040903211152,0.606349694810518,0.492173326359959
"SSA_00114",4.27582184469275,0.0252057684947612,0.109142088093324,0.0109739295201262,0.170311028062964,7.67434069953819,0.0629564668105524,0.462373451063056,0.190483880857077,0.177578108025361,7.49912895838888,0.782195743726517,0.0584449616441732,0.0382459402525105,0.188070281684207,0.108024849671854,0.0818589107980043,0.0993156887408907,0.0709346351426462,0.0720554378447896,0.788569187046435,0.608889142779531,15.6136182301574,249.308527262226,0.166799161629152,2.81936556146153,1.83794931791911,0.161763834595924,0.0915456254725969,0.0649410199671321,0.0547945846463617,0.0890025149018751,0.630178078240762,0.550258056244033
"SSA_00115",4.4765256735507,0.0293333625249762,0.105708942959446,0.0187020292691246,0.246469243349833,6.32149527946446,0.0645546812471293,0.460222068961344,0.162130788946508,0.139481598592093,5.60000702833881,0.707124404320436,0.0617483256957291,0.0350213196523006,0.179366014983157,0.120321088601543,0.105366043226033,0.09535551521223,0.085543571468271,0.102957499038549,0.70553703533556,0.637409294942981,13.0848988031822,220.137256714099,0.176741051663325,3.00423237761067,1.69546038002044,0.131956466983581,0.0968868305610382,0.0533948063673727,0.0547911777599699,0.0873184899554871,0.51080693091351,0.598319441512178
"SSA_00116",3.91443692307582,0.0283437759284769,0.115467300410903,0.0138082316599222,0.25131902348053,7.58281229839301,0.0585472490099902,0.479974409668705,0.194642546899739,0.172013769776008,5.74617151733663,0.911046876973532,0.0445696121273779,0.0351491650379314,0.172940704158337,0.128133607189305,0.0763389999062761,0.0906639086386215,0.0857024271453552,0.0913264579273534,0.793088840524868,0.689528073346484,16.3438130968838,248.130670936055,0.189151815950359,2.75742897916038,1.56556124357303,0.149363347924238,0.091253591360643,0.0665617871475146,0.0631781297882839,0.0911305896928389,0.571110180701586,0.456109477992364
"SSA_00118",4.8242802179995,0.0266946590332435,0.100364789865603,0.0127698941280054,0.173414954380776,6.33576488935773,0.0642294205951298,0.49987994342799,0.144980211548368,0.14517345002744,6.25381796665041,0.876208581947895,0.0394899236566867,0.0406263967067727,0.180409697873088,0.112021692213094,0.11843030913699,0.0896472694760341,0.0842940258280056,0.0843280825486662,0.592331694153825,0.535514568955725,14.0936708015137,241.820985268382,0.154499248813785,2.75622222765884,1.88807665358116,0.169958857274627,0.0970394423819838,0.0533884830966752,0.0531313736046935,0.092825164931806,0.444871490492743,0.447636195541861
"SSA_00120",3.69900129450784,0.0287305432312661,0.0770741288889224,0.0120811300719701,0.204416287327126,5.58811581967711,0.0552561675362272,0.479805251228952,0.163845460837308,0.171411004831518,5.99077533214471,0.784022881712503,0.0561911627679269,0.0415785711869183,0.143851397554919,0.117957658728511,0.111799205200281,0.0728063211891054,0.0703865635974615,0.0849660119835167,0.640980577746734,0.541351707827412,10.6920900251629,275.960995786148,0.161092853761096,3.0596138101342,1.90019659584542,0.126786646662292,0.117279900038332,0.0701269951702989,0.0708451810885297,0.0868875658111088,0.596571460993634,0.76281901360636
"SSA_00122",4.72679911310728,0.0290611406605109,0.0844240588715673,0.012458323153004,0.211707576200969,6.0616825810573,0.0625766546296017,0.495225786557378,0.133111763523984,0.127883894632274,5.0131504907397,0.714393293951049,0.0468966843029467,0.0356238590039758,0.153369072165322,0.120711975424746,0.0902789024206883,0.0894124623455921,0.075538199751472,0.0816398512628183,0.67367853899537,0.593256339050751,12.6194665746386,237.800066262414,0.182645082374442,3.10129850887617,1.66648058644238,0.130065081405218,0.106754131713873,0.0634611901877884,0.0608504335260119,0.0911266401893026,0.476725545624061,0.45024509189189
"SSA_00124",2.87034010725993,0.0250006274935292,0.0966118991755615,0.0171975960681303,0.189428003121214,4.98754446306833,0.071577238286629,0.404560446815047,0.157867875477812,0.171420535406732,14.0215018750206,0.924845450237572,0.0578066511703899,0.0412954135848931,0.295437290478804,0.120661305349029,0.075717713933739,0.133147179638303,0.0812405317261945,0.0835746265488755,0.738205728132547,0.630378253936435,11.9177581437013,235.715624079506,0.133255398358491,2.69676870947714,1.53948232970713,0.104258557688094,0.0791715635557818,0.0612653077822156,0.0461535993743948,0.0762604221916066,0.372083449302495,0.436990205889769
"SSA_00125",3.60857445862118,0.0289887092264467,0.0999123856878853,0.0168743148462777,0.217280446403322,6.06377261333261,0.058309824330493,0.520003723279626,0.159784610391267,0.145562771314651,6.870405349187,0.780051217644212,0.0530440502490327,0.0357364913037733,0.133081946575407,0.11191002897002,0.108248677402322,0.0908586755767711,0.0923904546808257,0.0980861171149671,0.646623840304239,0.605812133173386,11.230290218542,240.402151790977,0.178301717939023,2.80258866560615,1.73271471828466,0.12190751542568,0.0977866677756228,0.0658618022279289,0.0654980554591471,0.105153096938761,0.543944735005574,0.58142992758698
"SSA_00127",4.29507161507046,0.0268388421182497,0.0837861063507126,0.0152144676058723,0.241734639175753,4.23188686523564,0.0419314340628851,0.474034104766527,0.165696974162365,0.159088070056765,7.8691814789226,0.947996514591276,0.0493052725914989,0.0366880961079321,0.166297948593648,0.11501349500555,0.109848775721292,0.0994340765384112,0.07424913120452,0.0817384985634001,0.764220523018136,0.516361253443526,17.6738163653054,261.168913545087,0.14891454503187,2.80727082565315,1.84390979340829,0.164230628563851,0.107786551596333,0.068775014401562,0.0710348010097503,0.096926960848884,0.557949837748149,0.638954597578748
"SSA_00129",3.72921657210147,0.0309879601792659,0.104362155089184,0.0161887577518252,0.222267073961203,6.61351235881502,0.0494449822188368,0.49212796153187,0.176510236739981,0.155469441845209,6.98347744168375,0.805657987710235,0.0502930509116191,0.035714712998208,0.172301701459141,0.163260403343312,0.081501744446046,0.0895403934820738,0.0952945065424247,0.0750662268811121,0.699823442878274,0.614230111879891,12.8018667672977,273.298525766948,0.182403139493311,2.92962764848432,1.4910511997618,0.135753265813134,0.117899174928005,0.0628217261908813,0.0518222868391953,0.0841819536128075,0.534636224006088,0.452193984339646
"SSA_00130",4.31842150275105,0.027667986584077,0.0755077850299721,0.0156055737237049,0.204007023107445,5.97854597377687,0.0519783678395382,0.439220101145469,0.171852780516964,0.196806527239721,8.33793096297759,0.888879836102338,0.0465576104551348,0.0416380929115593,0.184869309511027,0.122134246098927,0.0872019280589833,0.0976790646255242,0.0816969515083165,0.0807410967557352,0.796771263669719,0.58433562622137,14.3934482670635,272.383269532509,0.172092609976558,2.74962047822345,1.56868020503308,0.127696218145619,0.0932306368583251,0.0730771916911769,0.0603027214620762,0.0869151633087053,0.496556978695314,0.448759536985698
"SSA_00131",4.68628275169512,0.0300362437209515,0.113320170340473,0.0118315441650754,0.158695866801599,6.83702523329976,0.0584748742706938,0.49216426376999,0.147944231151615,0.153167153972274,5.64479701537727,0.850410169292853,0.0460158749152686,0.039308271872271,0.197744148720988,0.105304515022557,0.101720395468841,0.0859398517001005,0.073109725901902,0.0940383901277761,0.772401792707882,0.537916312162309,13.016232121191,234.658737950321,0.1656447546246,2.9505929255528,1.59860874111406,0.130171562112084,0.0883961416743686,0.0599102306667577,0.0381151044439596,0.0861771103339249,0.457178236215255,0.458528427236224
"SSA_00132",5.57169862181023,0.0254628899732971,0.108822085023286,0.01518210606195,0.251871814485796,6.12836465494346,0.048915395298681,0.473673488864285,0.169006230583835,0.178233279874197,5.73871700543788,0.752316627626103,0.0355600991527666,0.0384333519220444,0.162384182879696,0.09890677963235,0.0926679000736342,0.103141971977905,0.0690431960596463,0.0751755650407223,0.652838135546679,0.466508922517055,13.9077854798031,266.450324852106,0.169698612387696,2.93325725109294,1.75849247492117,0.15290626081946,0.090305234823255,0.0613031988304285,0.059835507210838,0.0863014749702768,0.592417622917265,0.478615909796272
"SSA_00133",4.40738508817189,0.027184511038489,0.0918940079310238,0.0157522535266938,0.208033671466699,7.15509020068677,0.0583582666354358,0.425071096546571,0.138116573777504,0.145071703828975,8.14389213254896,0.854585808817535,0.0491717765886733,0.0288840699579433,0.175047883988904,0.0799809914892336,0.101598713347496,0.0952928897171832,0.0891076825754929,0.0727906492773064,0.870233954234124,0.49476730843648,14.122071331041,253.557422523202,0.16732108246215,2.91999642874189,1.54731114689058,0.133658274688952,0.0869139757900937,0.0729164766485358,0.0476145584378047,0.0821919422921534,0.422186815855564,0.295962395789305
"SSA_00134",4.15066834561855,0.0293848323090929,0.100258774980017,0.0174224265699207,0.214831185888303,6.57458836983248,0.051539710273086,0.403610847273061,0.17916662984907,0.196601943582593,8.95467525589297,0.934663044949638,0.0448679348305717,0.0314285189727739,0.186880885117173,0.10409435543158,0.115461660868945,0.102231099994417,0.0914400570103982,0.0942246569722538,0.633125331736228,0.526294020748609,15.5449134346158,268.526748169262,0.167316537104733,2.99454866053292,1.90842662809963,0.118108213532522,0.108755875503958,0.0789294469312445,0.0637059699726621,0.0787551180854171,0.517827629026804,0.528639355711219
"SSA_00136",4.47032959324982,0.0240578869554595,0.0774982392234848,0.0160313701718242,0.267999461791864,5.76428813980368,0.0474445602827276,0.422192042021566,0.198669333282844,0.202400262125277,5.64728858265444,0.865323776651186,0.0469346688658347,0.0406293976890218,0.164839165198641,0.127262537235564,0.0942912649993779,0.0825306982314613,0.0817491156317744,0.0851359400456593,0.779642916741933,0.641526608169304,15.8377180461636,258.568352149364,0.162034393877408,2.87342426614798,1.74677575471931,0.147695472051052,0.103278832122421,0.0668657634923312,0.0692726394382496,0.0865773434323643,0.613919924553711,0.465070727015596
"SSA_00137",4.31596301560943,0.0270847178962054,0.100467023721229,0.0162416726725334,0.208608049934589,4.54579306386337,0.067323025339584,0.486736187944362,0.14196997549036,0.161652998254463,5.77996007782076,0.723783327653482,0.0437061934179501,0.0399623858965479,0.187318320884158,0.118945885240819,0.0900976029569521,0.0844587227817616,0.0939176211472985,0.0911059708610916,0.698616906515334,0.625384562349692,14.5279946321345,240.205942077605,0.166969184730961,2.89410177477563,1.77772608069808,0.126233087195902,0.101503754906348,0.0608215359187042,0.0657057556043458,0.0995698320081156,0.448102356013723,0.548617166227683
"SSA_00140",5.13482818937888,0.0272485993739248,0.109902000863991,0.0112003020393926,0.203353431478417,5.64988591479305,0.063692043299263,0.333315106498665,0.166172285369352,0.194915944554864,8.19676720418529,0.854308174490897,0.049594680410341,0.0375687119296288,0.172809814449431,0.116333002763689,0.0955561944348459,0.110562617347717,0.0837985995592898,0.083152307518031,0.531425954992145,0.55117615259186,16.021537480595,255.132869927536,0.182247695884428,2.8640227504083,1.69069952553109,0.150556510856673,0.101797426759683,0.06949193788376,0.0405842867372485,0.0766927667516983,0.476416923114301,0.532962387409185
"SSA_00141",4.06969850192901,0.0275219781088554,0.0968530427023792,0.0153187727102086,0.237133128902106,5.23583482076803,0.0525501776047704,0.47744479135784,0.179997299135478,0.166865927483229,7.06615015052672,0.920303812912519,0.0612776785214303,0.0364038148393726,0.155132270815305,0.126041427074431,0.132853689523965,0.0931253887880107,0.0717783920636753,0.0805266633751086,0.623839770005571,0.592936380353479,15.119325713837,213.843453933345,0.18969841233759,2.82795979751389,1.84450741455781,0.152459420223334,0.098051529706923,0.0809147959719612,0.0559225920823285,0.0828001167936315,0.476204769432653,0.482654100556065
"SSA_00142",4.91030526906512,0.0281318703371599,0.120155895624636,0.0133719266640695,0.251787697034772,7.66006639443532,0.0496648922031283,0.486953721411004,0.176341513118872,0.210308778964715,7.34343922019883,0.767644489359031,0.0460630387935217,0.0350430565678776,0.144695896837893,0.158367422348098,0.110051072157813,0.0901960324995563,0.0784280306000954,0.0851471373683796,0.658875124308821,0.567874422310297,17.2212939624079,261.399136056139,0.175569853033059,2.75667195530262,1.93407248887824,0.171470678824073,0.103283552858989,0.0648633661553088,0.0599830380010904,0.0674649723136745,0.620790715915172,0.531919214903626
"SSA_00143",4.77221517557613,0.0304564738381134,0.0921311969931912,0.0141536438900871,0.237251510858686,6.754648260274,0.0576368661616798,0.446421057581217,0.156203032313014,0.159770792068653,6.89723490124497,0.824790930786423,0.0525354923476329,0.0350693003572238,0.157977256425795,0.11753348883433,0.112558401252765,0.0842764734372237,0.0832803030297644,0.0991483792076578,0.675666275954449,0.622117378287544,14.4124635392614,279.638689881078,0.178707909601312,2.97436513280971,1.77889942482711,0.134053679727802,0.113721040703189,0.0673144443901523,0.0664835671310818,0.0855349857859017,0.55777435361422,0.527091465027058
"SSA_00144",5.122657694656,0.0279992576600121,0.0752816473553462,0.016405559804771,0.25182708257952,4.04915404759621,0.0536410378627643,0.527663889543005,0.126700661808994,0.154441981346352,4.34292226025184,0.694433602953017,0.0485467601550156,0.0326070163240068,0.146095571730998,0.0734461137492788,0.0900162970692587,0.0808287509058609,0.0891981841497045,0.0930798586785154,0.777766358230617,0.753635575223432,12.1491556783371,208.338415776851,0.194018714519753,2.96596252118652,1.61518389610436,0.129221970747991,0.0965629307386363,0.0598327010451641,0.0819227121931312,0.100469709682433,0.516689375218331,0.611144014696864
"SSA_00145",5.4230682949174,0.0301863398827995,0.108908952858665,0.017602894207166,0.200898025340268,6.93988781915677,0.059658859637447,0.574213694016297,0.173209910928851,0.147059232986683,5.29374844438624,0.725879201844516,0.0478792463760502,0.0365240229490941,0.132940267770893,0.156140424200033,0.0844352825531133,0.117408678027557,0.0897762197445337,0.0829351090001198,0.649134948255994,0.532692596738032,14.8386947028606,220.650068483656,0.153135966773519,3.10643939760105,1.60715101418791,0.173144506864971,0.118459924263285,0.0594759688403545,0.0526861937898137,0.0839650962013348,0.535868928244141,0.51427838939843
"SSA_00146",4.91227957140138,0.0269045018836478,0.107841341354211,0.012106162081776,0.230472682010617,8.07074738351678,0.0554254004803028,0.443113495968068,0.182905456977842,0.162302970802953,5.99014390207381,0.63083198779116,0.049712813922808,0.0384831722015159,0.134552259922409,0.125396552956871,0.0823455822751226,0.0837297148017446,0.0809813724688911,0.0882027103107566,0.681675349939135,0.522775689125021,13.3790585353754,282.435844917135,0.160615109212026,3.04038138625886,1.81275620814426,0.153591937562171,0.114274371752832,0.0605441060869905,0.0632101171022421,0.10181244487966,0.6244123052582,0.481975733755009
"SSA_00147",5.91460169894074,0.0270342365863292,0.0750399712948313,0.0169498134577455,0.233546601255308,5.63578025981119,0.0625070087386687,0.458805246916187,0.141863313942919,0.175681220949866,5.56595173982381,0.679418265500778,0.0546459928269238,0.0381437506052532,0.163218622440749,0.115158320986881,0.0962938850212037,0.0999866065408786,0.103275546404815,0.0879692329602082,0.629670110016835,0.672722931072548,14.5082996019273,268.06903236853,0.169904998419813,2.83336249477378,1.87851555016507,0.157406039885685,0.0998448609768504,0.058866755189975,0.0471080581554782,0.0920418256547691,0.509141352608102,0.385068552647141
"SSA_00148",4.10591654266064,0.0264297890640055,0.102852291859331,0.0153009855171898,0.250976307039327,7.55807286176129,0.0500489197833175,0.517928073362637,0.187515701706734,0.17366148581494,6.93785399549679,0.824129133379455,0.0437610382610656,0.0325382392223226,0.182266565476944,0.124395550840867,0.0817787695746661,0.0952485148785287,0.0695175167219265,0.0862083050620257,0.844147640960104,0.558205629323401,14.8972750021842,230.063108922787,0.172562496675171,2.80960757410387,1.94249915786525,0.158401260553317,0.101346054785796,0.050985711036813,0.0579914479746622,0.0813542565007849,0.611104432815386,0.550851137710281
"SSA_00149",4.48259784718464,0.0284463708673522,0.0864216828428333,0.0146887659129623,0.26021841238532,6.96131878719223,0.0459519731801726,0.433900302338114,0.179163310066579,0.175836231610104,6.19791879334096,0.797279606507367,0.0509109639089339,0.0361104442649693,0.147342550595113,0.115354384673379,0.110496868958699,0.0718739811538562,0.0813657783842506,0.0881528546578242,0.790809545663602,0.541650748911074,16.0787498852364,246.929946907512,0.157622317781464,2.96081874866493,1.81031570495568,0.142688919309049,0.105401529900528,0.0607499520827794,0.0575551031870702,0.0814745167363873,0.591063331808967,0.550289643097359
"SSA_00150",4.29648291021324,0.0250879137493531,0.119185999491969,0.0142646811702552,0.192628770318476,7.32807604476748,0.0527994212084759,0.559138535753141,0.182615796425822,0.143175918760587,5.78167389643324,0.758404222556632,0.0417219854992903,0.0379972868998798,0.156143933496068,0.157099115717346,0.0776596736279931,0.084709928802018,0.0862559038544018,0.0851589192275624,0.674667141533518,0.500572804941408,14.8292003341999,242.484831797857,0.164292684330803,2.67397324995837,1.51381122762135,0.156724958623105,0.0797952620277403,0.0617167886674969,0.0656454079573407,0.100346445744017,0.563780232976959,0.570866207227742
"SSA_00152",4.72727488146289,0.0282918797344739,0.105482435639124,0.0157770624451557,0.215311366782166,5.56599214927858,0.0553552372810236,0.432774609011719,0.170097711383345,0.147631939470533,4.57767112356534,0.636433281674311,0.0485831732936906,0.0336554684141387,0.166874694483727,0.135580174084145,0.104554825181399,0.0917491383574472,0.0705962101503553,0.0887052965716507,0.573919645039381,0.582086824893337,13.4891537712605,273.270444975669,0.157787201320588,3.16368569044985,1.84744082400607,0.148085398181258,0.112741781953798,0.0564983367113838,0.0617908105519719,0.076866884370124,0.588901376352717,0.467233581649245
"SSA_00153",4.70750731974904,0.0281100493712032,0.086133907216489,0.0150523700920408,0.245355844226129,6.05783338776733,0.0568167639046918,0.512664720191058,0.175483364540928,0.156729442827916,6.54321954100883,0.791974959268372,0.0447563383137607,0.0306486148187425,0.151020934849683,0.161334278276079,0.103974219981413,0.0836323657427319,0.0808909529930629,0.0821617979647341,0.664008316301983,0.548764331295509,16.466322814792,246.519864965881,0.168400837189212,2.96502979544504,1.92268186751291,0.150433722700416,0.101177180443226,0.056064595275711,0.0748185160744101,0.100000954302374,0.571785147381761,0.642110092274924
"SSA_00154",4.71585413463224,0.0247419911400685,0.120558021397921,0.0171953331556462,0.265827219827965,6.15271575067301,0.0592048433534162,0.433696656956041,0.15268374421638,0.201123402638055,6.23122356284864,0.864109432793225,0.0406013095135398,0.0300613339914691,0.151373894734455,0.11223132670148,0.096258806732429,0.0901993347461841,0.081325557891586,0.0928785300173305,0.639623253105127,0.554911953787639,16.5875268646949,321.981214629114,0.17043352648954,2.77617037630313,2.02158198743573,0.140485514439058,0.0876012436525983,0.068597185004501,0.0550313964057622,0.0901321464303629,0.553642335867626,0.522669159234362
"SSA_00155",5.12188229246695,0.0285523449297909,0.0879455631244599,0.0150309597945284,0.232146725033263,6.41460034670775,0.0582227052655914,0.472243938062394,0.139905433229689,0.132243948089263,7.11949266674157,0.873030846593216,0.0565717489994862,0.0324713790681812,0.155272630192702,0.0633400304924538,0.111612379998562,0.0969468850202091,0.0828603001903962,0.089532564049563,0.692575139131738,0.522188404037796,11.6742977512053,260.066382926066,0.170156193868082,3.0666821480566,1.7124817880314,0.108785820525238,0.122643646921267,0.0664994554153812,0.0673440957462229,0.101703155661432,0.531023985629052,0.485228496611216
"SSA_00157",5.43717401518868,0.0302975445881574,0.100910387801448,0.0123012366372659,0.224194399900381,7.65522844025436,0.0594734004597715,0.464915664335332,0.174833085096904,0.176874628755605,8.10703626548586,0.835863797016033,0.0445193442788718,0.038473697243321,0.193124758711816,0.136362538306856,0.101024244135412,0.092283660263299,0.0661374848149034,0.0889428079751642,0.70925250930989,0.497149197149239,16.6018946440521,268.551362439458,0.171436163467796,2.88824807592523,1.72251013612609,0.140311302823334,0.0827471646595245,0.0735578642201692,0.0577511930111753,0.0746673901130154,0.603966673855629,0.440350753276412
"SSA_00158",4.84784824321894,0.0283615013667745,0.110973550628589,0.0154641452908236,0.191111956586491,7.31960290706771,0.0665819412079802,0.404375876389039,0.181427751085048,0.176606059604558,7.2874345614374,0.83724334758172,0.0527300877378058,0.0300993273336102,0.147676915635259,0.108325816238439,0.091272728071537,0.0895188748055229,0.0940557684513085,0.0859842333148879,0.592793260572734,0.505465624146836,13.3022900243497,271.441201648834,0.178963569427958,2.96001562809324,1.8046527344848,0.138223600948252,0.0828044644811507,0.0654734811892882,0.0468739522050055,0.0803661289821896,0.54187485458967,0.405442912703584
"SSA_00159",4.36218967707863,0.0322904100952714,0.0851103394451283,0.0165504201211812,0.197138337954578,5.72368627815371,0.0615164042782012,0.47394984961152,0.153822150412848,0.158796243034114,4.46738454852512,0.730122828045154,0.0530903107891493,0.0369218752458748,0.132786101408258,0.110020169015062,0.110483131440717,0.0775357618589371,0.0629735892768601,0.104058663550989,0.587991633424461,0.634874965652176,12.558397144992,257.67796332208,0.173405224762444,3.07738409569712,1.89824241574022,0.144577563484433,0.136066776134521,0.0624017838936885,0.0600675298080779,0.0765372616505913,0.456752323505951,0.50602383686821
"SSA_00161",4.53739230890894,0.0317644232147905,0.0888281334842664,0.014021903930858,0.212528536557054,6.67736356021863,0.0665001755179785,0.502007109146535,0.14773424652199,0.149829966718561,5.52304499999376,0.718995339529512,0.0413943539763681,0.0316365003821137,0.149851171905502,0.0935953230889549,0.0693640175488362,0.112549813234237,0.0864530938626931,0.0908032416463972,0.599236654629271,0.575492928107282,11.0452615168058,225.923285243389,0.197896146706466,3.03367078129835,1.66591820124315,0.139573923117809,0.0984841760794778,0.0658717049807257,0.069234121984515,0.0939254894799986,0.533853155354851,0.405945936456855
"SSA_00162",4.73695028966399,0.0291550118313399,0.0961025494027363,0.0135532257479279,0.208794680201757,6.63727714249029,0.0545614005816601,0.503858436488432,0.176726773332038,0.114737046629227,5.48051327305502,0.77178331951971,0.0487512302714675,0.0385248492207601,0.170039151088094,0.126332938634051,0.0988199241917394,0.0797575352444728,0.0801467419867126,0.0863296865618633,0.749223514460972,0.532769518855554,12.0905190378614,255.698333985248,0.165618380773262,2.9757154737868,1.60138361902353,0.152340151817135,0.0912593832692069,0.0565886900817576,0.0624509106158803,0.0942328456900469,0.498998473915083,0.476298956170196
"SSA_00163",3.9774455819059,0.0222318678110707,0.124716594657994,0.0143276942041126,0.200852951880511,7.71039762671305,0.0580606361758111,0.433218453748637,0.191176166051099,0.152203693969408,7.15672496904882,0.756272897542738,0.0451725946659015,0.0338535989414217,0.192972847165684,0.14293326329031,0.0647173588147899,0.0971527440451647,0.0702498854238882,0.0714861745558577,0.840652817911112,0.557053343819384,13.7961757744869,294.047415531655,0.167946457858071,2.79436796665462,1.62123790391156,0.148294528148324,0.0523039629963383,0.0732079773434454,0.0573374684686236,0.0933040843446371,0.481181848448926,0.377617415300962
"SSA_00164",5.03260954063432,0.0290482713272699,0.112688512497099,0.0153253244055676,0.275898614606787,6.23669382590317,0.062906223379068,0.477055582167832,0.155395442518757,0.166730892281651,6.19027359299288,0.749999918338554,0.0478616219373406,0.0377921672768957,0.129330966632827,0.127342703212061,0.0939425646189818,0.0744831185784391,0.0793815030807119,0.108057359669895,0.502864194159686,0.508760178881698,14.4762890437902,250.588383698715,0.153760405448417,3.11418001108134,1.98936035062845,0.142794011687262,0.0930722739007222,0.0588940148831633,0.0721590704353502,0.0752390725277323,0.550905977385827,0.549769524452943
"SSA_00166",5.59486783589483,0.0259071845451559,0.0915148866628098,0.0160944173136695,0.223069733063379,6.60673048777395,0.0687841002454752,0.379199830881989,0.146982322600002,0.179423010512881,7.4148025434913,0.886060553091416,0.0509298537424882,0.0359077458961725,0.193714885524582,0.131138415774062,0.0931910513569859,0.0927526170819275,0.100288681116176,0.0860843417818742,0.771037107307865,0.559068752430979,19.9118730987442,253.805571143688,0.190445505903978,2.66392683896017,1.86640324123923,0.123036477802607,0.0694054067157507,0.0526706982930279,0.0467120806118155,0.10068252346497,0.400509754634159,0.518621814339075
"SSA_00167",4.31720411278207,0.0283045774420276,0.115207760751598,0.0148116874244957,0.204996679433877,4.27255320491786,0.0621094719685522,0.375494495006885,0.154935279670987,0.172934418154836,6.61795475221608,1.03948874266707,0.0483143530878364,0.0367753130658579,0.182729254895654,0.107496233786297,0.104489081236424,0.0870473108083945,0.0872369906101562,0.0949584448236946,0.654386235439355,0.548409250859394,14.8000763136972,267.360866502997,0.184598360098236,2.79145192812681,1.79340416363707,0.120876578735907,0.0939889663590749,0.0660886915593448,0.0650713696861309,0.0978574213915644,0.43197482274961,0.583518879701374
"SSA_00168",5.7983156068308,0.0227509801655085,0.0992303570892994,0.0120032017824823,0.227725398764441,7.06573028475744,0.0508775266842819,0.461263878508775,0.208354958990363,0.177724552932449,8.37868420136115,0.804205235708182,0.0395349036998671,0.0382225263543265,0.18047655210622,0.184320875306598,0.0863398807469404,0.099357441030606,0.0645927496587522,0.0793521706738424,0.627310315162123,0.443571765762403,18.6516138346183,242.715558998276,0.164043712618542,2.67263645516986,1.94359227747325,0.185476329008353,0.101691709707693,0.0647424404129432,0.049641852833692,0.081133672313566,0.536908611320833,0.423302078316609
"SSA_00169",3.91815679970954,0.0309714592502078,0.0947490365523258,0.0123162974553461,0.243706074866459,7.16257630821371,0.06392407619647,0.462968783597577,0.173857500614366,0.162005469988263,3.88795761018306,0.909863386735422,0.0452913981867282,0.0327028564370404,0.13531955723247,0.111372267129967,0.113195863294233,0.0764415619354121,0.0760654039046541,0.103909027499781,0.782509008000969,0.694861092534796,11.1222848287129,278.805640330796,0.177260996559272,3.11293600229776,1.70814006680219,0.141991500978806,0.117349621831326,0.0753417330185259,0.0721712033289929,0.103702312388707,0.561685323417332,0.49504928719638
"SSA_00170",3.17620937254355,0.0233090220743174,0.115595396083387,0.0145563366734635,0.20909918790537,7.85275225613104,0.0675920761919481,0.566456086743737,0.175202797838399,0.147460652890396,6.12840904005192,0.679479529204756,0.0541111805295915,0.0362426175259359,0.179373606480009,0.0605821537106842,0.0784900396915633,0.113042343776908,0.0806311034000644,0.0841611270638302,0.879191218472442,0.454894938220036,12.0073489143753,208.55788229938,0.168317656196492,2.81751556235441,1.74849732885586,0.145693190592061,0.0759126263682769,0.0582893993737457,0.0591478913730747,0.104315687680031,0.623945567224063,0.438953602594901
"SSA_00171",3.93791774410903,0.0279056596099352,0.106787749381449,0.0163773724744025,0.226935446854093,6.41815377350222,0.0540664394227429,0.524297376933051,0.159982832403193,0.152691921606335,8.14987420015139,0.819942559740431,0.0437413214031878,0.0364422805445771,0.191753498629526,0.134354871424353,0.0657784184213833,0.103461688683767,0.0884154448753878,0.0942285219876348,0.593733527079457,0.491699517413148,17.2566313155542,243.786158924318,0.157259693447284,2.89595150221062,1.69704143672165,0.110191676298182,0.0940153565328111,0.0649359684322419,0.0621943183276645,0.0813535969644217,0.517158277938967,0.438273109997033
"SSA_00172",4.64162539051395,0.0252391181884563,0.0895791360043481,0.0163740742716455,0.233292976381878,5.64351639564495,0.0563279634322826,0.429246137983245,0.156760223074486,0.136262847377338,6.60982661962638,0.81591162656005,0.0543008289713104,0.0305630847677914,0.156297920973816,0.129078791199663,0.100174571091994,0.0815143232881688,0.0776690099247183,0.106667511624944,0.556962634972874,0.602461546914832,10.3253801202524,263.158414431051,0.188867531777144,2.94183999133939,1.91970459600325,0.128157388496411,0.109174746213877,0.0558947053222985,0.0579680817776609,0.090256309472416,0.605775638215034,0.677762851944784
"SSA_00174",3.86989297649626,0.0264210722561363,0.0979889090056676,0.0140015366065237,0.222784970752694,6.31280383057106,0.0600014383589272,0.492713312688604,0.174000573146717,0.137102330552062,5.20229742943088,0.82215206996053,0.0439495999255089,0.038235045916864,0.18024015088615,0.114986040598457,0.10828519885666,0.0959385424134494,0.0705479380780821,0.0945195658136355,0.546488717248133,0.51769013898985,11.7368377691806,256.684817894002,0.172977783671593,2.79732898407681,1.78885379349127,0.161482362624169,0.110905069391411,0.0653285577156118,0.0635065335625055,0.0952946613731189,0.50003396273566,0.568177690405028
"SSA_00175",4.08111262280819,0.0279373178103262,0.0987934977715364,0.0151876637981631,0.278601949559686,6.34581978060039,0.0628767722802,0.392116862703767,0.184634496118605,0.143075341970387,8.18474125984975,0.962477322663861,0.0536601576404495,0.0336215866482355,0.156891374234967,0.110857200440851,0.105969184399504,0.0940483612501487,0.0650370477330675,0.0940500212327214,0.629082340876615,0.497935898279831,13.9873504690863,250.570555885498,0.17780672584132,2.86109366999233,1.90189876891084,0.174116441922869,0.0970554611635202,0.0710732283409894,0.0593907123980042,0.0871764596594502,0.551004978802839,0.463958114558324
"SSA_00176",5.68005037108628,0.0283354053071199,0.101501367072257,0.0182752504262923,0.208679367351728,4.64247655057696,0.0567522449674192,0.499895265837085,0.164326566093415,0.131257646621512,2.94530854475415,0.941547875935329,0.0466848403671133,0.045360441408265,0.119444348917988,0.107344265507559,0.077793498981017,0.162593933793132,0.0807098590823343,0.0728566503921859,0.577602727972844,0.485267473923578,16.3983389110536,176.950697803665,0.154854689899189,3.36195286692232,1.57482942195828,0.178586940762685,0.114030643398596,0.0509593146335498,0.0470453855731368,0.0870925479200054,0.386773844037705,0.381310729995905
"SSA_00177",4.26778104319405,0.0306517737292351,0.0981027929155744,0.0154217374729634,0.241048215090121,6.8847314172664,0.0583987326789152,0.473593390032489,0.156670470795445,0.149292682913222,5.41403765695605,0.824679583740408,0.0467839052619528,0.0312724204216194,0.145407620351631,0.114600013194152,0.110585873109108,0.0883910080523538,0.0802427832231797,0.0846665336650344,0.720099510972427,0.558103178698642,13.9145103441584,249.452781849986,0.182286573241841,3.0097468506454,1.78987493700184,0.143692041620915,0.101208869560404,0.061646209840004,0.0652516457110342,0.0952316564860865,0.543768247465768,0.544081734541965
"SSA_00180",4.336596450145,0.0280525349783215,0.0903380330145156,0.0131270635768604,0.25936930612519,6.36276545045174,0.0561027602713091,0.436369716465624,0.136785644612765,0.155260344883588,5.07690765840778,0.731651849529831,0.0503211206239927,0.0386684846336286,0.151383192521446,0.115208220266648,0.106613402988928,0.0820219187257339,0.0844262488303862,0.0980769406690366,0.764418062003777,0.564073127888587,15.7510480688182,232.536959918812,0.174412224108372,3.03043491188941,1.71783089782457,0.126050483273231,0.109301310476642,0.0644110075408686,0.0693146610507385,0.0820545598659325,0.544004161916299,0.579670596457665
"SSA_00181",3.9930974226769,0.0294973025158284,0.120446258040975,0.016464486060316,0.234710802632031,6.40266081210931,0.0626537668382561,0.577518487887361,0.174834187771862,0.155476793693369,4.96590163089584,0.85429935827076,0.0455970267840506,0.0386542358028596,0.145980151577881,0.107887863632357,0.100074609492203,0.106902620158811,0.0775589705725981,0.0820239036935113,0.618056720421261,0.469989711941331,12.5733011662032,227.254230749128,0.145480259454172,2.96594351113087,1.72576355584982,0.159921339210162,0.103476790163393,0.0647598720078948,0.0598578903756029,0.0957031467063271,0.479227826032313,0.434367437213939
"SSA_00182",4.0288748843377,0.0308066336867241,0.0844413111932721,0.0145501561404554,0.215572942890942,6.27931979839093,0.0608966360485563,0.481567462817821,0.145891437331846,0.134522794436989,6.61146704387037,0.759647892150368,0.0534288720236208,0.0345345798307637,0.116125582180783,0.0430558351132638,0.106891668408851,0.0931431828447465,0.0739124616397192,0.0898972820411645,0.701999531418745,0.511918553355326,11.586214490455,255.377818387863,0.147338960909236,2.95475090736652,1.91631691387844,0.144448241828722,0.0909309900642847,0.0666705839842899,0.0665532988704877,0.104187469726446,0.587359860966571,0.458784910967751
"SSA_00183",3.69564009571448,0.0270258869017628,0.105647740424017,0.017520318944424,0.204324450377836,6.08495396308717,0.0558888717312866,0.500675012229419,0.172454377105736,0.143523826773021,6.37486235895144,0.71537142011784,0.0517129437337931,0.0318187007917602,0.153789036483688,0.106583188705395,0.0985082107473131,0.0982030679998588,0.0747170861464132,0.0750616768577626,0.77229279528604,0.642676774219959,10.220954755115,257.087532871047,0.176711416584541,3.00849874041823,1.70908280327688,0.14702088735142,0.0784770063377603,0.0617868180583901,0.057435437754319,0.0901850459353408,0.481688762930551,0.463563529976608
"SSA_00184",4.42185619869812,0.0286737781973438,0.110079438568869,0.0145632883968662,0.240482168224344,7.28859451606571,0.056366533213898,0.464189769263737,0.186113137684289,0.200786299354613,7.24228134877388,0.810389623522097,0.0545135871884802,0.0388111319493114,0.179070035361598,0.146994366214881,0.0999419033232574,0.0870526103469066,0.0810185369239169,0.0990688401639076,0.687728202018607,0.673633026029649,14.6259518811324,258.874232161516,0.166898808942034,2.88940756946321,1.80191299352179,0.148328858939983,0.105372112429734,0.0675735692954186,0.0678870659742968,0.0809111625812306,0.637836037419005,0.590034343029369
"SSA_00185",4.96848201642756,0.0277243908266503,0.106714798440755,0.0173442625900974,0.207476671972761,7.40705071179749,0.056572716379678,0.474261407189268,0.17030273284689,0.167662637764829,7.65777257085306,0.884978834777929,0.0556909923553284,0.0341665842309964,0.159839137325334,0.146076006545359,0.119219984050254,0.0945137448871315,0.08233383604328,0.0809175427466611,0.658124438454769,0.61627915984608,16.8121264162187,216.154787730222,0.18068822646308,2.76150407970123,1.77775106775377,0.162051991111676,0.103736246417595,0.072927202754472,0.045896900934272,0.0738256780221219,0.484655611741952,0.461085390799718
"SSA_00188",4.61714509140002,0.0278693812518389,0.0907951798126925,0.0167812655571418,0.223011076637259,4.90616519644253,0.0580924230182484,0.431710521424166,0.13730496580695,0.163384274455652,5.71900379575178,0.943098785038093,0.0524088168219299,0.0424926427379652,0.147477902233721,0.126815856545986,0.114690804433328,0.0994969256914603,0.0732250641490236,0.0777035045128147,0.712239410887191,0.532938991376981,15.8408301176918,256.705015896887,0.163824941530051,3.00497571902594,1.68705201692714,0.133788502569528,0.10019391118699,0.0648102762191549,0.0671528168463271,0.078817990130648,0.417582390600743,0.529848131886575
"SSA_00189",3.9862966470761,0.026650085330437,0.0853156881280912,0.0122430102021538,0.165808305067144,6.98919886381855,0.0561397068878086,0.458491420054541,0.185905788596193,0.147966709299062,7.27125486968261,0.779757110823734,0.0539255032951785,0.0357056524412062,0.17013095482285,0.129053435248968,0.0886369958088434,0.0866387269893415,0.0735467296653683,0.081476744888147,0.712599475220111,0.527835532189624,12.6039209167329,276.518339730791,0.170293880918258,2.85585704729712,1.68007509615575,0.144597096397897,0.0949205317567106,0.0593107848751054,0.0490516519368686,0.0928493897482695,0.528460557749523,0.512114530386389
"SSA_00190",5.11663684148734,0.0315317560478423,0.100149037923514,0.0139612508327837,0.211427777624796,4.15215297787405,0.0662888010312482,0.45582912265232,0.127970581078698,0.164445994873214,3.92694975142224,0.864587432327737,0.0491083760630361,0.0356895153237475,0.137847189132471,0.101354172194221,0.0966994502818358,0.0866181881917486,0.0803485980185633,0.0827852697149168,0.753892089639032,0.723217514607769,15.1839124484393,228.399799912468,0.169048965463632,3.15247608007183,1.60412036195427,0.120356693972258,0.100590787457545,0.0624121969498999,0.0708763356328014,0.0710097824020216,0.501634231460028,0.464469461618383
"SSA_00191",3.70263524942906,0.0222248435938169,0.10262028400207,0.0143634299889754,0.226315469815451,5.35586652466359,0.0757089949249708,0.423459312330924,0.169247976055711,0.250097195687642,3.54596358323103,0.715524633568351,0.0450766239113807,0.0342278255269745,0.151269366883552,0.112224347549547,0.0623040832546518,0.0705395505176836,0.078721872690721,0.0781001585133143,0.688411783727673,0.702625586698499,15.5175702139408,208.592225950317,0.162721130038988,2.88589456670283,1.85646300480366,0.116857293594438,0.120015985307566,0.0627337208070808,0.0477194301329476,0.0723573445359025,0.488616024216885,0.40037821832504
"SSA_00193",3.61944541000314,0.0266640651232915,0.0692186002427752,0.0134986315140158,0.270307002710797,4.20446263676083,0.056912608361529,0.497130753350793,0.17579534758596,0.148380965640453,6.28496308385223,0.823532909572664,0.0458952360892854,0.03140124288387,0.153269009817314,0.107933756082876,0.0931368158140012,0.0692493471374759,0.0541523264003258,0.0879970066984694,0.662032828118304,0.580208556350627,11.5875408550435,244.892739541436,0.169686725515842,2.86002052348177,2.2395503629944,0.165586020919191,0.116709745749863,0.0570285288272371,0.0736092287127513,0.106562292732318,0.557888402304217,0.717378116398256
"SSA_00194",5.44339973217776,0.0267989236093716,0.101306475789258,0.0151968926080734,0.202383396495516,8.02875493791999,0.0533096930025959,0.53303848932356,0.172195966749035,0.105656384432181,5.93994317538208,0.815824978216088,0.0547476898118707,0.0385553673446456,0.141758819350967,0.0925617168371763,0.109277522964018,0.0820916464051364,0.0806197050568355,0.0964727943544456,0.862179784607322,0.44289891519181,15.4361315537281,237.344685980983,0.155108476876548,2.97656273258947,1.76854596718356,0.172545612411659,0.0891816377494244,0.0631916374428637,0.0612089623398536,0.0876839939348943,0.530302105596134,0.423185056315496
"SSA_00195",5.42359764479456,0.0314731048742504,0.0759750188527984,0.0146257737264924,0.240725809120595,7.38917160663709,0.0621014983288616,0.471414798852883,0.143735011556809,0.136158366134669,5.41209325460947,0.729628831434741,0.0517766569687126,0.030118951690933,0.130764501080515,0.0685158009068033,0.104222292846666,0.0864232786148197,0.0978801231640912,0.100872495591768,0.754811066698861,0.591034404211635,11.1109163177626,267.391577786754,0.178417403395653,3.05632930589413,1.67545663417693,0.116098023653408,0.100737162819096,0.0627353597539193,0.0863726048983965,0.0961516009150285,0.619738903765281,0.613390911673136
"SSA_00196",5.19563172342448,0.0272735739270763,0.103916409660318,0.013723564789458,0.234233123827973,7.36104223141952,0.0657230861939762,0.546021563630713,0.166894573241705,0.174758255106563,6.19157254608531,0.858421445810047,0.0388959837259725,0.0396039444194198,0.132735898079433,0.161945202528875,0.0867220010719133,0.0909331166592359,0.0879528460525765,0.0882213314192378,0.717331480421274,0.512393280604504,13.4096745771354,271.126601727004,0.177560122027325,2.93539218820544,1.78622415364232,0.158348162866047,0.102568518354237,0.0660887657469927,0.0631597496561072,0.0926824623832591,0.515996864521873,0.495205931854502
"SSA_00198",4.43199067767832,0.026299658717986,0.10819053073173,0.014741282023892,0.244897697341535,6.55448622861801,0.0410983370050876,0.464238548256107,0.221193777471953,0.158072931982495,8.17876025996618,0.744165677001253,0.0578660205984923,0.0334966949037822,0.16278912785434,0.147652045701161,0.0905489867644226,0.0935293066874457,0.0852667168167652,0.0906418910549275,0.683896765765278,0.484846810797605,12.9664703314761,246.521822794521,0.155065251987931,2.86729738465638,1.89222385434541,0.18661115228584,0.0913553326106027,0.0589357212910804,0.0687349075635161,0.0782530291689272,0.68689601518837,0.515183457501469
"SSA_00199",5.20376723791247,0.0288628607162903,0.092008546990078,0.0140057948527394,0.22027528594711,6.51028450399342,0.0653924326710981,0.516913374924433,0.177994569130151,0.138582589783725,4.1456366866813,0.761445507743467,0.0420969477395382,0.0364920998522996,0.169559668653485,0.145429083612116,0.104268147536777,0.0908586809621007,0.0658518264695629,0.0683577163662965,0.82355889297858,0.65523319496615,14.0543724945937,209.020722313486,0.167272727817705,2.98452276896216,1.68960668974303,0.15511104558913,0.124108049888881,0.0527002894584861,0.0648278812815639,0.0895698992177215,0.468445287922068,0.596116075290292
"SSA_00200",5.98100043039971,0.0281372351311902,0.0995977812894363,0.0132698623671536,0.234933342218887,7.24200795591627,0.0592041872955936,0.437131101745671,0.178188223578618,0.155120516169578,6.69490568219794,0.761515751414739,0.0442450009829441,0.0368521736323382,0.15645329604845,0.142891201552314,0.109295358042985,0.0946204540682127,0.0766139919990621,0.0862726767712159,0.64450806148411,0.420046516974454,14.1866388045897,298.134681361683,0.148469102443791,3.07714842129586,1.73580890725288,0.149863287747787,0.104346099334515,0.0702627361669143,0.0712327700785083,0.0780826674093936,0.644934441973127,0.486664820421414
"SSA_00201",3.23356697258488,0.0286667473238309,0.112926465524829,0.0155018485490305,0.175334933734668,6.38177605967839,0.0561340478558089,0.562018107824393,0.16738769675337,0.183206310795989,6.40038138185746,0.903087148403442,0.0437185602327281,0.0375573273467762,0.152699000890638,0.175809900618886,0.0729339240106629,0.0843827149218952,0.0800945769406513,0.0868247157143146,0.693375723732636,0.55460752880738,15.4768858816788,299.188234857655,0.14484994877686,2.77687832393079,1.72316725166962,0.145914158803827,0.112574868974741,0.0613475306695835,0.0524760201586213,0.097995649177479,0.523899694850472,0.488801140425512
"SSA_00202",NA,NA,NA,NA,NA,NA,NA,NA,NA,NA,NA,NA,NA,NA,NA,NA,NA,NA,NA,NA,NA,NA,NA,NA,NA,NA,NA,NA,NA,NA,NA,NA,NA,NA
"SSA_00203",4.31493792187785,0.0271443416235081,0.111704513494008,0.0161922849486649,0.239954649746847,9.13665025152908,0.0564560059235228,0.494924621946374,0.185275082596876,0.176454801105992,6.76850408804095,0.798110241963113,0.0403020451406463,0.0327687302181828,0.156408490181324,0.167997974903707,0.0935480999041905,0.0816124233094358,0.081575767585419,0.0680355692401148,0.832934972218233,0.575084977660245,16.7006663592514,267.96465840685,0.176622881007939,2.64662137659434,1.78562718412244,0.161506733632784,0.0966429055928565,0.0629297752303939,0.0568247587228811,0.0834325280808171,0.584740578253392,0.421994577451796
"SSA_00205",4.98035394439361,0.0250695775544071,0.134561795125645,0.0151755216176969,0.251562419300709,7.35377253469996,0.0652925262968458,0.465525481603101,0.185291929910684,0.153712630125778,5.35041911564208,0.795406858883479,0.0524784446847391,0.041442898102124,0.133472826851551,0.137462234129737,0.111623640091355,0.0932470981802631,0.0808094253793077,0.0761563989388067,0.866565522205848,0.563900577711025,14.9945067337608,236.952732647292,0.180560428563843,3.02921920174274,1.66075973745235,0.160805019595716,0.0770334542444212,0.0747296960100416,0.0629348948608912,0.103422122732637,0.540928426774137,0.389291996031056
"SSA_00207",5.16746304121813,0.0236990617713296,0.104672639874179,0.0180174298292024,0.277314076193149,5.32871183773595,0.0578828771102979,0.490219956883654,0.170748707666723,0.163683355065389,6.17964023641436,0.700310974457536,0.0411127202012211,0.0329085943712478,0.15125958313921,0.181827356065065,0.0767839992529161,0.0915163517069877,0.0767633582392741,0.0787959434276807,0.680974444970098,0.572933651408045,17.9279639820036,248.106736560359,0.181777488327594,2.64487500194268,1.84444432002734,0.152997806754986,0.105753115110482,0.0558888230425488,0.0667791487771545,0.0887162153291124,0.597688091147458,0.48228144851565
"SSA_00208",NA,NA,NA,NA,NA,NA,NA,NA,NA,NA,NA,NA,NA,NA,NA,NA,NA,NA,NA,NA,NA,NA,NA,NA,NA,NA,NA,NA,NA,NA,NA,NA,NA,NA
"SSA_00210",5.17145213024546,0.0294147501005776,0.0895238198211303,0.0187630919098167,0.205989395719419,5.38851447163789,0.0584440106918729,0.465466659693386,0.176549419883551,0.174298915582446,5.84679321025025,0.779701056126524,0.0566943984911793,0.0339935726963,0.152364691654332,0.133161537106292,0.111091529812439,0.0912761897448776,0.0816045851248226,0.0953539453122982,0.644885730000248,0.576898302929346,13.5703020174286,286.263629905412,0.152665567411561,3.03687388686929,1.65598398909843,0.138357415391541,0.0981703966628757,0.0639037091576644,0.0404509931009188,0.0908401571699832,0.475080091407788,0.518907709752906
"SSA_00211",3.36176351526246,0.0266609012993595,0.133128524835808,0.0145206544549658,0.204667389229952,7.30534864421247,0.0652449089113279,0.465642403006489,0.175746539350461,0.178005816445771,4.8579040688942,0.732892826052751,0.0393765402889503,0.0355099884355296,0.187268336896144,0.11483186850755,0.0721182373643111,0.105564621897564,0.0690628865000219,0.0911049828530868,0.748642103887661,0.627693680105741,12.8954489720437,229.882212936854,0.182714906211493,2.83829904629078,1.681370871594,0.129002992727572,0.0718796060430212,0.0629958189288737,0.043024817927614,0.0809365167229784,0.416768786839671,0.508640694809281
"SSA_00212",5.04381698571118,0.0287959285571114,0.0967635380664896,0.0155831537466246,0.200432240211662,6.93747891413411,0.0512616542274784,0.436399700900204,0.167692222992466,0.15213639532838,7.8464775695488,0.863269015151128,0.0432475805390265,0.0351096821515764,0.191842672785857,0.106905913903327,0.0998768361558925,0.100661243470687,0.0817956277717877,0.0870548046767824,0.75251374879744,0.514432654511295,14.0913871375251,264.823523586869,0.15395773227024,2.89583316520435,1.69226752265013,0.144217767878025,0.107282663298691,0.0590909128404074,0.0528453828242957,0.0944120206410363,0.492523786063759,0.394636112234649
"SSA_00213",4.34356223298834,0.0324602775731856,0.0874190588935298,0.0130021096021247,0.261460504935178,6.31759047653254,0.0578625904099288,0.438143361664095,0.175390586790626,0.159433228220046,4.69329057464539,0.787652349774051,0.0386260210439459,0.0395042226953217,0.138171562093965,0.155677383400929,0.0814085086886056,0.0820709153716099,0.0782851786647156,0.101234528109312,0.592217479514462,0.61734399395331,13.8787013068585,289.957860727968,0.188154576202211,3.0881647648904,1.75971155271747,0.15447571304138,0.111453396596966,0.0710798359865042,0.0641177916836555,0.0918736336657973,0.589595879587713,0.516149016151868
"SSA_00215",3.09622338940296,0.027281949571352,0.108900988368445,0.0167176404478254,0.222264602434692,6.36343598330062,0.0589728054552548,0.493722554456144,0.167994063377216,0.153440346171516,4.21142437173949,0.762641620516222,0.0408231909412038,0.0287368415577519,0.181068236707359,0.106832228990074,0.0912483583356599,0.0865100020165548,0.070852622754843,0.086660703610968,0.838697916808408,0.63608072048979,11.7236606712295,251.186168197054,0.170009086701898,2.9594901185065,1.67685545482153,0.139601423510642,0.113747491832151,0.0577552246906285,0.0640311455647428,0.0980673942207119,0.507748743749531,0.557176224047866
"SSA_00217",4.57932139780015,0.0272995288604031,0.124261476905672,0.0174205034248457,0.228194753383509,6.16440858907526,0.0556152811768272,0.559576530045489,0.170513020025936,0.17694580026308,6.98556206767232,0.770584486946338,0.0537504740612058,0.0323957812193661,0.130313578492431,0.202321422015082,0.106319884774279,0.0949537554462271,0.0695914517589954,0.0874290930222186,0.639457219444641,0.56271449717036,18.2992333535892,240.094246269771,0.154401136644602,2.9215297570237,2.04129399523058,0.175899817749614,0.0885806272845119,0.0668456481902752,0.0577737163784043,0.0772956295859248,0.560911671478087,0.488627811742581
"SSA_00218",4.50986989727758,0.0276484633046013,0.126375432603637,0.0177475278015708,0.224670593642264,6.20906913256022,0.0567111414076413,0.560906663055574,0.16164595813301,0.186254499833378,6.54136984402449,0.791404924143744,0.0542074579878282,0.0334285965948203,0.126213524970747,0.197925074790227,0.112487820205277,0.0931586900966422,0.0738534618192374,0.0868931276856219,0.655860982203053,0.562130108097088,18.6372852096765,240.400055016051,0.159247088767348,2.94108669140742,2.05317414055613,0.17119735012866,0.0944496525499258,0.0650550750633233,0.0540223560161136,0.0785522429998268,0.560238818533412,0.463424377345616
"SSA_00219",4.39331963595829,0.0296710754809209,0.104702369943793,0.0125134587137097,0.214753023315881,6.50096950167126,0.0553714261053728,0.560027399762123,0.165231848191058,0.135990709510186,4.62556020274728,0.732097424542418,0.0421387212027418,0.0370938599985972,0.138532709658008,0.120196035566904,0.0793642534891489,0.0921408995116924,0.0783069372634415,0.106401904562955,0.543983761631477,0.537470538846799,12.2689293229397,255.002259760105,0.167597311228802,3.12191923847993,1.64368139853725,0.131710024796016,0.0861174396376234,0.0653934935281897,0.0715615370405248,0.102328786901001,0.516324877801909,0.407085314646609
"SSA_00220",4.74135048462104,0.028535062494794,0.0719525084876616,0.013417916058784,0.227370932706248,6.00225388931779,0.0641172466373173,0.428801741430075,0.163834593291558,0.162711002498033,5.4767920551211,0.964167863240676,0.0447638823364937,0.0403701085312686,0.194400868663747,0.0999349325755703,0.0953362058892377,0.0930873800241177,0.0707694396491647,0.08565716713971,0.698519631719829,0.683161343105123,13.9918387059708,265.4475097935,0.191474520952326,2.83589568647036,1.63462201330308,0.137184214002872,0.119654452589668,0.0604894572282376,0.0458722069902843,0.0782443528771756,0.493675068467065,0.383138394264587
"SSA_00221",5.12550304088462,0.0287937131505706,0.104298680049597,0.0138902871354886,0.221331510572545,5.29739009827433,0.0525269639379676,0.430914366612878,0.187297796128478,0.150116909264619,7.40338287199057,0.707076840579928,0.0490536290921488,0.036379012060411,0.171385343999283,0.116623525402809,0.0792844557601175,0.104740268188925,0.0672821056163609,0.0780025914420783,0.694182842197395,0.501899932566273,14.6957073337112,278.025131417779,0.15232940927104,3.09657178080517,1.73364789555941,0.127376340239323,0.0809637164937445,0.0702527652686471,0.0578001232316787,0.0877495113273525,0.512864340008087,0.390971897162405
"SSA_00223",4.15752492613704,0.027146337757555,0.101869461318358,0.0156351587386831,0.233589295026859,6.34476763313448,0.0651400718717492,0.46972412759871,0.167969713913009,0.170082777691135,6.02065392688162,0.82109213384707,0.0479463478322635,0.0312485251266044,0.14525522440927,0.134324197278971,0.0955152744293192,0.0902090462675581,0.0745826056531166,0.0782679193215252,0.703183980418648,0.61415119394712,17.0797403712399,242.899591172089,0.166790558043501,2.74055404694757,1.80770258489414,0.168655171589813,0.0925130293806859,0.0618501843321225,0.0534468678949502,0.100014295282959,0.450080109211209,0.455432583145151
"SSA_00224",3.27986528996968,0.0451390080023283,0.128141470835957,0.0141976443795324,0.164543772345312,7.00620654466823,0.0661973869601719,0.680610199602132,0.171863102248593,0.154161092563644,7.15761640611695,0.774713099076985,0.0501644316845139,0.0336654220761231,0.135922430039901,0.204830017201894,0.0773340235190225,0.10126258089506,0.104073626612879,0.113627906905116,0.515164130316657,0.632599068748941,11.8017742031849,192.849094313259,0.209543876258874,3.11773394452245,1.59792760757178,0.168215554255431,0.105987968191437,0.0688623826836713,0.0635009318971377,0.0782727085026946,0.70877918773532,0.549360087825318
"SSA_00226",5.42904928853887,0.0301437895095771,0.0809166283644613,0.0134891286167566,0.211406288389579,6.72222884078965,0.0633504843307243,0.568811746880934,0.138419656122049,0.0977467598755748,4.99478645139847,0.644741645548241,0.058933598820544,0.0289848827363249,0.130924903488829,0.0778934645409674,0.121568321419131,0.101859262653925,0.0873655571785389,0.091915046119847,0.71727167903483,0.515619562449536,10.3856306666962,236.372915058379,0.16348691717677,3.21159717763474,1.79240388822857,0.136468491107711,0.0996651024459046,0.0609880939581018,0.0696875414142254,0.10978295405302,0.601640471722712,0.529552619065927
"SSA_00228",3.84613892635932,0.0258621471167542,0.106741570812229,0.0141739282680675,0.214308502748683,5.56671537457162,0.0587868536370938,0.388677989611211,0.145880417127133,0.197838832039176,6.54700985111505,0.875069231732396,0.0498253834325821,0.0328861210671807,0.156833271810527,0.0993770039693532,0.109059893449773,0.0895850818293232,0.0767927012648536,0.0967645039588514,0.642107921272053,0.565031177081122,13.2327423538849,277.525523219424,0.174904666271626,2.86381504403117,1.82375500811301,0.0920375397169503,0.0952257164565742,0.0765141445278132,0.0554676403716375,0.0997540117960275,0.461999359732757,0.489282936469514
"SSA_00230",4.33968133258584,0.0299737781821954,0.09686215676706,0.0153368534224667,0.239050336902263,6.85248320483531,0.0596292866794918,0.480357971998844,0.162163170255065,0.163836493150893,5.60146560872848,0.804572580018145,0.0484542598111867,0.033006874565001,0.153663572266003,0.137207809530579,0.0908213284545428,0.0816993821728974,0.075127195502813,0.0931553533376952,0.696962043336263,0.650182203586954,14.7737455910844,252.891397649434,0.168549300603754,2.96694938556912,1.69006490084922,0.137083440218678,0.11466329829132,0.0630412743170157,0.063509733586273,0.0829512079792718,0.544903018237531,0.508665313612063
"SSA_00231",4.70052170998004,0.0321035690721587,0.0938884095831892,0.0146809366428625,0.23207753865473,7.61650689045265,0.0546288666589201,0.448704646893181,0.165117920207415,0.17446729227001,6.13185823736386,0.950517345175826,0.0391933003430988,0.0355806342871185,0.155752589394663,0.109272349596207,0.0870421593768927,0.0960070795256802,0.0867501270124216,0.0862259079254408,0.732684455341189,0.57393046463951,14.2269083124996,303.488668291193,0.177771430039337,2.9541752450603,1.6561155947285,0.146973575981289,0.105809912234988,0.0638420462668743,0.0650931840620617,0.0828051718362984,0.56360461170871,0.418954994500022
"SSA_00232",4.89526445415681,0.0294946986145378,0.105600826511048,0.0167383848936996,0.231228334522892,6.81555848200191,0.0568061997451399,0.427782058878088,0.161447322260952,0.193655876047111,7.45171384593654,0.923220479609201,0.0462352463413103,0.0375818254367804,0.166935075395206,0.142437623611634,0.0918706337044864,0.0955406752899969,0.0711884671975265,0.0934927307129809,0.760715118359496,0.697398454110191,17.5613387489593,226.606081020796,0.207026116428001,2.91598456764392,1.67190249235916,0.149166573144539,0.0702454791971975,0.0698129978097647,0.056954917552131,0.0890074837451091,0.533419225167554,0.532533544165071
"SSA_00233",4.58264001991736,0.0271805414168892,0.0877314571086432,0.0151542443344044,0.220496326041369,7.06452369909458,0.069526031303788,0.431833461644097,0.161212972625174,0.188481322075905,4.76038391368575,0.823057314719273,0.056764610320388,0.0358798481677732,0.174781474101858,0.111192857590056,0.110007358979646,0.083560785327448,0.066859051778073,0.0970910267035325,0.765839078024079,0.646840523068941,13.2002139092233,240.43143470282,0.164250232739689,3.01339387094618,1.67299148298666,0.108247790770559,0.0848893847374217,0.0719837806800308,0.0595637694014532,0.100761140987879,0.546787403710586,0.451702326068349
"SSA_00234",5.56639917429951,0.028966457196907,0.0913770819442413,0.0145593143483072,0.204696610835915,6.73612664425752,0.0592188633402648,0.505677523204982,0.135333063775341,0.185250608151997,4.48027506434573,0.839669003908605,0.0423221475381304,0.036521141140312,0.141652919483272,0.109504791077132,0.10054685210931,0.0882557892629119,0.0823139920773516,0.0845855407479259,0.690705758603916,0.663570150282258,17.2305201438072,235.747431967118,0.177029871496788,2.91084673828429,1.65844575377388,0.135286701018486,0.101987698662062,0.068336716932979,0.0623068949898931,0.0888495251861562,0.528562474837858,0.46954168971947
"SSA_00236",4.55788091405614,0.0303401000709888,0.0788530723481007,0.0185110135897735,0.241470680853543,5.10817671925834,0.0381499333635461,0.422575515181257,0.174301294843978,0.161049436793717,4.93550383262063,0.748861044147969,0.0593502947552877,0.0350887102066609,0.143575136590827,0.112116336708574,0.11601677986867,0.0772281189526648,0.0731502234628801,0.119092716718664,0.640859771745096,0.549831205103618,17.0060130652307,268.168013041278,0.160227916216022,3.18205054774096,1.65663430990433,0.111819773440161,0.089865598834409,0.0676917915656307,0.0641767590728663,0.0856439887643829,0.54389797967235,0.655033074440169
"SSA_00237",4.65660004750988,0.0298903239407722,0.0866315092390144,0.0157874156949349,0.247440885987342,7.07591110756565,0.0660641694526761,0.451471211083716,0.180420232448251,0.162077684564923,5.90209753178477,0.885126881939614,0.0539089562962292,0.0372843281842487,0.161390418056269,0.107905806477016,0.120992282757274,0.0854313279928632,0.0719934276384587,0.0957222055882695,0.718485970448682,0.62211838568531,12.43605257112,259.715132722279,0.16535501799646,2.92741761664111,1.77056592555338,0.15328706884544,0.107705242158083,0.0745742421995729,0.0614851009013193,0.0932334588221398,0.524053051020419,0.456476124439921
"SSA_00242",4.55554676467999,0.0298926639172983,0.104177003794112,0.014275002467984,0.216716193075251,6.38827033514024,0.0529342240699828,0.492646224040255,0.165243439183623,0.127475137822307,3.64260521527013,0.611554927319546,0.0411670775820878,0.0298988055108862,0.13985106542175,0.145132767077297,0.0668795875798046,0.0880662117873316,0.0687231657416359,0.0932193886172578,0.648994436436607,0.537655809858241,12.4132888270828,241.864336877708,0.184171306279108,3.06526208312109,1.73382677137966,0.160186998294875,0.0848118281068954,0.0544038771140047,0.0603894754050951,0.0898278634667029,0.505012212755739,0.451088750054813
"SSA_00243",3.65155667132361,0.0296264694526805,0.088345491637485,0.0148485276652863,0.196808130761888,6.98779319105576,0.0518278028939558,0.549272586447849,0.18940663426005,0.132914479993549,6.53071882028827,0.924548672303436,0.0551455806927808,0.0348273928058107,0.148296441159536,0.155500354542643,0.0919489151501854,0.0852933036535742,0.082657645069502,0.0875139976532483,0.645225831618972,0.594073909934119,14.9569726844838,256.552279245622,0.164698026958901,2.83854516732365,1.71295881804998,0.153532782808747,0.101714986529761,0.0671315776693387,0.0598915334059707,0.100213088641873,0.531166409321347,0.63559161741631
"SSA_00244",4.46804995906978,0.0286142348919762,0.103503313476918,0.0129075691288931,0.220169495965579,7.40402648711681,0.0612030278417191,0.49283543851894,0.19160738645166,0.146333771025309,5.78330398762834,0.658011131463618,0.0558282223083661,0.0300940668194748,0.140018950651657,0.146026474271288,0.0973041501708135,0.0881297818902652,0.0737104852571342,0.0824551621615347,0.587524388449291,0.474642102062574,13.9282778661767,261.625999399971,0.152295541913587,3.05257509363942,1.98449006971201,0.153084190510061,0.0965286277865843,0.0579847175674944,0.0478015257985089,0.079991721322236,0.612563052749324,0.524524340496635
"SSA_00245",3.2063720329795,0.0246725617613133,0.115682404595467,0.0169732602021206,0.237532525439888,6.63751618405752,0.0477485762826655,0.510049843139479,0.164776566344507,0.0942275496056679,5.91419839894771,0.58983996498509,0.0516238746789566,0.0378500061623557,0.14756101450604,0.117636672775201,0.0695796112879109,0.0988153033635812,0.0871349882120834,0.0900806029142345,0.649804743553192,0.406029866477501,13.1217848844759,215.333649150122,0.174343947029357,2.91022199520963,1.59234185606236,0.140153045509021,0.0637271365621744,0.0593946901864697,0.0625459707521162,0.0813789648223953,0.615114040041233,0.508452672508747
"SSA_00246",4.38708555346077,0.0276429207667621,0.113486370817221,0.0113066818387745,0.200993208212514,6.7610319677457,0.0626040441968898,0.500553708032326,0.161996491674838,0.171797795683605,6.23343326527521,0.800460549293112,0.049440662152676,0.0360824212175,0.156575524203178,0.110715884657269,0.0895422323610582,0.0949461388116733,0.0784570835992795,0.0819352461104293,0.653561100258984,0.562388428396997,14.4389906158498,224.778892416741,0.175476254870542,3.11355004066238,1.6908670597581,0.138761613109896,0.121449741340464,0.061438735158273,0.0613054104033731,0.0843170228479545,0.516295672049718,0.518598469206383
"SSA_00247",3.75591510111449,0.0299192014845382,0.103231412334907,0.0138528726573051,0.259174896789719,5.99394037510855,0.0508484792160406,0.502495310227542,0.172053372054669,0.138287289191727,5.60445800970067,0.635191785033759,0.051979754455158,0.0305150931559723,0.145644043196209,0.119935717609714,0.085198890146,0.0858660629640773,0.0802843609208093,0.0932279101742242,0.599335873945635,0.498864530093807,13.7575304221327,250.806636801293,0.174493438047368,3.0740344724022,1.80309087577247,0.124615431015534,0.105430765470465,0.0531777156263948,0.0586743097954298,0.0840775392408346,0.559302381482704,0.532241321587211
"SSA_00248",4.98101571271132,0.0293680843141452,0.117988524220476,0.0124969969268927,0.241544859113583,7.81046168562619,0.06038471079465,0.568599600493109,0.157442629038816,0.187832163349806,6.54017608116295,0.732957813721554,0.0390058968888997,0.0341254645418984,0.170180629501415,0.129629324886844,0.102707341325074,0.0901738884597177,0.0650801271097908,0.0716593186717627,0.744720953183517,0.56104437864884,16.9393129255151,218.690682457232,0.164980978699709,2.9019721854135,1.91357268820548,0.166334331150549,0.1228513677766,0.0506948579522213,0.0588091026783284,0.0761751663162998,0.559202301959752,0.434395631882995
"SSA_00249",3.70618293619989,0.028199877298594,0.106312982581661,0.0152546326850191,0.230784320071176,6.35897312366289,0.0507337179027339,0.501445756977624,0.198446619503932,0.141533032528221,6.25078256888115,0.61251134260547,0.0615681790229067,0.0320070843068512,0.128866136698234,0.137992121210162,0.107945227737768,0.0917289510447843,0.0839936084250757,0.0898470256518463,0.551377291600917,0.433933644799362,14.2965214309403,241.44817909961,0.150153362533411,3.07192225471596,1.9787394391052,0.137205873189385,0.111295106182727,0.0493929280988397,0.0403560554509419,0.0784885025452624,0.549598444699876,0.549037175647435
"SSA_00250",5.01994444654075,0.0251107360733436,0.100707662858907,0.0123638928726538,0.207058421219718,7.35782664730071,0.0599346506845299,0.482168820571924,0.180794625141953,0.181616504824647,6.96970824280442,0.868086920779983,0.0442171505932117,0.0392646650650865,0.181073344811511,0.139936747057167,0.0918473485527175,0.101039930441114,0.0744006683891058,0.0761171297135136,0.786535695812549,0.500930627056192,14.437552930913,222.67427406015,0.171361445873369,2.67086473596143,1.93793050052515,0.1840641683925,0.114632721061111,0.0454985298432185,0.0472521218429703,0.0849998195063796,0.508909321695197,0.389282495980079
"SSA_00252",5.05303813686608,0.0274612371227013,0.121260357000631,0.0175753822736944,0.259898657242655,6.6040193270354,0.0625861829018172,0.549675180616075,0.174751064445541,0.149784243693545,5.56523220175653,0.723751581095676,0.0492512949380369,0.0319651972364224,0.156248721019117,0.0986091186033898,0.119742066295732,0.10410247870668,0.0705678883216192,0.0893303997501504,0.651974771462363,0.524882491431776,14.4649096371166,232.230582693932,0.15686624163142,3.00839457117247,1.86536657256493,0.165585948651387,0.0801059588206659,0.0627322426647479,0.0633856705726654,0.0867967582317309,0.65179191206633,0.428529255803402
"SSA_00253",4.31720781260219,0.0289397951662591,0.107727234135529,0.0150029279280924,0.262399747225724,7.13360024054521,0.0614200026559324,0.47912220194175,0.182848623149435,0.155951896579459,6.96523252050146,0.774706309358774,0.0445049669801879,0.0325532248113711,0.16231319063449,0.135778894724091,0.0920226674311958,0.0892250653207344,0.0747908160001486,0.089484317197378,0.684370654795491,0.56402866748186,14.1507755748551,245.100853656983,0.16678093823825,2.80513368732944,1.79421252560404,0.167510563021573,0.107825456343294,0.0610028820065354,0.0704823591146209,0.0889769998278532,0.562107125539127,0.512811146921035
"SSA_00255",3.66992731482206,0.0353835304031623,0.107564298527614,0.0157847870693369,0.232606473548141,6.85693242946113,0.0620893044845477,0.453772055342986,0.173593251596103,0.164731235217503,5.34075976484386,0.852913354521742,0.0525711728200869,0.0359734330263358,0.16634985727178,0.110136680306483,0.0828522189064015,0.098991822782815,0.0862242316361218,0.115958284474424,0.647409178884568,0.595904539332827,11.072097627078,253.143111131261,0.183809543193443,3.08099317504378,1.66665634508089,0.124201026165222,0.090333730393166,0.0572371763673577,0.067984488558079,0.0882666053791887,0.583588488339228,0.530207668163429
"SSA_00256",4.49389299334459,0.0288162666005476,0.0962947582700513,0.0157935054378347,0.234658174309955,6.83778338128541,0.0580583073731087,0.460871250500977,0.14938819470657,0.155918253799528,5.86868452622205,0.771510429469455,0.0488025982281389,0.0380222294447083,0.171705726683613,0.116147773984741,0.0852020921404318,0.0885457020324628,0.0742314847704209,0.0865189360722551,0.790163477676007,0.637455414571067,12.7456278778527,269.791632604193,0.160968606542678,3.06320692084615,1.58874428231553,0.129223831019573,0.0971824055360174,0.0541790788982863,0.0614720658856532,0.0868247242049724,0.519949294606656,0.502442191119761
"SSA_00257",5.25115770193053,0.0310405138230332,0.0840803480197791,0.0169252390433677,0.23491253959908,7.49754210143346,0.0579283621476461,0.518076331381185,0.164868039697889,0.115998115857621,6.61885573684983,0.82617713195071,0.0572827529266287,0.0303865569315591,0.151695935795337,0.0822138106047106,0.111512399183049,0.102081850311958,0.0799958197133332,0.0909101200731258,0.844671225362673,0.599993357103336,11.1316004786991,243.425298914966,0.17454275760601,3.16208809643156,1.75703139936067,0.139882811272463,0.103155084050455,0.0673064961757696,0.0666598150770883,0.107116667292019,0.627808869098727,0.527551361323372
"SSA_00258",5.09087656359483,0.0284683413180763,0.0752368255205842,0.0134860063362933,0.250622518384248,7.14163308711658,0.054541829198232,0.465208883642752,0.178653342462193,0.146840922310817,6.11612574562576,0.694508857627348,0.055340495730987,0.0314453001341899,0.143692094388777,0.0672879351746067,0.0845636397454816,0.108633030240154,0.068681835629063,0.0850161988648759,0.861026877141947,0.565849018987271,10.204209760095,254.041504590282,0.180166622300328,2.91855928909907,1.84054469397527,0.156014253235377,0.0870015367409918,0.0676740415429214,0.0650083031585835,0.109890792013437,0.671382614903426,0.490869257303247
"SSA_00259",5.26557717562346,0.0291047478737383,0.0939193865259289,0.0134155786001072,0.231403128163485,5.96579792166345,0.0508745128219826,0.443143019997922,0.155679701092484,0.186095330974564,7.33248160148422,0.94357034905355,0.0548247092908981,0.0452970141361538,0.172669059777152,0.143327809601494,0.100066507682308,0.0791316371600484,0.0689691193711667,0.0871405715430271,0.686213474847139,0.587069167964454,14.5203529138645,281.157044396213,0.170967949361581,2.92857596752799,1.55876536022336,0.136019709162624,0.0953457287431077,0.0692662519833977,0.0610473537704149,0.0861786203006987,0.531381741613895,0.372797139633294
"SSA_00261",4.45991540092567,0.0326613614125967,0.107711592706912,0.0135530255028315,0.241262236809013,8.13561553731217,0.0575903011373734,0.51179103331011,0.162150921374673,0.131821200371365,4.32060457655917,0.771470964201342,0.0461533817222242,0.033760022473705,0.127656379522862,0.0983773427344083,0.106056938386177,0.0936717456814776,0.0774670798015519,0.0938514739450536,0.784589596014679,0.555151482356833,10.7442427264345,220.337504258928,0.164761312451624,3.23968326391686,1.90877470224698,0.178706204791659,0.116982063505433,0.0577128918998464,0.0739532002589984,0.0846691980630771,0.591528217167364,0.449950303078902
"SSA_00263",4.76907758843538,0.0302652331916257,0.0952656801018689,0.0152484131435132,0.229080340537317,6.50555812376964,0.057118292289022,0.457071435564756,0.152302658842731,0.16722420061125,5.28910775419055,0.845091721536369,0.0516862373730112,0.035063936044632,0.156885193395634,0.117256562818649,0.105416098319447,0.0912063750685235,0.0784435605936466,0.0939586687804677,0.611210675552504,0.583855419437036,13.0423277998405,259.96327085781,0.169751952561941,2.97786111513805,1.67838811464333,0.127919787031303,0.119665420290786,0.0663534056015038,0.0698255041192659,0.0901619342610749,0.533598478062607,0.485463789251408
"SSA_00264",6.30206208278769,0.0266821170958661,0.0907873476822222,0.0130175848671045,0.181059638211375,4.29960876550462,0.080527301231161,0.42731429183475,0.139172137995568,0.159018867302943,4.15428069712342,0.789382397487573,0.0742501304002884,0.0500714818619859,0.162564254086262,0.0487913689012126,0.133330262773779,0.0876778942868077,0.0806790234814395,0.109347441417099,0.612929844257178,0.619324327847792,13.9643357765119,186.268202412719,0.147361317338246,3.06412181739442,1.61828766099021,0.130849282166345,0.0930201453952076,0.0626613402450574,0.0590130028393041,0.0680887309475507,0.497008457958686,0.536197969133794
"SSA_00265",4.2895854954907,0.0260684587674825,0.110245747079284,0.0128161037741966,0.19824641910397,6.07820656521605,0.0593178349731709,0.577719005992021,0.139110716809951,0.182218326040863,7.00252520750623,0.785316869104984,0.0456671742208802,0.0404845835328676,0.166237754149867,0.0928956816635453,0.0666296591094947,0.105982306650487,0.0892197109066555,0.0675107712796312,0.779452008494392,0.581588981821744,12.6977826573448,223.655400862956,0.164959472113719,2.78212289152829,1.68286066065379,0.148656590851188,0.0623631973335734,0.0695062943323845,0.063515737984875,0.116755454062225,0.52154794745986,0.38478653891846
"SSA_00266",4.07072278241099,0.0316032710787611,0.106476095617773,0.0140653775972948,0.218483761146352,7.45269721999737,0.0550526542966705,0.508548556031516,0.165108711949318,0.150174311692303,4.5528753198309,0.65557965142877,0.0478143615453489,0.033148561484165,0.151529949300338,0.131465855161744,0.10035721722763,0.0921952731103646,0.0827806683869418,0.102970115165949,0.618778955933495,0.565357526138243,12.1587887194416,257.899681881519,0.175347385945171,3.10023280741659,1.6845849002227,0.139343328925745,0.0920822832556351,0.0663604667930657,0.0669182223861208,0.0990173588816866,0.58900281736032,0.553630229835692
"SSA_00267",4.77282053940142,0.0246116866290667,0.105223901769647,0.0129894809202228,0.21261042872285,7.08005788789377,0.0540255241283913,0.430803552795198,0.1917163829509,0.165455555478432,8.50134246639336,0.923789394723895,0.0474541699261252,0.0444467334203219,0.17597362963537,0.139286274462016,0.109348286612556,0.101237632040536,0.0820465628086225,0.091747330761063,0.589532982200338,0.434047052902419,15.0187636355575,265.986018141832,0.166089294064461,2.74622827003645,1.84153361776785,0.156295869675668,0.101928380749292,0.0616257715655873,0.0620728548700177,0.0882859978840189,0.522676614987591,0.548170787611179
"SSA_00268",5.72179182838948,0.0313684691333768,0.0896757985416833,0.0161234612927828,0.247850222855834,4.84664658873154,0.0623618234587626,0.420515087438574,0.148181756593663,0.170050242043081,4.9113710825876,0.751256389920487,0.0451122454098227,0.0391636901824474,0.168503810124773,0.14011156351502,0.0914431606361823,0.0818298674572931,0.0846599527211491,0.0969165874278591,0.680915169032117,0.638266362414229,17.3528108969209,253.761002700847,0.174639233753571,2.94486795818258,1.89179933313863,0.133074297790051,0.0963175546587617,0.0554536681907184,0.055872009225884,0.0863417383085802,0.484524291396963,0.471578371107336
"SSA_00269",3.83608395175719,0.0249770408529689,0.130112678284082,0.0138574636625686,0.18089928762671,6.75282016786888,0.0445800449831567,0.539990107609889,0.184265678197291,0.177123439754308,6.79568833341815,0.895339043960926,0.034640879987542,0.036210463643578,0.159499089281679,0.131226638015409,0.0761886246849744,0.10250185507767,0.08211858635876,0.0708812604745803,0.753262949028379,0.395342391548615,15.9548243458101,275.933713403513,0.151760810170356,2.74324212346205,1.87095484750369,0.149910026083356,0.0940703661047033,0.0625650301549395,0.048112517766869,0.0924032609371711,0.465995265884155,0.438878828074148
"SSA_00272",4.16004581616605,0.027114510849116,0.0914149297886966,0.0131192516741504,0.201587423522799,5.97735684750311,0.0634999035507582,0.429005394601851,0.13543169955491,0.157962191841172,6.72361635317634,0.787759910510064,0.0586973323825682,0.0340848132588885,0.173535902855322,0.083288626728179,0.116783046786272,0.0724649285564742,0.0864306456467219,0.0991395837488216,0.598877746051229,0.508866641858172,12.7872033104839,251.565250212086,0.161867357942208,2.99565698784641,1.65835027378067,0.106781146207634,0.0983836579264555,0.0650508360171085,0.0529066086418177,0.0892742526884692,0.474465000634809,0.623009149843098
"SSA_00273",4.26823263281723,0.0265604813009624,0.0926129843006236,0.0116584762692287,0.208225970366552,4.92259776344052,0.0482569295994831,0.475049642606896,0.192792661602962,0.115390646866074,7.16465292447721,0.787834654460625,0.0496085666229428,0.034150927698401,0.16231787351445,0.138135404600597,0.0958595782107171,0.0953596547177839,0.075028083804651,0.0850794462301916,0.741672337819565,0.514216373154399,13.1326081564672,257.897635133142,0.173665864154106,2.74090426374834,1.86267051923791,0.162826199051293,0.0605975824979591,0.0742508847759998,0.0701233361945704,0.0973848096617739,0.576303538956536,0.495511143118183
"SSA_00274",3.21543541437864,0.0247358077247255,0.114130412395139,0.0128915097247644,0.208241490404288,6.10073498582177,0.0635088868190484,0.48484509708721,0.183820901975401,0.173185996052636,4.80639166467284,0.822777831474321,0.0458200842974821,0.0391863869146274,0.169156403557709,0.086701507321168,0.0900298867475539,0.101645971179861,0.0421592149446097,0.0818834891478814,0.729703027399037,0.56035185141127,10.7982119581785,251.239592740439,0.152469774842268,3.04402763953804,1.64694829799439,0.130246131319068,0.0992177415705842,0.0704576724431523,0.0536252554994159,0.0933007123741781,0.523452647002724,0.596180618385097
"SSA_00276",3.648539880331,0.0278920300265203,0.123692918575478,0.0145142590293779,0.199764963378783,5.23552039586993,0.0650907376627009,0.467754662943188,0.178011655954497,0.194006510472967,5.77301642990778,0.836616495639342,0.0476026785781749,0.0448577952437376,0.165399691868255,0.126867042766747,0.10879309759373,0.102265200649974,0.06086991916796,0.0949831991162124,0.525509061191168,0.599148262573433,13.7435372914591,258.432107704513,0.149860381296378,2.98320741890219,1.7347025451144,0.155062864206114,0.109814253196936,0.0739523917705732,0.0475281549846564,0.0934876565508913,0.431426139082858,0.503509998199499
"SSA_00277",4.52404467965675,0.0275584953403977,0.097335330373798,0.0124429901219089,0.218445783640058,6.49177120069471,0.0583561521967928,0.493868835978923,0.17887535195692,0.152276383876935,6.22959223589652,0.797213925177728,0.045213881298016,0.0423325333061231,0.178666435161625,0.141874736636669,0.0948038198630138,0.101215745111083,0.0775682742018149,0.0821950594534182,0.642606366396816,0.551475074295451,13.4055818334108,245.986758550439,0.166975119195827,2.83679860548278,1.78066749839296,0.161496581061633,0.114881576736471,0.0581248123014831,0.0643841485178108,0.0876361447248071,0.547568841231805,0.548936725472358
"SSA_00278",3.25910134421068,0.0268934263405044,0.120127408166874,0.0118305695810868,0.189956319732347,7.82903442134646,0.061965532467543,0.502917635566722,0.183755659327835,0.17882035475504,7.10188414652963,0.797472456409744,0.055217805024625,0.0346717521607318,0.189312127312415,0.114289662746766,0.0719168547006649,0.0914942326842736,0.0734510395458667,0.0683807822303591,0.881498539721383,0.626577398337436,14.798770134596,231.474173251798,0.178718587756565,2.7714706163335,1.5766635963142,0.137331140050063,0.0693515906977084,0.0729113263948348,0.0528013951467131,0.0885944831554276,0.625623568803542,0.464964023944423
"SSA_00280",3.76716350885532,0.0273734841362068,0.119620100162734,0.0153430785559291,0.239494054479698,7.07177341621251,0.0529170197412539,0.39419188321344,0.171471684700995,0.136495271090677,5.03932828862242,0.904610150572699,0.0511240555213809,0.0375911250918819,0.142450590399513,0.131063129046769,0.11239273166224,0.0969162580712138,0.0651401138661339,0.10876898974653,0.802309928483204,0.589054324180767,11.5236592812585,279.753538661164,0.187518400609211,3.01232057169894,1.43072534648707,0.116453413506265,0.0839306897582947,0.0821330976689926,0.06997047740908,0.0932718570341228,0.536624472859305,0.550649097188646
"SSA_00281",4.44808925432335,0.0300772120254873,0.0889302046606504,0.0150259839626105,0.253505725305468,6.50953626433753,0.0569308155498789,0.444339051495041,0.166244110972384,0.154934559192131,6.3598958394157,0.839966917514676,0.0461803185531619,0.0339331663026742,0.170758268066155,0.117571854826726,0.100041784503039,0.0843487862521683,0.0829762558444867,0.103026564839955,0.729275548910184,0.575864520849608,13.7391594252538,255.136886719216,0.168078394857003,2.94244579502448,1.65434391233997,0.118683941228288,0.113821781916848,0.0698387102088504,0.0776514245126071,0.0897910730054638,0.558379778722239,0.589625687026363
"SSA_00282",4.62851503272246,0.027112810037322,0.0995946459841941,0.0170746118066784,0.247909573223159,5.95862651395784,0.053909339554709,0.454568677744881,0.154757876665382,0.156067075737401,5.61354796098613,0.71856720701286,0.0530178500856154,0.039049106870218,0.146546237456481,0.128675415887364,0.0804829972201184,0.103854448987382,0.113495010310709,0.0874225813710165,0.72916533130969,0.615384159049033,17.4155440946915,212.385980851227,0.187588960035087,2.87012995810227,1.63491844292306,0.137405411411079,0.0800652427207724,0.0534585303283641,0.0628504343381471,0.0995973387337049,0.459513338412719,0.535966594923922
"SSA_00283",5.40915655839455,0.0287221984497147,0.0880443499480043,0.012633011730516,0.234113830920714,6.19145963850353,0.0572032057948424,0.50782470937978,0.166512909670124,0.139225902252522,5.40652808543968,0.708686238447435,0.0528702481441953,0.0370145679598728,0.154552584941886,0.101228385820628,0.0988111239648586,0.0828015234813089,0.0788029818982736,0.0933328315995978,0.687037941706928,0.57294463742974,13.667255799754,242.095594963945,0.177524187154634,2.95647111946013,1.74323675575168,0.147405254819862,0.0999930237304832,0.0615233533851921,0.0676347342066109,0.0988893593549492,0.496461503347506,0.510448540597443
"SSA_00284",5.43945789536397,0.0248261413254746,0.112056264011733,0.0131393303037245,0.279372417838072,7.44902816070015,0.0463885521000573,0.49725012091036,0.191332972848917,0.176502445389066,7.19570581261536,0.7812084678339,0.0318146580556785,0.0369767670994866,0.188146575521117,0.153629088775214,0.0581985502849662,0.111912952166378,0.072192470317861,0.0810141665951446,0.740682231450679,0.383723294150915,16.8963615134236,253.834711282551,0.178092413102112,2.8020116343992,1.71509625863642,0.148483315512587,0.1037290225488,0.0685127318262146,0.0662597008735022,0.0873252067510583,0.58640307363511,0.549003987155024
"SSA_00285",4.69822621959609,0.0286526821603074,0.117720479865897,0.0137885101699667,0.255828046507304,6.92461128454413,0.058130943583732,0.470090786501261,0.16814578682969,0.17725159768035,5.6475574755841,0.796822574296603,0.0453604985910012,0.0376257086040203,0.163791952538266,0.125507506669748,0.0925980540412429,0.0889741337981193,0.0712029305519829,0.0911141958407506,0.746928791698356,0.580223892802046,13.5980057085194,277.343629835579,0.155340085714693,3.04638767043195,1.69513042848896,0.134396222562392,0.0943851740346191,0.0654278141689877,0.0664758533759279,0.0805946265354217,0.555461837495926,0.479184460571016
"SSA_00287",4.58034517333594,0.0279260533117116,0.110385081864145,0.0177841375959914,0.231550770187763,7.21732847957824,0.0624936954591289,0.45604097997022,0.1803879568605,0.157683955160838,4.45017645094651,0.706940361422123,0.0401417968554741,0.0281007480051646,0.150076723776217,0.154397381577627,0.0821686411285486,0.0913429323350762,0.0711729060694119,0.0874099265957629,0.830124846663234,0.597355763355565,14.3305544832598,275.404747017846,0.168492643897714,2.8455653525621,1.83287619067088,0.17043934010366,0.11144147773273,0.0528966916750152,0.0572448705314269,0.0914973354355223,0.512242197508301,0.415237693966758
"SSA_00288",3.20405303627293,0.029200982140259,0.135218166770396,0.0145444970465997,0.22864404779414,6.29508044044175,0.0549452544847527,0.577045314243733,0.164652236412574,0.205219266999619,4.963879449072,0.86740336883727,0.0445815411366049,0.0362438946383507,0.132074662314944,0.0849416573803493,0.0922855238388716,0.102809255611559,0.0837305025314932,0.087573320370956,0.53876213968454,0.535897720920779,15.8864748535835,194.483259543917,0.160297913063528,2.95961603802329,1.8379168697444,0.148604480135627,0.0880880891615332,0.055017434797055,0.0692433589183639,0.0831820317148704,0.60946668592038,0.480734827468372
"SSA_00289",4.11665898729178,0.0254056207182437,0.116819039589907,0.0217836736340576,0.272650355108883,7.4410483828182,0.0449114829710233,0.487371149127135,0.183875764620663,0.151899166604756,5.88612455069592,0.735683823581859,0.0426333342291321,0.0343070816856867,0.124963272081167,0.163607766133956,0.0774662719846888,0.0930155532796832,0.070863430995153,0.101883890021032,0.697269520508066,0.439698864681531,12.0807218598776,272.348245683977,0.187644101398492,2.85111893989061,1.84366126930098,0.159741069961493,0.0804189133757094,0.0678109207919124,0.0551934460527831,0.0926848926136522,0.571643068776516,0.426144275258919
"SSA_00290",3.77778470229722,0.0314780882342193,0.106186383316847,0.0182017882489691,0.253390519835294,7.50833880565449,0.0631552608192351,0.485902475579273,0.160799460237016,0.208258560829383,6.05098103617483,0.917792353282742,0.0408957065491451,0.0347894363396052,0.185731222441579,0.0825835813075341,0.0898590414974672,0.0883565398439061,0.0808359242552355,0.0911066834921254,0.777767739779293,0.622803797772461,13.6225725288557,259.32114218431,0.166086682256049,2.80128841457218,1.66388838666691,0.150783091689404,0.10265525436722,0.0489974814930826,0.0445860629902608,0.0887118195054549,0.427295956109297,0.298975903407613
"SSA_00291",5.26110736474507,0.0304526763157948,0.102784043860869,0.0140954055363757,0.256110560901407,5.93207902187022,0.0649834054898125,0.477835309218425,0.161605965899666,0.145486128657262,3.9705815485998,0.713474016014059,0.0513794335020612,0.0338649519268171,0.146675206241325,0.0763871950398267,0.107529838923245,0.100232376185735,0.0682579111868755,0.0978647079491046,0.618982957131338,0.546217868006381,10.8996670251983,253.088246027603,0.17227870034716,3.13613813741833,1.67987795920053,0.142294858151285,0.0755501763812195,0.0587083559845384,0.0687896455601079,0.0891857598725514,0.65179364103409,0.478620838378098
"SSA_00292",4.97813376467065,0.0281796923556142,0.115475219567972,0.0164461815860573,0.217325405117865,7.15528044006586,0.0601446072347648,0.477166428831608,0.162214970591731,0.179093342026848,6.20237532097345,0.87361912316727,0.0403669686110378,0.0343050254014655,0.14598214246327,0.176517621286751,0.0898919234175318,0.0967000593452176,0.0804196637340883,0.0880290100805993,0.750251557001796,0.508434498704671,17.3084234051163,280.264814824111,0.181635805241338,2.90536924964951,1.88438127198283,0.160104296066213,0.0981490456772685,0.0554646377133295,0.0574080388403347,0.0941748036044603,0.554822271831903,0.435948623637684
"SSA_00293",5.51952167631348,0.0257016071060029,0.10135734096891,0.0135353611857266,0.22650185876721,6.54371040849131,0.0646176338153213,0.362142387035989,0.192963904356355,0.173103941556105,8.31579602080048,0.899583970277969,0.0506866159301241,0.0405452493950893,0.201361715508168,0.161189017196735,0.0889144611338377,0.0873895784680058,0.0679720231964123,0.0935306657843602,0.597973384968656,0.523700985817869,14.3940647623127,261.990489804093,0.163980604407091,2.76468729349389,1.89219268440394,0.180565176262605,0.0924476703549645,0.0498843204191989,0.0599777090929577,0.0771130206781666,0.536535459414352,0.575130909343195
"SSA_00294",5.26041229628632,0.0289463023924067,0.0862935488389872,0.0131969558824846,0.22343466216219,7.12675817550169,0.057712961363118,0.440975582903772,0.173250607297014,0.159276490724691,8.03517132720726,0.857854363135025,0.0543807978005091,0.039101533410638,0.205054533315681,0.105247754266092,0.105662642472139,0.0828381379787038,0.0740269148980165,0.0744346574938369,0.84704846268393,0.588939581820392,9.86196159283499,234.601819513538,0.172235170231316,2.8077230691945,1.60242816868752,0.147215773964697,0.110213919526288,0.0518513273155613,0.0623534535071846,0.0885789550119925,0.535392547920693,0.499954539566934
"SSA_00295",4.60023364529508,0.0288184115597855,0.0974661672439447,0.0135324253614086,0.245457936142373,6.05558333191193,0.0533984656261806,0.479111485299817,0.186480485373794,0.149417358119062,6.86730360531694,0.886461034553333,0.0505211139034655,0.0366137688821435,0.13268627963499,0.160651952925192,0.0857525202745625,0.078891102797531,0.0609489161613782,0.0893573878964603,0.640109754295688,0.570639094909405,14.6676981584518,258.832139372287,0.158291853045944,3.00592150849913,1.76458727422458,0.14013646949941,0.125911734572736,0.0593730854365592,0.062085242452244,0.0718963183391152,0.540178455943466,0.512510656063936
"SSA_00296",4.51975709837361,0.0302087052517922,0.100890596564941,0.0169903718724938,0.2358730000331,6.04191835242161,0.0533915264540584,0.516237814526942,0.158435281908686,0.146511736098948,6.39250920031332,0.801190531385182,0.0482135459273027,0.0364465756774034,0.157835328159163,0.12494214694037,0.0987146956571545,0.0973481831667271,0.0715756858641211,0.0944903524940615,0.666594490908652,0.565263017277471,14.6443836041239,239.210564823675,0.165707732510365,3.01883497223542,1.6668447272526,0.1309454014038,0.100060170342462,0.0608843036252106,0.057494576800685,0.0911515575529009,0.551732107765912,0.544829542757765
"SSA_00297",4.54320579482327,0.0251602385700054,0.096836694604412,0.0122077695627267,0.234761992028089,7.41692197203699,0.0567947543890793,0.374432827722601,0.183659062222619,0.134133155781275,6.56203763735771,0.776467034135962,0.0528274903316874,0.0340367126278867,0.16190325419575,0.129268991817198,0.102067287456913,0.0919101386165576,0.0819256795404964,0.102338742858776,0.622482848168672,0.426545543758902,11.0569161245263,288.031455274006,0.164146474149295,2.96115603931401,1.7896990840472,0.171040957793856,0.106127757104679,0.0729346673654887,0.0653382827794137,0.0799629140324198,0.541454334502004,0.46278052048597
"SSA_00298",5.28338220038097,0.0233604834512185,0.0737627380902254,0.0136584125470728,0.265660331554322,5.81228268256221,0.0541035783688757,0.355801569778389,0.147383270488545,0.155923939256842,7.36648009575388,0.898392341091538,0.0538508480139486,0.0417488895100817,0.211516419083063,0.135476030752761,0.105583881575204,0.0779644769494122,0.0626691004008476,0.116524897083216,0.748206455514863,0.542270552770553,14.7499713939643,263.974124665587,0.16785687181952,2.98559417807966,1.70819358222599,0.128531019057868,0.0726568528618253,0.0833353993067661,0.0836218658493881,0.119363358982975,0.549266852190671,0.693611920900149
"SSA_00300",5.05062936378344,0.0271141806075586,0.0995006623679677,0.0118489729271699,0.236688224930783,6.98568694092728,0.0580024636084583,0.444944340086006,0.165659187097848,0.146929212562126,6.11550803871174,0.811212924936737,0.0514047769749494,0.0377787019721652,0.17415976940745,0.114689702076235,0.105942496620111,0.0900959797600519,0.0652781214770908,0.0815721195137529,0.736634316257728,0.548758197716059,13.8108826475467,293.44388136677,0.155491639515226,2.90248000269707,1.6445640036085,0.141480792940489,0.101006455094427,0.0693553006287612,0.0711428538277819,0.0900415209974488,0.54455309066312,0.509452469744174
"SSA_00301",5.51639237571732,0.0331390168168944,0.109224563137686,0.0149132685628261,0.212856801719801,7.22321248960187,0.0609795281016673,0.510740015749713,0.151099967531776,0.172429201935046,6.76051450901626,0.799577118626374,0.0453673121476886,0.0423913909841804,0.174485802068843,0.116341285911068,0.113594703879951,0.100173452819796,0.0892276126929084,0.081369717368067,0.727882022318135,0.586947653072404,13.5677059632602,252.603958099923,0.176515126792593,3.02309119300729,1.6145115960926,0.146273056662316,0.10137363026144,0.0570612850441492,0.0638351975136788,0.0955084657991148,0.552823039930622,0.476461450079175
"SSA_00302",5.14935274399379,0.0258438818800023,0.112970232566908,0.0134151196969275,0.210851051195727,7.33697648942148,0.0588212100358751,0.476428774359718,0.186836375202102,0.145521501112603,6.55250799301841,0.770138677581522,0.0419572342301617,0.0411488475139591,0.172913150595969,0.175630196716368,0.0763222039728721,0.0813983743077028,0.0677580579421449,0.0872952563262089,0.59758275499748,0.468346050271819,14.9094405783832,274.170045798064,0.147589785215191,2.75616744167696,1.82913496668001,0.139839357062255,0.102260844283036,0.0574230926901098,0.0571317249502083,0.0903069355106427,0.580594222802288,0.503574965742875
"SSA_00303",5.02682212132555,0.0292972580583492,0.105872338086529,0.0147937415327885,0.239408449627012,7.24097761502334,0.058173920939068,0.486335623237565,0.163177543854126,0.168613163957057,6.49241446364333,0.845864528861772,0.0487271211612114,0.0322468897997641,0.169544391918331,0.140859818908792,0.0933421066610926,0.0922845871222591,0.0825973350000862,0.0920394299564434,0.729458100153532,0.608395687664469,16.1667123339406,239.480108778087,0.18140407229526,2.86568188559945,1.71387629015292,0.129423816672934,0.100949694101335,0.0655360882775522,0.0658853656377549,0.0969290738359209,0.588753667422849,0.549047488214467
"SSA_00305",3.86091200291683,0.025574546541683,0.115777210005867,0.0137788546785059,0.191361003883293,7.86262470095317,0.0572245666912583,0.489841494723832,0.186154411909496,0.168694222103854,5.37046294287544,0.739104146893343,0.0390305399507308,0.0335863881891209,0.184346306455498,0.137184167430635,0.0660388711067438,0.0926723425026395,0.0944944803489942,0.094803303127418,0.673444339483943,0.468420597229011,13.4240609489093,282.484830153928,0.185276826388311,2.74777022409277,1.55986154355811,0.134506475612303,0.0813435795735877,0.0651670636880897,0.0524257923684092,0.0962984227166521,0.508475267547593,0.378524582813363
"SSA_00306",4.46270744058152,0.0270892964610075,0.101329436745622,0.0163292023994839,0.20586759264146,6.11420838798177,0.0540672838242127,0.533453098043267,0.138375909106655,0.204354600952754,8.69408450111928,0.871829680651203,0.0464554897247402,0.0356196238837196,0.16809303038803,0.1130148758893,0.067076486740249,0.095860092662811,0.0761811747631222,0.0915499346499369,0.727172567248091,0.528331226215969,17.0821702066222,264.232515555217,0.167286552503469,2.80670973900439,1.83539299096002,0.136743740905853,0.0913735648993514,0.0623724270170002,0.0470247713386749,0.0936086399086507,0.472270678681186,0.439873838967689
"SSA_00307",4.02238138333042,0.0240825677581196,0.106668123865977,0.0144631116811953,0.212067901709059,5.19033969696103,0.054763306626471,0.483005886470033,0.160014692975796,0.142380394990777,7.33134416863154,0.808686480705386,0.0560727297286313,0.0384908154871538,0.207608265109191,0.106676697748084,0.0878670914711285,0.0854831995374658,0.0562326096738112,0.0936531644414094,0.762859703438926,0.58383356644594,11.3928350377835,221.908223185457,0.166591553469675,2.93681524072604,1.65878387693469,0.121060507167463,0.0797601990450391,0.0627139248778098,0.0567491471090444,0.0843053637364581,0.548690542832407,0.511317241202183
"SSA_00308",4.43575992632674,0.024460028068619,0.0968095458113201,0.0149987786562214,0.219746374146994,5.08525126679216,0.0695445847985954,0.357716764536249,0.180772048286737,0.132965878979418,12.5785499023784,0.718583491095467,0.0541730439731455,0.0395819321124738,0.261323348705197,0.163385556607093,0.0708098013399892,0.122483399751752,0.0714938545966922,0.0847474129636884,0.787705981100181,0.556345780071516,12.8313361727733,275.487017794674,0.149363217828591,2.75090126218358,1.54533104147047,0.122885192961473,0.0814358700079121,0.064131963046114,0.0573785662268983,0.0736803450111441,0.462419701533504,0.444523475650612
"SSA_00309",5.00670793757514,0.0326844853300489,0.103898876586249,0.0153006708618162,0.241190329088825,4.22590567038563,0.0468484296276268,0.495590074325544,0.152072391956426,0.122061634131655,3.93296569869853,0.731029503954192,0.0398211135319954,0.0417593284123224,0.185170155434753,0.0978279903732649,0.0661038186233848,0.0862087808612517,0.078655736982168,0.0977475756097197,0.840348804423251,0.654707930386318,13.2867482100911,206.823921907739,0.185997298739171,2.98180148739027,1.4465473733267,0.143880993790137,0.0829155183749828,0.0552350810033598,0.0699192726037181,0.0807412181571,0.4003098948798,0.405246885867835
"SSA_00310",5.25333904122193,0.0283164600558712,0.102272114151359,0.0139469621399205,0.21904845746786,6.69476379501431,0.0599128391740549,0.522048103760707,0.141487359345737,0.123159520035669,4.56636286145023,0.593833045259414,0.041867673441634,0.0420528528285116,0.150053567599691,0.112203853690869,0.0697648365257546,0.104952110562194,0.0873966980164695,0.0857579336826736,0.770633333774697,0.54803990045376,11.5196860214316,232.53462215684,0.180247853243685,3.12821112104984,1.51894098505193,0.137190627104099,0.0764321148200535,0.0442376746326036,0.0663666077440095,0.107666585829274,0.414370724413721,0.388603639884312
"SSA_00311",4.4123455634919,0.0247112109701127,0.105860213726466,0.012002824441626,0.20041938912495,5.84115908940185,0.0611693957774894,0.428153999466098,0.188063561868164,0.167850581425235,6.20154368129152,0.802517401619273,0.0468587026725605,0.0438587430844153,0.172473345849197,0.130818010398176,0.0781971553500427,0.104107056197455,0.0545094987393466,0.0832446928434594,0.604758576935389,0.576380437363915,12.4697094865841,234.12639734682,0.179500025607478,2.6790344183458,1.7401183951415,0.164379053171435,0.0889886012649364,0.0622660702536044,0.0540690035497227,0.0675743401524692,0.508779074483957,0.450030467067848
"SSA_00313",4.7973120780561,0.0300158230497434,0.0894896202253848,0.0133713288211309,0.208287377981938,6.3594922138857,0.055645087615989,0.544508054487884,0.176549845343226,0.14207688194353,4.9700222219139,0.753298135743972,0.0516160708107335,0.0431605394820405,0.111671954683965,0.130242929020081,0.0962271016843704,0.0752029767632954,0.0803956799093371,0.0945881264299364,0.577800943946691,0.570977099124371,12.258163140619,273.487828834012,0.160631788933163,3.11667972146681,1.72722251404685,0.157496247963561,0.098365644592532,0.0685600583364277,0.0523539913544761,0.109936645662606,0.561394096257502,0.458584994519942
"SSA_00314",3.94878699159861,0.027869466618971,0.11713034592736,0.0145595060941442,0.245901265769807,6.85639277808745,0.0645735426574848,0.494396351288691,0.155475386486545,0.178999842546023,6.54753897456343,0.77781549492577,0.0387651385669503,0.0332503489845718,0.146576579348286,0.150802310145759,0.0738136811386906,0.108980261111208,0.0895615385946142,0.0810750858069721,0.593232975150225,0.581230012106474,15.3661750302416,230.680392883568,0.15834322186527,2.85049070028037,1.73578769433502,0.130714480679717,0.117850552821964,0.055255292607311,0.051013078875449,0.0820051402245714,0.496626925010592,0.505723955878639
"SSA_00316",4.82456869322434,0.0296100947220167,0.12412271704366,0.012273794093978,0.20375784790636,7.71307265596567,0.0668499438942995,0.479857909592794,0.174069887371979,0.178273120983388,5.88622273701642,0.680644368554931,0.0518055941751192,0.0365307103882967,0.174397417191651,0.0705425855560722,0.0886760361191157,0.0974869964024317,0.0807718179887846,0.0987266736714347,0.587418605219272,0.579792845141533,11.5486925398093,230.282917504777,0.157092280160342,3.05767108777428,1.72581895532269,0.125956842256806,0.109888776363691,0.0565258212940814,0.0490066002079164,0.0848494957636968,0.532162022940962,0.469299563552082
"SSA_00317",3.8662683397835,0.0314494600889444,0.093801618587182,0.0131089109356357,0.210961280023975,5.77626533001202,0.0574128221555227,0.495942213593751,0.168275324030528,0.159194226456337,5.14943865656001,0.931860592458311,0.0453270612377793,0.0359837019313214,0.171765443394853,0.105031296675196,0.080837947469277,0.0999112277695232,0.0655453462913273,0.097030820931333,0.734573559482035,0.596384562121479,13.0299174219827,236.049413078835,0.17483182059308,3.20119334624976,1.66522986989873,0.144143611932223,0.0984897262861167,0.0690140232499675,0.0688995601210839,0.0919200016186177,0.575644241655064,0.607035995879688
"SSA_00318",4.98185697116345,0.0260817004371955,0.101736316407967,0.0159842218078397,0.215800627593412,6.16148708478128,0.0520930054408177,0.447712619648516,0.167669838105131,0.140547891159776,7.67047929888292,0.891477684602402,0.0588385323484226,0.0384870890807545,0.17383404741596,0.163818124487806,0.113621808884487,0.0781286709359743,0.0698697630487128,0.0875904891589077,0.711426276055143,0.58823696279711,17.4442613521621,250.724067460766,0.172657125551563,2.72449919842374,1.74297970242881,0.160560979334729,0.0953730809796083,0.0684619739204493,0.0584681237958075,0.0783871697704873,0.556383886036405,0.517876127523528
"SSA_00337",5.21473625998932,0.0314136253918711,0.0938972638455676,0.0147797678408357,0.218757187538181,5.38177085605982,0.0573726988726279,0.465142586039146,0.141387543128355,0.181997478484703,4.1751447167099,0.914179307397876,0.0506382290912031,0.0337956680759564,0.114962140455098,0.108514778375033,0.0971169363002208,0.0788168996995348,0.0828691790271027,0.0968537829902387,0.671666672681349,0.661694559233196,16.0089679371052,249.860593227433,0.174338321372329,3.09265717611611,1.83468523621557,0.135539549235267,0.110587726601239,0.0642813466987029,0.0652980657681048,0.0824830946161513,0.564113118349771,0.510916714110082
"SSA_00339",4.49215010423939,0.0264317170409064,0.0879831288034886,0.0129911224683172,0.246009056524864,5.9940539919225,0.0462045177222212,0.392830861190159,0.185577475321883,0.141783538542228,6.63156633527246,0.833087885572709,0.0492824502345637,0.0408447375186764,0.160593614966828,0.136644068695347,0.109431621849441,0.0757972969839769,0.0597416718169248,0.0856631445871463,0.846389376707754,0.543600875621082,15.5163863764412,246.815915579091,0.165305114766202,3.00694892933973,1.78953477356694,0.156963493913949,0.101258263944897,0.0630212665050222,0.0702361419235014,0.0870050045178906,0.519311477982684,0.69065248239041
"SSA_00341",6.15819982898775,0.0314080811926596,0.078914895437984,0.0148635796229205,0.233940603380861,7.79458815077188,0.0572133436067601,0.451859791021943,0.16402065932997,0.145971346068332,4.69732128767037,0.835581588381224,0.0513905813562296,0.0312892456020021,0.144475514659117,0.0871803575459043,0.114344741719947,0.0832555318291407,0.0869095348418583,0.108965175949522,0.656899246801597,0.570872625786842,11.181286840405,293.750432305291,0.183746933090756,3.13951524107319,1.69968337921912,0.15151655662558,0.116511906980913,0.0700557095108854,0.0691550160783528,0.105451666986647,0.632924434221704,0.493857180961013
"SSA_00343",5.20492447093179,0.02973189815547,0.0754335522546683,0.0129500042401645,0.229770393704948,5.4476603575108,0.0403068107133009,0.486483289030403,0.167890238659342,0.154564904603401,6.0104828050349,0.671741528172589,0.0449518503429399,0.0405554210884536,0.162839455134607,0.1187396518057,0.0995198886642572,0.0867227673206004,0.0650796270068983,0.0794054070517936,0.747981810469466,0.59826115160327,13.094657898628,239.794429825653,0.192792345669042,2.95648368844306,1.73806160397442,0.163497154233387,0.0977470865374177,0.0606999031894722,0.0653062212884471,0.0996676215297805,0.519250113637711,0.482204597624641
"SSA_00346",5.73607402033727,0.0295520995308343,0.0724279986456412,0.0129501639269842,0.25453307470575,5.70688518022938,0.052302735515654,0.492385912782028,0.155416895745927,0.107245397676302,5.56848955109806,0.778155834848506,0.047383554914603,0.0347621605175005,0.145961944572477,0.0560090117975997,0.104548076723915,0.0868933092948882,0.0836128373696202,0.082038124655077,0.792391011618261,0.505833215633214,11.4187709398885,234.608664160382,0.180390514050526,3.2146010817272,1.63737867110094,0.121451930703052,0.0922450543504551,0.0627574028182028,0.0747153863545076,0.102343211044136,0.657945160041569,0.607211884996567
"SSA_00353",3.50794011605735,0.0234010634005227,0.0861119765567576,0.0121182198722308,0.213221976317774,7.77336356224996,0.0537440100785099,0.373285375082933,0.179214740462473,0.129804580583768,9.16936747377367,0.763850727833876,0.0394229801031772,0.0378454946462971,0.17262126469218,0.146856690228293,0.0611401225499171,0.0795370138316644,0.0900486586741872,0.0746702102886549,0.75621367082014,0.50185955498971,14.8801494244187,316.998513913381,0.177596506841318,2.66803400904439,1.58973015779246,0.130251027547403,0.0852557274152359,0.076885497000489,0.0626427032441244,0.0823003840009738,0.499109228422629,0.453664229075398
"SSA_00354",5.10688033962414,0.0276430420769522,0.0878060301266941,0.0140035698538274,0.196665998662164,6.37454252666647,0.0568086399033234,0.475248942072147,0.17782576820362,0.132319116964486,6.65615658112293,0.752372811526601,0.0522023838020148,0.0356091457112257,0.159892650224326,0.138974953612208,0.105287201170617,0.0927464637912101,0.089053313985606,0.0969461230757263,0.614759435861533,0.538104275153832,14.5719884824501,240.170343081507,0.157818407133095,2.93997968326682,1.79355188697843,0.122043486484736,0.0839032879976995,0.0664256916485444,0.0523308914958177,0.0839351074665337,0.531565438410934,0.524028865399542
"SSA_00366",4.6967972984808,0.0281375508082244,0.0830542906013541,0.0146584888324759,0.234591784628185,6.02275940222074,0.0526055856854834,0.452700772672283,0.170196053562621,0.174433313341243,6.66149203811986,0.859490136393162,0.0520870123160408,0.0381918765498576,0.164491826789483,0.0867653225387015,0.0865994890972089,0.0900484330701866,0.0649074768285197,0.0865080901754282,0.815491691337408,0.632313172902779,17.1698250684271,237.209721621884,0.186284571013057,3.04790277189323,1.81815011524611,0.128595876389921,0.117370842027558,0.0554700179856094,0.0510422818193514,0.0894315027434697,0.488688345973271,0.474129778772771
"SSA_00369",2.82442268033885,0.0333331892195749,0.113163869213891,0.0143623897529924,0.222424440305296,8.27064147013346,0.0622214969792069,0.450201250294942,0.16151287270084,0.212566061982952,8.23422687785947,0.950861407144334,0.0403313192047606,0.037251557270055,0.194375002478354,0.104679235854441,0.0772473793941776,0.101313131506128,0.0967080230772892,0.0966759664424738,0.717249397946867,0.599595025733024,15.6369454629986,239.196854481864,0.186979506731668,2.73662688761327,1.67061460003528,0.131366164056857,0.0948827924103326,0.0662246419061377,0.0670184622336677,0.0841374322834768,0.590688130826831,0.546921698282851
"SSA_00376",NA,NA,NA,NA,NA,NA,NA,NA,NA,NA,NA,NA,NA,NA,NA,NA,NA,NA,NA,NA,NA,NA,NA,NA,NA,NA,NA,NA,NA,NA,NA,NA,NA,NA
"SSA_00380",5.23843508163461,0.0312987041565772,0.0947597944406382,0.0195563967300042,0.264025914421236,7.41992238133962,0.0475148114734642,0.430856178578326,0.155940176809793,0.160441528715827,6.08378550028011,0.649058656630493,0.050599619874891,0.0348775192872882,0.158520882929293,0.115744888624119,0.10297623031828,0.0921157362087708,0.0923524384355712,0.0992149299953877,0.752306930919147,0.556210737407162,14.4763833167526,267.174930957959,0.181835762345557,3.09435483641351,1.65653265757065,0.123256602962853,0.0950823970717672,0.0606742091341129,0.0598290270227862,0.0836836726874565,0.552846111197727,0.493315914285299
"SSA_00386",5.73350498081767,0.0313305292752119,0.0694454310134321,0.0133413289370991,0.246910742140143,5.28128482436357,0.0560982496442024,0.415463656891939,0.172156694930243,0.120715306656884,5.8865572928489,0.767994269570608,0.0551642218849485,0.0303726302633881,0.14604849746969,0.109972289318088,0.104354224137195,0.0958938501484576,0.0899344917877726,0.106404392017995,0.651657338641306,0.54748417956317,10.660299399254,294.542275864471,0.165155014885848,3.21921556531291,1.8221821468131,0.1145694146043,0.118941255662952,0.0663058587711856,0.0660815819596235,0.105102648491625,0.65533204089914,0.47352031014358
"SSA_00395",5.00839761469355,0.0294480838015043,0.0814762918472293,0.0137701519522114,0.206472328793968,5.34538320379333,0.053705646961934,0.48040402577039,0.168753243645131,0.144126101539808,6.61690462736812,0.752883316892139,0.0512214461654509,0.036376249701083,0.176133453624113,0.119923667594197,0.0996160515309204,0.098783514334125,0.0978253655866425,0.0868222160635622,0.71273460271723,0.574139927543043,14.8616755318696,236.659479951841,0.154707745789114,2.98140298777276,1.68637399560428,0.142990604020846,0.112702001124584,0.0629055331850228,0.0482186590425122,0.102955463442847,0.494515894345139,0.44623472925703
"SSA_00403",6.35134218999675,0.0264414743954863,0.0980616380465556,0.0125123954496131,0.272158614453689,6.1172743333621,0.0660039070351461,0.384467998150797,0.162445674872183,0.187095196385491,5.18036241159573,0.840965405073827,0.0495730772133617,0.0404130298986522,0.154930281356707,0.141092312535049,0.0826609915866199,0.0835269738165928,0.0766591077720656,0.0921540178504842,0.665309500943963,0.582258415229453,17.2066147529163,275.810397135637,0.167575676844095,3.07955430309383,1.7413943696278,0.141501621319371,0.100229149025691,0.0592562704461844,0.0651299828555965,0.0945396264282145,0.491367839140483,0.6066419614192
"SSA_00032",4.71976150948621,0.0257166617508952,0.0964161904198449,0.0109572385780388,0.152491550655567,7.62604122252915,0.0660809658722258,0.520731707266583,0.138172645168644,0.125089905217492,6.33022670253463,0.679135613586628,0.0495010442270763,0.0401874682802605,0.154569589015466,0.0594803963847987,0.0833737748263068,0.0937271528907477,0.0713463371984585,0.0831822580619824,0.726351164403751,0.495310567527031,9.62281157090291,239.868631539584,0.161997423078866,3.2050760178843,1.49037042908405,0.106104017259701,0.0850416233831754,0.0749977279949483,0.0601892818842991,0.102219418027775,0.578455295987126,0.470066977799236
"SSA_00069",4.66813551601949,0.0297649896366312,0.115922474358062,0.0116779563201291,0.219080197819738,5.94004387343474,0.0528233665183302,0.471594387391233,0.178339953822824,0.164572721735916,3.83048120628012,0.780370655600982,0.0450869022845708,0.0336202518677684,0.144285258945465,0.1453413104608,0.102273189661094,0.0933740035052954,0.0728487860450187,0.0903638541598431,0.656342495729672,0.561003676368568,13.0907264185074,272.451538530414,0.172174787379255,3.02474142314526,1.70595065058156,0.138120260003337,0.103137439277166,0.0636890727746772,0.0690338690590425,0.0937628294198106,0.554650958381068,0.599786582484372
"SSA_00117",3.8294956446219,0.0285907055267296,0.0974630324672715,0.0149823732924781,0.213784671531141,7.48389318646012,0.0614461315899761,0.491185034413471,0.169447838374008,0.163997006702409,8.21510757848255,0.779268108040595,0.0514041643868394,0.0360024445927486,0.190531353028147,0.0807642615958362,0.0714612967971614,0.100065327567772,0.0774912454036387,0.0870468500845353,0.830080876429018,0.577477611371972,13.5281555789758,253.469317660177,0.163694101847212,2.78288847272724,1.68146131774108,0.111069959316063,0.0995428928396823,0.0576973195330135,0.0520742673538983,0.0974853183697347,0.595214798107913,0.447357185596616
"SSA_00225",5.1004439041266,0.028147372055899,0.10211553950794,0.0138250454397808,0.221724527677926,5.84735927055323,0.0615155746840149,0.504084038368523,0.141926580734043,0.1925608757513,5.90280436963496,0.688945012043104,0.0594785170410621,0.0435208744815258,0.127186565347176,0.1130685716177,0.101214760642835,0.0782343798354351,0.0718802987692722,0.0893296318821306,0.702856688680477,0.569745489176033,17.5843511987517,207.410407986579,0.163831464254167,3.28182081569728,1.81864487088799,0.100554458602229,0.091253638326557,0.0637694514667664,0.0550630390716677,0.0728289423056982,0.590969825541767,0.495455485872847
"SSA_00315",4.91926049154621,0.0305292714054647,0.102894833679577,0.0142272900448065,0.210018197005511,8.33310045052162,0.0646888327445773,0.488639896438474,0.173736660470695,0.149745452818641,3.63996226682687,0.700590065571392,0.0446058609779255,0.0331581415217401,0.14452918589253,0.103320716124782,0.0927930874853967,0.0999462482185127,0.102284181858342,0.071452212061311,0.713566200526407,0.624288953987626,13.6949825761238,257.170247197929,0.174978662090814,2.93852685684973,1.6788458660766,0.175822156419265,0.109922583871949,0.0536690009681289,0.0562971112831294,0.0957904334753445,0.507517843329838,0.416348786882769
"SSA_00338",4.918502884494,0.0321646695863174,0.0830052920206817,0.0123891642575743,0.223139826056849,5.91359571012631,0.059695851843257,0.483100605426649,0.16481390050391,0.166493812455297,4.74824445232138,0.94907900688658,0.0445229105294644,0.0332723256399936,0.130960092574274,0.159568920028455,0.0901241398039883,0.0889349783057178,0.0721347289822791,0.0947477060018312,0.558040369618751,0.61531103747868,13.76426515688,268.41757892279,0.17640139801269,3.145511918049,1.84033891337574,0.141222775613849,0.110165461691574,0.0688495033825683,0.0550357524764501,0.096157036178369,0.536172460763374,0.516813333462967
"SSA_00344",4.0509214307658,0.0314831461331018,0.114727822345084,0.0128616952094985,0.181375228070904,5.18853005188422,0.0602530005132636,0.49876492144516,0.177042316858414,0.151042158824077,5.71998910678562,0.823023797405364,0.0462152904353783,0.0424135717306018,0.151548483366443,0.109110312008494,0.0764727252979001,0.107785292127867,0.0779059309370768,0.0898012926959316,0.560790060859812,0.530511989802327,11.8072052660074,235.583605698781,0.168394256596168,3.16075550944805,1.52352619054589,0.132492487254722,0.101980850424421,0.0716799352215064,0.0496918448028136,0.0786203571455541,0.493583092439387,0.55374214810963
