,Environment,Genotype Variance,Residual Variance,Heritability,
PAR_1800,,,,,
,2021,35.8830309370459,43.8720799591269,0.620608916196507,
,2022,26.5536052383395,51.1726374826606,0.509275871761784,
,2023,24.632241335627,51.1735619024242,0.490496234572898,
,,,,,
